"sample","when","hour","decimalDate","stringDate","T_10ft","T_140ft","T_soil","hum_10ft","hum_140ft","precip","pressure","order"
1,2017-09-10 07:15:00,0.25,253.01,"Sun Sep 10 2017",18.65,21.61,21.91,53.97,28,0,868,1
1,2017-09-10 07:30:00,0.5,253.021,"Sun Sep 10 2017",18.97,21.49,21.91,52.6,27.9,0,868,2
1,2017-09-10 07:45:00,0.75,253.031,"Sun Sep 10 2017",19.04,21.49,21.9,51.87,27.32,0,868,3
1,2017-09-10 08:00:00,1,253.042,"Sun Sep 10 2017",19.08,21.57,21.89,50.82,27.84,0,868,4
1,2017-09-10 08:15:00,1.25,253.052,"Sun Sep 10 2017",18.98,21.44,21.89,51.59,28.6,0,868,5
1,2017-09-10 08:30:00,1.5,253.062,"Sun Sep 10 2017",19.14,21.59,21.88,51.32,28.77,0,869,6
1,2017-09-10 08:45:00,1.75,253.073,"Sun Sep 10 2017",18.98,21.22,21.86,52.32,30.03,0,869,7
1,2017-09-10 09:00:00,2,253.083,"Sun Sep 10 2017",18.59,20.96,21.85,55.25,31.47,0,869,8
1,2017-09-10 09:15:00,2.25,253.094,"Sun Sep 10 2017",18.05,21,21.85,58.61,31.62,0,868,9
1,2017-09-10 09:30:00,2.5,253.104,"Sun Sep 10 2017",17.72,20.68,21.84,60.34,33.09,0,868,10
1,2017-09-10 09:45:00,2.75,253.115,"Sun Sep 10 2017",17.57,20,21.83,62.31,35.1,0,868,11
1,2017-09-10 10:00:00,3,253.125,"Sun Sep 10 2017",17.16,19.82,21.81,64.65,35.67,0,868,12
1,2017-09-10 10:15:00,3.25,253.135,"Sun Sep 10 2017",17.12,20.06,21.8,64.57,34.93,0,868,13
1,2017-09-10 10:30:00,3.5,253.146,"Sun Sep 10 2017",17.16,19.94,21.78,64.44,35.08,0,868,14
1,2017-09-10 10:45:00,3.75,253.156,"Sun Sep 10 2017",17.27,20.05,21.77,62.86,34.33,0,868,15
1,2017-09-10 11:00:00,4,253.167,"Sun Sep 10 2017",17.46,20.23,21.76,60.77,33.63,0,868,16
1,2017-09-10 11:15:00,4.25,253.177,"Sun Sep 10 2017",17.72,19.98,21.74,59.94,34.31,0,868,17
1,2017-09-10 11:30:00,4.5,253.188,"Sun Sep 10 2017",17.84,19.89,21.73,59.18,34.4,0,869,18
1,2017-09-10 11:45:00,4.75,253.198,"Sun Sep 10 2017",17.96,20.28,21.71,58.36,33.06,0,869,19
1,2017-09-10 12:00:00,5,253.208,"Sun Sep 10 2017",18.19,20.81,21.7,57.09,31.8,0,869,20
1,2017-09-10 12:15:00,5.25,253.219,"Sun Sep 10 2017",18.35,20.98,21.68,56.43,31.33,0,869,21
1,2017-09-10 12:30:00,5.5,253.229,"Sun Sep 10 2017",18.61,21.07,21.65,55.59,31.15,0,869,22
1,2017-09-10 12:45:00,5.75,253.24,"Sun Sep 10 2017",18.64,20.79,21.64,55.65,31.72,0,869,23
1,2017-09-10 13:00:00,6,253.25,"Sun Sep 10 2017",18.3,20.39,21.62,56.71,32.64,0,869,24
1,2017-09-10 13:15:00,6.25,253.26,"Sun Sep 10 2017",18.05,20.12,21.61,58.51,33.73,0,869,25
1,2017-09-10 13:30:00,6.5,253.271,"Sun Sep 10 2017",17.34,19.88,21.59,64.42,34.57,0,869,26
1,2017-09-10 13:45:00,6.75,253.281,"Sun Sep 10 2017",16.75,20.02,21.57,69.01,33.92,0,869,27
1,2017-09-10 14:00:00,7,253.292,"Sun Sep 10 2017",16.44,19.91,21.55,70.9,34.34,0,869,28
1,2017-09-10 14:15:00,7.25,253.302,"Sun Sep 10 2017",16.57,20.47,21.54,70.3,33.14,0,869,29
1,2017-09-10 14:30:00,7.5,253.312,"Sun Sep 10 2017",17.83,21.5,21.52,67.11,32.04,0,869,30
1,2017-09-10 14:45:00,7.75,253.323,"Sun Sep 10 2017",19.16,21.72,21.5,65.01,32.46,0,869,31
1,2017-09-10 15:00:00,8,253.333,"Sun Sep 10 2017",20.12,22.22,21.48,64.43,31.7,0,869,32
1,2017-09-10 15:15:00,8.25,253.344,"Sun Sep 10 2017",22.64,22.91,21.45,57.57,31.78,0,869,33
1,2017-09-10 15:30:00,8.5,253.354,"Sun Sep 10 2017",23.48,23.45,21.43,55.41,31.04,0,869,34
1,2017-09-10 15:45:00,8.75,253.365,"Sun Sep 10 2017",23.18,24.23,21.42,56.73,30.44,0,869,35
1,2017-09-10 16:00:00,9,253.375,"Sun Sep 10 2017",23.65,24.78,21.4,52.76,30.29,0,869,36
1,2017-09-10 16:15:00,9.25,253.385,"Sun Sep 10 2017",24.77,25.02,21.38,52.18,30.98,0,870,37
1,2017-09-10 16:30:00,9.5,253.396,"Sun Sep 10 2017",24.07,23.89,21.37,54.17,32.06,0,870,38
1,2017-09-10 16:45:00,9.75,253.406,"Sun Sep 10 2017",24.04,23.99,21.34,52.82,30.93,0,869,39
1,2017-09-10 17:00:00,10,253.417,"Sun Sep 10 2017",24.33,24.3,21.33,52.77,31.56,0,869,40
1,2017-09-10 17:15:00,10.25,253.427,"Sun Sep 10 2017",25.1,24.52,21.31,48.65,30.39,0,869,41
1,2017-09-10 17:30:00,10.5,253.438,"Sun Sep 10 2017",26.53,24.63,21.3,45.83,30.57,0,869,42
1,2017-09-10 17:45:00,10.75,253.448,"Sun Sep 10 2017",27.32,24.84,21.28,44.81,31.07,0,869,43
1,2017-09-10 18:00:00,11,253.458,"Sun Sep 10 2017",27.89,25.1,21.27,45.39,31.84,0,869,44
1,2017-09-10 18:15:00,11.25,253.469,"Sun Sep 10 2017",28.15,25.02,21.25,44.52,31.67,0,869,45
1,2017-09-10 18:30:00,11.5,253.479,"Sun Sep 10 2017",28.28,25.41,21.25,45.53,31.43,0,869,46
1,2017-09-10 18:45:00,11.75,253.49,"Sun Sep 10 2017",28.45,25.61,21.22,44.68,31.19,0,869,47
1,2017-09-10 19:00:00,12,253.5,"Sun Sep 10 2017",28.8,25.87,21.23,43.23,30.33,0,869,48
1,2017-09-10 19:15:00,12.25,253.51,"Sun Sep 10 2017",29.02,26.06,21.26,44.75,31.29,0,868,49
1,2017-09-10 19:30:00,12.5,253.521,"Sun Sep 10 2017",29.1,26.1,21.21,44.84,31.86,0,868,50
1,2017-09-10 19:45:00,12.75,253.531,"Sun Sep 10 2017",29.25,26,21.2,44.45,31.96,0,868,51
1,2017-09-10 20:00:00,13,253.542,"Sun Sep 10 2017",28.61,25.9,21.2,44.46,31.58,0,868,52
1,2017-09-10 20:15:00,13.25,253.552,"Sun Sep 10 2017",28.76,26.23,21.21,44.83,31.34,0,868,53
1,2017-09-10 20:30:00,13.5,253.562,"Sun Sep 10 2017",29,26.13,21.21,45.22,32.19,0,868,54
1,2017-09-10 20:45:00,13.75,253.573,"Sun Sep 10 2017",28.67,26.26,21.23,44.87,31.65,0,868,55
1,2017-09-10 21:00:00,14,253.583,"Sun Sep 10 2017",28.75,26.08,21.23,45.21,31.36,0,868,56
1,2017-09-10 21:15:00,14.25,253.594,"Sun Sep 10 2017",28.7,26.48,21.22,45.56,31.14,0,868,57
1,2017-09-10 21:30:00,14.5,253.604,"Sun Sep 10 2017",29.2,26.63,21.25,45.14,31.64,0,868,58
1,2017-09-10 21:45:00,14.75,253.615,"Sun Sep 10 2017",29,26.72,21.28,43.82,30.15,0,868,59
1,2017-09-10 22:00:00,15,253.625,"Sun Sep 10 2017",29,26.91,21.29,44.28,30.33,0,868,60
1,2017-09-10 22:15:00,15.25,253.635,"Sun Sep 10 2017",28.46,26.56,21.34,46.37,31.11,0,868,61
1,2017-09-10 22:30:00,15.5,253.646,"Sun Sep 10 2017",27.91,26.51,21.33,46.99,31.27,0,868,62
1,2017-09-10 22:45:00,15.75,253.656,"Sun Sep 10 2017",26.86,26.35,21.35,50.45,31.89,0,867,63
1,2017-09-10 23:00:00,16,253.667,"Sun Sep 10 2017",26.41,26.73,21.38,51.99,31.62,0,867,64
1,2017-09-10 23:15:00,16.25,253.677,"Sun Sep 10 2017",25.99,26.43,21.43,54.18,32.4,0,867,65
1,2017-09-10 23:30:00,16.5,253.688,"Sun Sep 10 2017",25.41,26.08,21.44,54.63,32,0,867,66
1,2017-09-10 23:45:00,16.75,253.698,"Sun Sep 10 2017",25.04,26.1,21.47,55.31,32.58,0,867,67
1,2017-09-11,17,253.708,"Sun Sep 10 2017",24.71,25.91,21.51,56.13,33.16,0,867,68
1,2017-09-11 00:15:00,17.25,253.719,"Sun Sep 10 2017",24.35,25.79,21.53,57.83,32.86,0,867,69
1,2017-09-11 00:30:00,17.5,253.729,"Sun Sep 10 2017",24.09,25.55,21.57,57.77,33.44,0,868,70
1,2017-09-11 00:45:00,17.75,253.74,"Sun Sep 10 2017",23.61,25.18,21.6,60.05,34.77,0,868,71
1,2017-09-11 01:00:00,18,253.75,"Sun Sep 10 2017",23.14,24.72,21.63,61.12,35.64,0,868,72
1,2017-09-11 01:15:00,18.25,253.76,"Sun Sep 10 2017",22.62,24.35,21.66,62.68,36.49,0,868,73
1,2017-09-11 01:30:00,18.5,253.771,"Sun Sep 10 2017",22.03,23.92,21.69,64.57,37.88,0,868,74
1,2017-09-11 01:45:00,18.75,253.781,"Sun Sep 10 2017",21.85,24.01,21.72,63.39,35.93,0,868,75
1,2017-09-11 02:00:00,19,253.792,"Sun Sep 10 2017",21.94,24.08,21.76,60.32,35.12,0,868,76
1,2017-09-11 02:15:00,19.25,253.802,"Sun Sep 10 2017",22.18,23.8,21.79,59.3,36.12,0,868,77
1,2017-09-11 02:30:00,19.5,253.812,"Sun Sep 10 2017",22.27,23.81,21.82,59.14,36.08,0,868,78
1,2017-09-11 02:45:00,19.75,253.823,"Sun Sep 10 2017",22.22,23.87,21.84,59.04,35.97,0,868,79
1,2017-09-11 03:00:00,20,253.833,"Sun Sep 10 2017",22.12,23.84,21.86,59.7,36.25,0,868,80
1,2017-09-11 03:15:00,20.25,253.844,"Sun Sep 10 2017",21.92,23.87,21.89,60.6,36.27,0,868,81
1,2017-09-11 03:30:00,20.5,253.854,"Sun Sep 10 2017",21.81,23.92,21.91,60.93,36.01,0,868,82
1,2017-09-11 03:45:00,20.75,253.865,"Sun Sep 10 2017",21.78,23.83,21.93,60.97,36.17,0,868,83
1,2017-09-11 04:00:00,21,253.875,"Sun Sep 10 2017",21.77,24,21.95,61.05,35.58,0,868,84
1,2017-09-11 04:15:00,21.25,253.885,"Sun Sep 10 2017",21.79,24.04,21.96,60.98,35.53,0,868,85
1,2017-09-11 04:30:00,21.5,253.896,"Sun Sep 10 2017",21.83,24.76,21.98,60.86,30.69,0,867,86
1,2017-09-11 04:45:00,21.75,253.906,"Sun Sep 10 2017",21.48,24.77,21.99,61.52,28.19,0,867,87
1,2017-09-11 05:00:00,22,253.917,"Sun Sep 10 2017",21.21,24.17,22.01,58.84,29.17,0,867,88
1,2017-09-11 05:15:00,22.25,253.927,"Sun Sep 10 2017",20.91,24.01,22.02,57.93,29.26,0,867,89
1,2017-09-11 05:30:00,22.5,253.938,"Sun Sep 10 2017",20.77,24.1,22.03,56.91,28.65,0,867,90
1,2017-09-11 05:45:00,22.75,253.948,"Sun Sep 10 2017",21.47,24.63,22.03,52.61,26.99,0,867,91
1,2017-09-11 06:00:00,23,253.958,"Sun Sep 10 2017",22.02,25.41,22.04,50.29,25.02,0,867,92
1,2017-09-11 06:15:00,23.25,253.969,"Sun Sep 10 2017",22.49,25.75,22.04,47.86,24.05,0,867,93
1,2017-09-11 06:30:00,23.5,253.979,"Sun Sep 10 2017",22.86,25.75,22.05,46.2,23.72,0,867,94
1,2017-09-11 06:45:00,23.75,253.99,"Sun Sep 10 2017",23.24,25.88,22.05,44.5,23.29,0,867,95
1,2017-09-11 07:00:00,0,254,"Mon Sep 11 2017",23.5,25.96,22.05,43.57,22.89,0,867,96
2,2017-09-11 07:15:00,0.25,254.01,"Mon Sep 11 2017",23.5,26.03,22.05,43.07,22.74,0,867,97
2,2017-09-11 07:30:00,0.5,254.021,"Mon Sep 11 2017",23.42,25.83,22.05,43.28,23.1,0,867,98
2,2017-09-11 07:45:00,0.75,254.031,"Mon Sep 11 2017",22.99,25.63,22.05,45.17,23.65,0,867,99
2,2017-09-11 08:00:00,1,254.042,"Mon Sep 11 2017",22.14,25.41,22.04,48.09,24.06,0,867,100
2,2017-09-11 08:15:00,1.25,254.052,"Mon Sep 11 2017",22.01,25.29,22.04,47.86,24.31,0,867,101
2,2017-09-11 08:30:00,1.5,254.062,"Mon Sep 11 2017",22.08,24.92,22.03,47.62,25.05,0,867,102
2,2017-09-11 08:45:00,1.75,254.073,"Mon Sep 11 2017",22.15,24.93,22.03,47.37,24.89,0,867,103
2,2017-09-11 09:00:00,2,254.083,"Mon Sep 11 2017",21.88,24.98,22.03,48.35,24.78,0,867,104
2,2017-09-11 09:15:00,2.25,254.094,"Mon Sep 11 2017",21.55,25.05,22.02,50.24,24.58,0,867,105
2,2017-09-11 09:30:00,2.5,254.104,"Mon Sep 11 2017",21.45,24.75,22.01,49.45,25.02,0,867,106
2,2017-09-11 09:45:00,2.75,254.115,"Mon Sep 11 2017",21.57,24.72,22,48.7,24.67,0,867,107
2,2017-09-11 10:00:00,3,254.125,"Mon Sep 11 2017",21.48,24.68,21.99,49.5,24.64,0,867,108
2,2017-09-11 10:15:00,3.25,254.135,"Mon Sep 11 2017",21.13,24.76,21.98,49.97,24.55,0,867,109
2,2017-09-11 10:30:00,3.5,254.146,"Mon Sep 11 2017",21.08,24.33,21.97,50.53,25.78,0,867,110
2,2017-09-11 10:45:00,3.75,254.156,"Mon Sep 11 2017",20.82,24.25,21.96,52.61,26.21,0,867,111
2,2017-09-11 11:00:00,4,254.167,"Mon Sep 11 2017",20.64,23.9,21.95,53.77,27.11,0,867,112
2,2017-09-11 11:15:00,4.25,254.177,"Mon Sep 11 2017",20.69,23.75,21.94,53.6,27.32,0,867,113
2,2017-09-11 11:30:00,4.5,254.188,"Mon Sep 11 2017",21.05,23.8,21.93,51.34,27.1,0,867,114
2,2017-09-11 11:45:00,4.75,254.198,"Mon Sep 11 2017",21.14,23.59,21.92,51.39,27.63,0,867,115
2,2017-09-11 12:00:00,5,254.208,"Mon Sep 11 2017",20.72,23.41,21.9,53.3,28.05,0,867,116
2,2017-09-11 12:15:00,5.25,254.219,"Mon Sep 11 2017",20.7,23.43,21.89,53.1,28.12,0,867,117
2,2017-09-11 12:30:00,5.5,254.229,"Mon Sep 11 2017",20.82,23.39,21.88,52.83,28.34,0,867,118
2,2017-09-11 12:45:00,5.75,254.24,"Mon Sep 11 2017",20.99,23.28,21.87,52.28,28.74,0,867,119
2,2017-09-11 13:00:00,6,254.25,"Mon Sep 11 2017",21.27,23.22,21.85,51.88,29.13,0,867,120
2,2017-09-11 13:15:00,6.25,254.26,"Mon Sep 11 2017",20.68,23.11,21.84,55.17,29.53,0,868,121
2,2017-09-11 13:30:00,6.5,254.271,"Mon Sep 11 2017",20.31,23.22,21.83,56,29.63,0,868,122
2,2017-09-11 13:45:00,6.75,254.281,"Mon Sep 11 2017",20.69,23.23,21.81,55.75,29.5,0,868,123
2,2017-09-11 14:00:00,7,254.292,"Mon Sep 11 2017",21.04,23.51,21.8,58.75,29.12,0,867,124
2,2017-09-11 14:15:00,7.25,254.302,"Mon Sep 11 2017",20.74,23.75,21.78,62.39,28.46,0,867,125
2,2017-09-11 14:30:00,7.5,254.312,"Mon Sep 11 2017",20.46,24.04,21.77,61.1,28.43,0,867,126
2,2017-09-11 14:45:00,7.75,254.323,"Mon Sep 11 2017",21.11,24.54,21.76,63.39,28.95,0,867,127
2,2017-09-11 15:00:00,8,254.333,"Mon Sep 11 2017",22.14,24.99,21.74,62.14,29.4,0,867,128
2,2017-09-11 15:15:00,8.25,254.344,"Mon Sep 11 2017",23.83,25.75,21.72,57.75,29.62,0,867,129
2,2017-09-11 15:30:00,8.5,254.354,"Mon Sep 11 2017",25.45,26.26,21.71,53.07,28.19,0,867,130
2,2017-09-11 15:45:00,8.75,254.365,"Mon Sep 11 2017",26.38,27.04,21.7,50.28,26.64,0,867,131
2,2017-09-11 16:00:00,9,254.375,"Mon Sep 11 2017",26.74,27.82,21.68,48.87,24.74,0,867,132
2,2017-09-11 16:15:00,9.25,254.385,"Mon Sep 11 2017",27.59,28.36,21.67,47.3,22.63,0,867,133
2,2017-09-11 16:30:00,9.5,254.396,"Mon Sep 11 2017",27.87,28.78,21.66,45.1,21.36,0,867,134
2,2017-09-11 16:45:00,9.75,254.406,"Mon Sep 11 2017",27.2,28.42,21.64,53.22,26.86,0,867,135
2,2017-09-11 17:00:00,10,254.417,"Mon Sep 11 2017",26.94,27.35,21.63,55.8,31.73,0,867,136
2,2017-09-11 17:15:00,10.25,254.427,"Mon Sep 11 2017",27.45,27.16,21.61,54.86,32.78,0,868,137
2,2017-09-11 17:30:00,10.5,254.438,"Mon Sep 11 2017",28.38,26.82,21.6,50.48,33.13,0,868,138
2,2017-09-11 17:45:00,10.75,254.448,"Mon Sep 11 2017",28.93,26.87,21.59,48.35,33.02,0,868,139
2,2017-09-11 18:00:00,11,254.458,"Mon Sep 11 2017",28.89,26.78,21.58,45.69,31.02,0,868,140
2,2017-09-11 18:15:00,11.25,254.469,"Mon Sep 11 2017",29.31,27.08,21.56,43.52,30.13,0,867,141
2,2017-09-11 18:30:00,11.5,254.479,"Mon Sep 11 2017",29.53,27.52,21.55,42.16,28.26,0,867,142
2,2017-09-11 18:45:00,11.75,254.49,"Mon Sep 11 2017",30.14,27.85,21.57,39.43,26.72,0,867,143
2,2017-09-11 19:00:00,12,254.5,"Mon Sep 11 2017",30.55,28.13,21.54,37.85,24.85,0,867,144
2,2017-09-11 19:15:00,12.25,254.51,"Mon Sep 11 2017",30.15,27.3,21.52,37.81,26.17,0,867,145
2,2017-09-11 19:30:00,12.5,254.521,"Mon Sep 11 2017",30.06,27.59,21.53,37.85,25.46,0,867,146
2,2017-09-11 19:45:00,12.75,254.531,"Mon Sep 11 2017",29.85,27.71,21.56,38.06,25.85,0,867,147
2,2017-09-11 20:00:00,13,254.542,"Mon Sep 11 2017",29.67,27.71,21.53,39.05,25.49,0,867,148
2,2017-09-11 20:15:00,13.25,254.552,"Mon Sep 11 2017",29.54,27.59,21.53,38.55,25.7,0,867,149
2,2017-09-11 20:30:00,13.5,254.562,"Mon Sep 11 2017",28.91,27.03,21.54,41.6,27.29,0,867,150
2,2017-09-11 20:45:00,13.75,254.573,"Mon Sep 11 2017",28.15,26.72,21.54,45.4,27.9,0,867,151
2,2017-09-11 21:00:00,14,254.583,"Mon Sep 11 2017",28.01,26.62,21.56,41.61,26.34,0,867,152
2,2017-09-11 21:15:00,14.25,254.594,"Mon Sep 11 2017",27.71,26.92,21.56,44.27,27.26,0,867,153
2,2017-09-11 21:30:00,14.5,254.604,"Mon Sep 11 2017",27.31,26.56,21.59,45.37,27.58,0,867,154
2,2017-09-11 21:45:00,14.75,254.615,"Mon Sep 11 2017",27.06,26.56,21.61,46.58,27.88,0,867,155
2,2017-09-11 22:00:00,15,254.625,"Mon Sep 11 2017",27.96,26.9,21.63,45.96,27.53,0,867,156
2,2017-09-11 22:15:00,15.25,254.635,"Mon Sep 11 2017",27.75,26.94,21.66,48.68,28.56,0,867,157
2,2017-09-11 22:30:00,15.5,254.646,"Mon Sep 11 2017",27.39,27.27,21.68,48.73,28.68,0,867,158
2,2017-09-11 22:45:00,15.75,254.656,"Mon Sep 11 2017",27.34,28.26,21.7,46.8,26.35,0,866,159
2,2017-09-11 23:00:00,16,254.667,"Mon Sep 11 2017",27.04,27.98,21.73,44.23,23.78,0,866,160
2,2017-09-11 23:15:00,16.25,254.677,"Mon Sep 11 2017",27.39,28.13,21.78,41.6,22.98,0,867,161
2,2017-09-11 23:30:00,16.5,254.688,"Mon Sep 11 2017",27.39,27.29,21.79,44.41,23.37,0,867,162
2,2017-09-11 23:45:00,16.75,254.698,"Mon Sep 11 2017",26.48,26.48,21.82,45.63,25.59,0,867,163
2,2017-09-12,17,254.708,"Mon Sep 11 2017",25.5,26.08,21.84,48.44,26.85,0,867,164
2,2017-09-12 00:15:00,17.25,254.719,"Mon Sep 11 2017",24.61,25.47,21.87,50.23,30.21,0,867,165
2,2017-09-12 00:30:00,17.5,254.729,"Mon Sep 11 2017",24.13,24.59,21.89,53.89,34.41,0,867,166
2,2017-09-12 00:45:00,17.75,254.74,"Mon Sep 11 2017",23.84,24.05,21.91,51.67,31.23,0,868,167
2,2017-09-12 01:00:00,18,254.75,"Mon Sep 11 2017",23.3,22.92,21.95,54.91,38.04,0,868,168
2,2017-09-12 01:15:00,18.25,254.76,"Mon Sep 11 2017",22.17,21.5,21.98,61.41,44.99,0,868,169
2,2017-09-12 01:30:00,18.5,254.771,"Mon Sep 11 2017",21.24,20.57,22.01,69.66,50.27,0,868,170
2,2017-09-12 01:45:00,18.75,254.781,"Mon Sep 11 2017",18.73,20.81,22.03,89.2,43.7,0.254,867,171
2,2017-09-12 02:00:00,19,254.792,"Mon Sep 11 2017",16.56,20.83,22.06,97.8,44.12,0,867,172
2,2017-09-12 02:15:00,19.25,254.802,"Mon Sep 11 2017",17.24,22.05,22.07,82.4,36.04,0,867,173
2,2017-09-12 02:30:00,19.5,254.812,"Mon Sep 11 2017",19.21,21.84,22.1,68.95,37.22,0,867,174
2,2017-09-12 02:45:00,19.75,254.823,"Mon Sep 11 2017",19.5,21.32,22.12,68.69,40.29,0,867,175
2,2017-09-12 03:00:00,20,254.833,"Mon Sep 11 2017",18.62,20.52,22.15,74.1,44.78,0,867,176
2,2017-09-12 03:15:00,20.25,254.844,"Mon Sep 11 2017",18.41,20.69,22.16,75.4,43.62,0,867,177
2,2017-09-12 03:30:00,20.5,254.854,"Mon Sep 11 2017",18.18,20.82,22.18,76,41.15,0,867,178
2,2017-09-12 03:45:00,20.75,254.865,"Mon Sep 11 2017",18.7,21.59,22.19,69.83,36.19,0,867,179
2,2017-09-12 04:00:00,21,254.875,"Mon Sep 11 2017",19.24,21.88,22.22,65.31,34.48,0,867,180
2,2017-09-12 04:15:00,21.25,254.885,"Mon Sep 11 2017",19.98,22.23,22.24,60.13,33.06,0,867,181
2,2017-09-12 04:30:00,21.5,254.896,"Mon Sep 11 2017",20.35,21.7,22.24,60.95,35.49,0,868,182
2,2017-09-12 04:45:00,21.75,254.906,"Mon Sep 11 2017",19.91,21.95,22.25,63.17,34.42,0,869,183
2,2017-09-12 05:00:00,22,254.917,"Mon Sep 11 2017",18.97,20.95,22.26,78.3,41.55,0.254,868,184
2,2017-09-12 05:15:00,22.25,254.927,"Mon Sep 11 2017",17.18,20.22,22.27,91.9,45.8,0,868,185
2,2017-09-12 05:30:00,22.5,254.938,"Mon Sep 11 2017",17.01,21.26,22.28,87.7,38.37,0,868,186
2,2017-09-12 05:45:00,22.75,254.948,"Mon Sep 11 2017",18.5,23.19,22.3,68.52,30.24,0,868,187
2,2017-09-12 06:00:00,23,254.958,"Mon Sep 11 2017",19.75,21.92,22.29,66.62,35.86,0,868,188
2,2017-09-12 06:15:00,23.25,254.969,"Mon Sep 11 2017",19.07,20.67,22.29,72.2,42.93,0,868,189
2,2017-09-12 06:30:00,23.5,254.979,"Mon Sep 11 2017",18.85,20.75,22.3,72.6,42.79,0,868,190
2,2017-09-12 06:45:00,23.75,254.99,"Mon Sep 11 2017",19.3,21.12,22.3,69.81,40.59,0,868,191
2,2017-09-12 07:00:00,0,255,"Tue Sep 12 2017",19.5,21.76,22.29,67.6,37.17,0,867,192
2,2017-09-12 07:15:00,0.25,255.01,"Tue Sep 12 2017",19.45,21.58,22.28,68.64,37.57,0,867,193
2,2017-09-12 07:30:00,0.5,255.021,"Tue Sep 12 2017",19.52,21.98,22.29,64.55,35.14,0,867,194
2,2017-09-12 07:45:00,0.75,255.031,"Tue Sep 12 2017",20.15,22.59,22.29,59.59,32.46,0,866,195
2,2017-09-12 08:00:00,1,255.042,"Tue Sep 12 2017",20.59,22.22,22.28,57.89,33.86,0,867,196
2,2017-09-12 08:15:00,1.25,255.052,"Tue Sep 12 2017",20.06,22.17,22.27,59.45,33.62,0,867,197
2,2017-09-12 08:30:00,1.5,255.062,"Tue Sep 12 2017",19.6,21.92,22.27,61.9,34.59,0,867,198
2,2017-09-12 08:45:00,1.75,255.073,"Tue Sep 12 2017",19.27,21.57,22.26,62.98,35.57,0,867,199
2,2017-09-12 09:00:00,2,255.083,"Tue Sep 12 2017",19.19,21.44,22.25,63.85,36.62,0,867,200
2,2017-09-12 09:15:00,2.25,255.094,"Tue Sep 12 2017",18.64,21.2,22.25,67.53,37.57,0,867,201
2,2017-09-12 09:30:00,2.5,255.104,"Tue Sep 12 2017",18.33,21.4,22.24,68.81,36.04,0,867,202
2,2017-09-12 09:45:00,2.75,255.115,"Tue Sep 12 2017",18.44,21.54,22.24,66.62,35.23,0,867,203
2,2017-09-12 10:00:00,3,255.125,"Tue Sep 12 2017",18.77,21.72,22.22,64.38,34.12,0,867,204
2,2017-09-12 10:15:00,3.25,255.135,"Tue Sep 12 2017",19.09,21.7,22.22,62.42,33.99,0,867,205
2,2017-09-12 10:30:00,3.5,255.146,"Tue Sep 12 2017",19.11,21.63,22.2,62.26,34.21,0,867,206
2,2017-09-12 10:45:00,3.75,255.156,"Tue Sep 12 2017",19.02,21.76,22.19,61.83,33.57,0,867,207
2,2017-09-12 11:00:00,4,255.167,"Tue Sep 12 2017",19.16,22.19,22.17,60.48,31.86,0,867,208
2,2017-09-12 11:15:00,4.25,255.177,"Tue Sep 12 2017",20.07,23.05,22.16,55.54,29.72,0,866,209
2,2017-09-12 11:30:00,4.5,255.188,"Tue Sep 12 2017",20.76,23.41,22.15,53.32,29.24,0,866,210
2,2017-09-12 11:45:00,4.75,255.198,"Tue Sep 12 2017",20.73,23.54,22.13,53.54,29.46,0,866,211
2,2017-09-12 12:00:00,5,255.208,"Tue Sep 12 2017",21.05,23.71,22.11,52.95,29.54,0,866,212
2,2017-09-12 12:15:00,5.25,255.219,"Tue Sep 12 2017",21.25,23.58,22.1,53.38,29.94,0,866,213
2,2017-09-12 12:30:00,5.5,255.229,"Tue Sep 12 2017",20.35,22.59,22.08,56.33,32.02,0,867,214
2,2017-09-12 12:45:00,5.75,255.24,"Tue Sep 12 2017",20.2,23.04,22.06,57.29,31.21,0,867,215
2,2017-09-12 13:00:00,6,255.25,"Tue Sep 12 2017",20.04,22.02,22.05,58.51,33.88,0,867,216
2,2017-09-12 13:15:00,6.25,255.26,"Tue Sep 12 2017",20.1,22.04,22.04,59.1,34.1,0,867,217
2,2017-09-12 13:30:00,6.5,255.271,"Tue Sep 12 2017",20.37,22.4,22.02,59.64,33.31,0,867,218
2,2017-09-12 13:45:00,6.75,255.281,"Tue Sep 12 2017",20.51,22.66,22,59.65,33.17,0,867,219
2,2017-09-12 14:00:00,7,255.292,"Tue Sep 12 2017",20.8,24.18,21.97,61.07,31.02,0,867,220
2,2017-09-12 14:15:00,7.25,255.302,"Tue Sep 12 2017",21.09,24.69,21.97,64.08,31.21,0,867,221
2,2017-09-12 14:30:00,7.5,255.312,"Tue Sep 12 2017",21.4,24.89,21.94,66.51,32.12,0,867,222
2,2017-09-12 14:45:00,7.75,255.323,"Tue Sep 12 2017",21.63,24.91,21.92,67.67,31.8,0,867,223
2,2017-09-12 15:00:00,8,255.333,"Tue Sep 12 2017",22.76,25.01,21.9,63,32.64,0,867,224
2,2017-09-12 15:15:00,8.25,255.344,"Tue Sep 12 2017",24.69,24.51,21.9,56.29,35.14,0,867,225
2,2017-09-12 15:30:00,8.5,255.354,"Tue Sep 12 2017",24.57,24.17,21.87,52.83,32.26,0,867,226
2,2017-09-12 15:45:00,8.75,255.365,"Tue Sep 12 2017",23.72,23.82,21.86,57.19,33.38,0,867,227
2,2017-09-12 16:00:00,9,255.375,"Tue Sep 12 2017",24.15,24,21.83,62.44,35.02,0,867,228
2,2017-09-12 16:15:00,9.25,255.385,"Tue Sep 12 2017",24,23.53,21.81,64.49,36.06,0,867,229
2,2017-09-12 16:30:00,9.5,255.396,"Tue Sep 12 2017",23.75,23.07,21.79,63.08,36.95,0,867,230
2,2017-09-12 16:45:00,9.75,255.406,"Tue Sep 12 2017",23.89,23.54,21.78,59.64,36.47,0,867,231
2,2017-09-12 17:00:00,10,255.417,"Tue Sep 12 2017",24.19,23.28,21.75,62.69,38.54,0,867,232
2,2017-09-12 17:15:00,10.25,255.427,"Tue Sep 12 2017",24.45,23.44,21.74,58.67,36.94,0,867,233
2,2017-09-12 17:30:00,10.5,255.438,"Tue Sep 12 2017",25.59,24.05,21.72,54.94,36.79,0,867,234
2,2017-09-12 17:45:00,10.75,255.448,"Tue Sep 12 2017",26.81,24.55,21.71,52.39,36.51,0,867,235
2,2017-09-12 18:00:00,11,255.458,"Tue Sep 12 2017",27.34,24.83,21.69,50.44,36.46,0,867,236
2,2017-09-12 18:15:00,11.25,255.469,"Tue Sep 12 2017",27.28,24.82,21.69,50.86,35.95,0,866,237
2,2017-09-12 18:30:00,11.5,255.479,"Tue Sep 12 2017",27.52,24.86,21.67,50.1,35.86,0,866,238
2,2017-09-12 18:45:00,11.75,255.49,"Tue Sep 12 2017",27.69,24.82,21.66,49.84,36.49,0,866,239
2,2017-09-12 19:00:00,12,255.5,"Tue Sep 12 2017",27.93,24.92,21.64,50.99,37.78,0,866,240
2,2017-09-12 19:15:00,12.25,255.51,"Tue Sep 12 2017",27.99,24.86,21.64,50.42,37.44,0,866,241
2,2017-09-12 19:30:00,12.5,255.521,"Tue Sep 12 2017",27.62,24.49,21.62,49.67,36.92,0,866,242
2,2017-09-12 19:45:00,12.75,255.531,"Tue Sep 12 2017",27.64,24.73,21.62,49.66,36.86,0,866,243
2,2017-09-12 20:00:00,13,255.542,"Tue Sep 12 2017",27.53,24.76,21.61,49.42,36.57,0,865,244
2,2017-09-12 20:15:00,13.25,255.552,"Tue Sep 12 2017",27.74,25,21.61,49.77,36.37,0,865,245
2,2017-09-12 20:30:00,13.5,255.562,"Tue Sep 12 2017",27.41,24.84,21.6,49.74,36.47,0,865,246
2,2017-09-12 20:45:00,13.75,255.573,"Tue Sep 12 2017",27.46,24.84,21.6,49.69,36.78,0,865,247
2,2017-09-12 21:00:00,14,255.583,"Tue Sep 12 2017",27.1,25.01,21.61,50.25,36.47,0,865,248
2,2017-09-12 21:15:00,14.25,255.594,"Tue Sep 12 2017",27.5,25.1,21.61,49.8,36.33,0,865,249
2,2017-09-12 21:30:00,14.5,255.604,"Tue Sep 12 2017",27.92,25.28,21.62,49.55,36.37,0,865,250
2,2017-09-12 21:45:00,14.75,255.615,"Tue Sep 12 2017",28.17,25.72,21.61,48.46,35.22,0,865,251
2,2017-09-12 22:00:00,15,255.625,"Tue Sep 12 2017",27.86,25.44,21.64,49.74,36.19,0,865,252
2,2017-09-12 22:15:00,15.25,255.635,"Tue Sep 12 2017",28.11,26.09,21.66,49.47,35.13,0,865,253
2,2017-09-12 22:30:00,15.5,255.646,"Tue Sep 12 2017",27.74,26.44,21.66,48.81,32.84,0,865,254
2,2017-09-12 22:45:00,15.75,255.656,"Tue Sep 12 2017",27.16,26.18,21.65,47.93,31.85,0,865,255
2,2017-09-12 23:00:00,16,255.667,"Tue Sep 12 2017",26.45,26.02,21.69,49.4,31.38,0,865,256
2,2017-09-12 23:15:00,16.25,255.677,"Tue Sep 12 2017",25.61,25.4,21.73,49.82,31.58,0,865,257
2,2017-09-12 23:30:00,16.5,255.688,"Tue Sep 12 2017",24.77,24.83,21.73,51.41,31.76,0,864,258
2,2017-09-12 23:45:00,16.75,255.698,"Tue Sep 12 2017",24.12,24.71,21.76,54.73,32.5,0,865,259
2,2017-09-13,17,255.708,"Tue Sep 12 2017",23.52,24.7,21.78,55.73,32.22,0,865,260
2,2017-09-13 00:15:00,17.25,255.719,"Tue Sep 12 2017",23.37,24.99,21.81,55.89,31.95,0,865,261
2,2017-09-13 00:30:00,17.5,255.729,"Tue Sep 12 2017",23.22,24.35,21.83,62.17,39.07,0,865,262
2,2017-09-13 00:45:00,17.75,255.74,"Tue Sep 12 2017",22.97,23.63,21.84,66.15,42.27,0,865,263
2,2017-09-13 01:00:00,18,255.75,"Tue Sep 12 2017",22.46,23.18,21.87,68.55,43.16,0,864,264
2,2017-09-13 01:15:00,18.25,255.76,"Tue Sep 12 2017",21.76,22.59,21.9,71.3,45.16,0,864,265
2,2017-09-13 01:30:00,18.5,255.771,"Tue Sep 12 2017",21.1,22.36,21.92,71.9,45.15,0,864,266
2,2017-09-13 01:45:00,18.75,255.781,"Tue Sep 12 2017",20.75,22.24,21.94,71.5,45.19,0,864,267
2,2017-09-13 02:00:00,19,255.792,"Tue Sep 12 2017",20.52,22.15,21.97,71.3,45.32,0,864,268
2,2017-09-13 02:15:00,19.25,255.802,"Tue Sep 12 2017",20.19,21.53,21.99,74,48.53,0,865,269
2,2017-09-13 02:30:00,19.5,255.812,"Tue Sep 12 2017",19.49,20.67,22.02,77,53.67,0,865,270
2,2017-09-13 02:45:00,19.75,255.823,"Tue Sep 12 2017",19.35,20.89,22.04,78.5,52.65,0,865,271
2,2017-09-13 03:00:00,20,255.833,"Tue Sep 12 2017",19.3,21.01,22.06,79.6,51.46,0,865,272
2,2017-09-13 03:15:00,20.25,255.844,"Tue Sep 12 2017",19.25,21.12,22.08,79.7,49.7,0,865,273
2,2017-09-13 03:30:00,20.5,255.854,"Tue Sep 12 2017",19.65,21.19,22.09,75.4,48.19,0,864,274
2,2017-09-13 03:45:00,20.75,255.865,"Tue Sep 12 2017",19.85,20.95,22.11,73.8,49.11,0,864,275
2,2017-09-13 04:00:00,21,255.875,"Tue Sep 12 2017",19.34,20.84,22.12,76,47.92,0,864,276
2,2017-09-13 04:15:00,21.25,255.885,"Tue Sep 12 2017",18.99,20.91,22.13,75.9,45.96,0,864,277
2,2017-09-13 04:30:00,21.5,255.896,"Tue Sep 12 2017",18.83,21.1,22.14,74.3,43.33,0,864,278
2,2017-09-13 04:45:00,21.75,255.906,"Tue Sep 12 2017",19.14,21.64,22.15,70.2,39.9,0,864,279
2,2017-09-13 05:00:00,22,255.917,"Tue Sep 12 2017",19.5,21.66,22.16,66.99,39.6,0,864,280
2,2017-09-13 05:15:00,22.25,255.927,"Tue Sep 12 2017",19.61,21.51,22.17,66.25,39.8,0,864,281
2,2017-09-13 05:30:00,22.5,255.938,"Tue Sep 12 2017",18.97,20.97,22.18,68.15,41.84,0,864,282
2,2017-09-13 05:45:00,22.75,255.948,"Tue Sep 12 2017",18.52,20.7,22.18,71.8,43.39,0,864,283
2,2017-09-13 06:00:00,23,255.958,"Tue Sep 12 2017",18.29,20.43,22.19,72.9,44.22,0,864,284
2,2017-09-13 06:15:00,23.25,255.969,"Tue Sep 12 2017",18.22,20.27,22.19,72.6,44.42,0,864,285
2,2017-09-13 06:30:00,23.5,255.979,"Tue Sep 12 2017",18.2,20.44,22.2,71.8,43.03,0,864,286
2,2017-09-13 06:45:00,23.75,255.99,"Tue Sep 12 2017",18.11,20.45,22.2,71.7,42.64,0,864,287
2,2017-09-13 07:00:00,0,256,"Wed Sep 13 2017",18.25,20.32,22.2,70.2,43.04,0,864,288
2,2017-09-13 07:15:00,0.25,256.01,"Wed Sep 13 2017",18.59,20.36,22.2,68.85,42.76,0,864,289
2,2017-09-13 07:30:00,0.5,256.021,"Wed Sep 13 2017",18.58,20.7,22.2,68.41,40.82,0,864,290
2,2017-09-13 07:45:00,0.75,256.031,"Wed Sep 13 2017",18.52,20.5,22.19,68.97,40.63,0,864,291
2,2017-09-13 08:00:00,1,256.042,"Wed Sep 13 2017",18.13,20.84,22.19,68.94,37.1,0,864,292
2,2017-09-13 08:15:00,1.25,256.052,"Wed Sep 13 2017",18.5,20.97,22.18,64.56,35.72,0,863,293
2,2017-09-13 08:30:00,1.5,256.062,"Wed Sep 13 2017",19.09,20.92,22.18,61.3,35.57,0,863,294
2,2017-09-13 08:45:00,1.75,256.073,"Wed Sep 13 2017",19.15,20.85,22.17,60.32,35.53,0,863,295
2,2017-09-13 09:00:00,2,256.083,"Wed Sep 13 2017",18.91,20.85,22.16,62.31,35,0,863,296
2,2017-09-13 09:15:00,2.25,256.094,"Wed Sep 13 2017",18.93,20.84,22.15,61.71,34.43,0,863,297
2,2017-09-13 09:30:00,2.5,256.104,"Wed Sep 13 2017",18.78,20.71,22.14,61.05,35.22,0,863,298
2,2017-09-13 09:45:00,2.75,256.115,"Wed Sep 13 2017",18.39,21.01,22.14,61.26,33.55,0,863,299
2,2017-09-13 10:00:00,3,256.125,"Wed Sep 13 2017",18.09,21.05,22.12,61.99,33.31,0,863,300
2,2017-09-13 10:15:00,3.25,256.135,"Wed Sep 13 2017",18.29,21.11,22.11,60.59,32.96,0,863,301
2,2017-09-13 10:30:00,3.5,256.146,"Wed Sep 13 2017",18.42,21.06,22.1,59.64,32.86,0,863,302
2,2017-09-13 10:45:00,3.75,256.156,"Wed Sep 13 2017",17.99,20.61,22.09,63.15,34.16,0,863,303
2,2017-09-13 11:00:00,4,256.167,"Wed Sep 13 2017",17.65,20.26,22.07,62.81,35.47,0,863,304
2,2017-09-13 11:15:00,4.25,256.177,"Wed Sep 13 2017",17.37,20.31,22.06,64.57,35.51,0,863,305
2,2017-09-13 11:30:00,4.5,256.188,"Wed Sep 13 2017",17.37,20.46,22.05,64.46,35.01,0,863,306
2,2017-09-13 11:45:00,4.75,256.198,"Wed Sep 13 2017",17.43,20.57,22.03,64.17,35.36,0,863,307
2,2017-09-13 12:00:00,5,256.208,"Wed Sep 13 2017",17.71,20.32,22.02,63.35,36.48,0,863,308
2,2017-09-13 12:15:00,5.25,256.219,"Wed Sep 13 2017",17.93,20.23,22,62.69,37.13,0,863,309
2,2017-09-13 12:30:00,5.5,256.229,"Wed Sep 13 2017",18.29,20.02,21.99,62.53,38.07,0,863,310
2,2017-09-13 12:45:00,5.75,256.24,"Wed Sep 13 2017",18.11,19.79,21.97,63.79,38.89,0,863,311
2,2017-09-13 13:00:00,6,256.25,"Wed Sep 13 2017",17.89,19.61,21.96,64.65,39.74,0,863,312
2,2017-09-13 13:15:00,6.25,256.26,"Wed Sep 13 2017",17.85,19.98,21.94,65.27,38.7,0,863,313
2,2017-09-13 13:30:00,6.5,256.271,"Wed Sep 13 2017",18.34,19.94,21.92,64.84,39.51,0,863,314
2,2017-09-13 13:45:00,6.75,256.281,"Wed Sep 13 2017",18.43,19.65,21.9,66.96,40.92,0,863,315
2,2017-09-13 14:00:00,7,256.292,"Wed Sep 13 2017",18.35,19.71,21.89,68.72,41.03,0,863,316
2,2017-09-13 14:15:00,7.25,256.302,"Wed Sep 13 2017",18.35,20.3,21.87,69.65,39.83,0,863,317
2,2017-09-13 14:30:00,7.5,256.312,"Wed Sep 13 2017",18.51,21,21.86,68.63,37.84,0,863,318
2,2017-09-13 14:45:00,7.75,256.323,"Wed Sep 13 2017",19.25,21.76,21.84,66.79,35.81,0,863,319
2,2017-09-13 15:00:00,8,256.333,"Wed Sep 13 2017",20.83,23.13,21.82,60.82,32.94,0,863,320
2,2017-09-13 15:15:00,8.25,256.344,"Wed Sep 13 2017",22,23,21.8,55.95,31.6,0,863,321
2,2017-09-13 15:30:00,8.5,256.354,"Wed Sep 13 2017",22.54,22.91,21.78,56.05,32.65,0,863,322
2,2017-09-13 15:45:00,8.75,256.365,"Wed Sep 13 2017",22.79,22.23,21.77,59.29,39.67,0,863,323
2,2017-09-13 16:00:00,9,256.375,"Wed Sep 13 2017",22.66,21.64,21.75,58.21,39.7,0,863,324
2,2017-09-13 16:15:00,9.25,256.385,"Wed Sep 13 2017",22.99,21.85,21.73,57.91,40.59,0,863,325
2,2017-09-13 16:30:00,9.5,256.396,"Wed Sep 13 2017",22.42,21.76,21.71,59.78,40.51,0,863,326
2,2017-09-13 16:45:00,9.75,256.406,"Wed Sep 13 2017",22.5,21.85,21.69,58.73,40.76,0,863,327
2,2017-09-13 17:00:00,10,256.417,"Wed Sep 13 2017",23.07,22.08,21.68,57.75,39.98,0,863,328
2,2017-09-13 17:15:00,10.25,256.427,"Wed Sep 13 2017",23.36,21.92,21.66,57.65,41.65,0,863,329
2,2017-09-13 17:30:00,10.5,256.438,"Wed Sep 13 2017",24.09,22.06,21.65,58.59,44.52,0,863,330
2,2017-09-13 17:45:00,10.75,256.448,"Wed Sep 13 2017",24.53,21.43,21.63,62.29,51.44,0,863,331
2,2017-09-13 18:00:00,11,256.458,"Wed Sep 13 2017",24.53,20.93,21.62,63.12,53.91,0,863,332
2,2017-09-13 18:15:00,11.25,256.469,"Wed Sep 13 2017",23.6,20.81,21.61,66.71,54.76,0,863,333
2,2017-09-13 18:30:00,11.5,256.479,"Wed Sep 13 2017",23.85,20.94,21.6,65.35,53.61,0,863,334
2,2017-09-13 18:45:00,11.75,256.49,"Wed Sep 13 2017",24.38,21.13,21.58,62.95,51.9,0,863,335
2,2017-09-13 19:00:00,12,256.5,"Wed Sep 13 2017",23.99,20.7,21.58,62.84,52.92,0,863,336
2,2017-09-13 19:15:00,12.25,256.51,"Wed Sep 13 2017",24.03,20.78,21.6,62.13,52.21,0,863,337
2,2017-09-13 19:30:00,12.5,256.521,"Wed Sep 13 2017",24.09,20.75,21.57,62.38,53.17,0,863,338
2,2017-09-13 19:45:00,12.75,256.531,"Wed Sep 13 2017",23.76,20.77,21.56,63.79,53.02,0,863,339
2,2017-09-13 20:00:00,13,256.542,"Wed Sep 13 2017",24.22,21.18,21.56,63.05,52.67,0,862,340
2,2017-09-13 20:15:00,13.25,256.552,"Wed Sep 13 2017",23.82,20.94,21.54,64.64,53.04,0,862,341
2,2017-09-13 20:30:00,13.5,256.562,"Wed Sep 13 2017",24.15,21.23,21.56,63.67,52.75,0,862,342
2,2017-09-13 20:45:00,13.75,256.573,"Wed Sep 13 2017",23.89,21.25,21.56,65.61,54.29,0,862,343
2,2017-09-13 21:00:00,14,256.583,"Wed Sep 13 2017",23.51,20.71,21.57,67.41,56.83,0,862,344
2,2017-09-13 21:15:00,14.25,256.594,"Wed Sep 13 2017",23.19,21.03,21.6,68.57,55.63,0,862,345
2,2017-09-13 21:30:00,14.5,256.604,"Wed Sep 13 2017",23.45,21.02,21.59,67.85,55.69,0,862,346
2,2017-09-13 21:45:00,14.75,256.615,"Wed Sep 13 2017",23.39,20.91,21.61,68.55,56.28,0,862,347
2,2017-09-13 22:00:00,15,256.625,"Wed Sep 13 2017",22.13,20.44,21.61,72.1,57.54,0,862,348
2,2017-09-13 22:15:00,15.25,256.635,"Wed Sep 13 2017",21.54,20.07,21.63,75.4,60.21,0,862,349
2,2017-09-13 22:30:00,15.5,256.646,"Wed Sep 13 2017",21.15,19.73,21.65,77.1,61.21,0,862,350
2,2017-09-13 22:45:00,15.75,256.656,"Wed Sep 13 2017",20.88,19.73,21.67,78.4,61.2,0,862,351
2,2017-09-13 23:00:00,16,256.667,"Wed Sep 13 2017",20.81,19.75,21.68,79.8,61.86,0,862,352
2,2017-09-13 23:15:00,16.25,256.677,"Wed Sep 13 2017",20.54,19.53,21.7,81.5,62.16,0,862,353
2,2017-09-13 23:30:00,16.5,256.688,"Wed Sep 13 2017",20.08,19.56,21.72,83.8,63.55,0,862,354
2,2017-09-13 23:45:00,16.75,256.698,"Wed Sep 13 2017",19.96,19.45,21.75,83.9,63.98,0,862,355
2,2017-09-14,17,256.708,"Wed Sep 13 2017",19.98,19.3,21.77,84.9,64.93,0,862,356
2,2017-09-14 00:15:00,17.25,256.719,"Wed Sep 13 2017",19.81,19.49,21.8,86.8,65.14,0,862,357
2,2017-09-14 00:30:00,17.5,256.729,"Wed Sep 13 2017",19.63,19.55,21.83,87.5,64.75,0,862,358
2,2017-09-14 00:45:00,17.75,256.74,"Wed Sep 13 2017",19.42,19.75,21.85,88.2,62.51,0,862,359
2,2017-09-14 01:00:00,18,256.75,"Wed Sep 13 2017",18.98,20.38,21.87,89.3,59.66,0,862,360
2,2017-09-14 01:15:00,18.25,256.76,"Wed Sep 13 2017",18.41,19.36,21.89,90.7,64.27,0,862,361
2,2017-09-14 01:30:00,18.5,256.771,"Wed Sep 13 2017",18.14,19.13,21.92,91.9,64.17,0,862,362
2,2017-09-14 01:45:00,18.75,256.781,"Wed Sep 13 2017",17.78,19.53,21.94,93.1,60.92,0,862,363
2,2017-09-14 02:00:00,19,256.792,"Wed Sep 13 2017",17.47,18.65,21.96,95.2,65.23,0,862,364
2,2017-09-14 02:15:00,19.25,256.802,"Wed Sep 13 2017",17.2,18.83,21.98,95.8,63.67,0,862,365
2,2017-09-14 02:30:00,19.5,256.812,"Wed Sep 13 2017",17.03,18.45,22.01,95.7,66.88,0,862,366
2,2017-09-14 02:45:00,19.75,256.823,"Wed Sep 13 2017",17.01,18.17,22.02,95.2,69.14,0,862,367
2,2017-09-14 03:00:00,20,256.833,"Wed Sep 13 2017",16.87,18.12,22.04,95.8,69.69,0,862,368
2,2017-09-14 03:15:00,20.25,256.844,"Wed Sep 13 2017",16.9,20.14,22.06,94.8,50.83,0,862,369
2,2017-09-14 03:30:00,20.5,256.854,"Wed Sep 13 2017",17.41,20.41,22.07,82.8,47.19,0,862,370
2,2017-09-14 03:45:00,20.75,256.865,"Wed Sep 13 2017",18.08,20.26,22.09,76.3,45.97,0,862,371
2,2017-09-14 04:00:00,21,256.875,"Wed Sep 13 2017",18.2,19.64,22.1,76,50.28,0,862,372
2,2017-09-14 04:15:00,21.25,256.885,"Wed Sep 13 2017",17.58,18.74,22.11,81.1,60.91,0,862,373
2,2017-09-14 04:30:00,21.5,256.896,"Wed Sep 13 2017",16.95,17.95,22.13,84.6,68.17,0,862,374
2,2017-09-14 04:45:00,21.75,256.906,"Wed Sep 13 2017",16.59,17.78,22.14,94,67.29,0,862,375
2,2017-09-14 05:00:00,22,256.917,"Wed Sep 13 2017",16.61,18.42,22.14,95.6,63,0,862,376
2,2017-09-14 05:15:00,22.25,256.927,"Wed Sep 13 2017",16.58,18.71,22.16,93.4,55.08,0,862,377
2,2017-09-14 05:30:00,22.5,256.938,"Wed Sep 13 2017",16.53,17.87,22.15,88.9,69.86,0,862,378
2,2017-09-14 05:45:00,22.75,256.948,"Wed Sep 13 2017",16.33,17.54,22.16,95.3,70.9,0,862,379
2,2017-09-14 06:00:00,23,256.958,"Wed Sep 13 2017",16.22,17.91,22.16,96.9,68.64,0,862,380
2,2017-09-14 06:15:00,23.25,256.969,"Wed Sep 13 2017",16.37,18.32,22.17,95.7,62.74,0,862,381
2,2017-09-14 06:30:00,23.5,256.979,"Wed Sep 13 2017",16.49,18.31,22.16,93.4,61.75,0,862,382
2,2017-09-14 06:45:00,23.75,256.99,"Wed Sep 13 2017",16.22,17.59,22.17,92.1,59.8,0,862,383
2,2017-09-14 07:00:00,0,257,"Thu Sep 14 2017",16.29,17.65,22.16,85.3,54.27,0,862,384
2,2017-09-14 07:15:00,0.25,257.01,"Thu Sep 14 2017",16.26,18.44,22.15,79.9,48.26,0,862,385
2,2017-09-14 07:30:00,0.5,257.021,"Thu Sep 14 2017",16.54,18.93,22.15,75.3,45.52,0,862,386
2,2017-09-14 07:45:00,0.75,257.031,"Thu Sep 14 2017",16.64,18.58,22.15,73.1,44.75,0,862,387
2,2017-09-14 08:00:00,1,257.042,"Thu Sep 14 2017",16.67,18.61,22.14,70.9,43.74,0,861,388
2,2017-09-14 08:15:00,1.25,257.052,"Thu Sep 14 2017",16.38,17.89,22.15,71.5,44.43,0,861,389
2,2017-09-14 08:30:00,1.5,257.062,"Thu Sep 14 2017",15.98,17.84,22.13,72.4,45.06,0,861,390
2,2017-09-14 08:45:00,1.75,257.073,"Thu Sep 14 2017",15.81,18.22,22.13,73.4,52.5,0,861,391
2,2017-09-14 09:00:00,2,257.083,"Thu Sep 14 2017",16.18,17.96,22.11,79.5,53.21,0,861,392
2,2017-09-14 09:15:00,2.25,257.094,"Thu Sep 14 2017",16.06,17.91,22.1,81.4,53.81,0,861,393
2,2017-09-14 09:30:00,2.5,257.104,"Thu Sep 14 2017",15.96,17.86,22.09,81.5,57.98,0,861,394
2,2017-09-14 09:45:00,2.75,257.115,"Thu Sep 14 2017",15.48,17.51,22.08,84.4,58.98,0,861,395
2,2017-09-14 10:00:00,3,257.125,"Thu Sep 14 2017",15.16,17.3,22.07,86.8,50.69,0,861,396
2,2017-09-14 10:15:00,3.25,257.135,"Thu Sep 14 2017",15.04,17.75,22.05,80.4,48.13,0,861,397
2,2017-09-14 10:30:00,3.5,257.146,"Thu Sep 14 2017",15.06,17.79,22.04,79.8,53.07,0,861,398
2,2017-09-14 10:45:00,3.75,257.156,"Thu Sep 14 2017",15.04,17.54,22.02,80.8,53.48,0,861,399
2,2017-09-14 11:00:00,4,257.167,"Thu Sep 14 2017",15.05,17.32,22.01,83.5,50.01,0,861,400
2,2017-09-14 11:15:00,4.25,257.177,"Thu Sep 14 2017",15.12,17.21,21.99,80.5,48.69,0,861,401
2,2017-09-14 11:30:00,4.5,257.188,"Thu Sep 14 2017",15.13,17.23,21.98,78.2,48.26,0,861,402
2,2017-09-14 11:45:00,4.75,257.198,"Thu Sep 14 2017",15.49,17.3,21.96,75.6,49.33,0,861,403
2,2017-09-14 12:00:00,5,257.208,"Thu Sep 14 2017",15.62,16.86,21.94,75.5,50.66,0,861,404
2,2017-09-14 12:15:00,5.25,257.219,"Thu Sep 14 2017",15.17,15.99,21.92,77.2,52.82,0,861,405
2,2017-09-14 12:30:00,5.5,257.229,"Thu Sep 14 2017",14.57,15.4,21.91,79.5,53.65,0,862,406
2,2017-09-14 12:45:00,5.75,257.24,"Thu Sep 14 2017",14.19,15.08,21.9,79.4,56.46,0,862,407
2,2017-09-14 13:00:00,6,257.25,"Thu Sep 14 2017",14.12,14.79,21.87,81.8,60.37,0,862,408
2,2017-09-14 13:15:00,6.25,257.26,"Thu Sep 14 2017",14.01,14.45,21.85,83.6,60.92,0,862,409
2,2017-09-14 13:30:00,6.5,257.271,"Thu Sep 14 2017",13.84,14.85,21.84,85.2,64.03,0,862,410
2,2017-09-14 13:45:00,6.75,257.281,"Thu Sep 14 2017",14.06,15.95,21.81,89.8,62.77,0,862,411
2,2017-09-14 14:00:00,7,257.292,"Thu Sep 14 2017",14.38,16.41,21.79,90.6,60.31,0,862,412
2,2017-09-14 14:15:00,7.25,257.302,"Thu Sep 14 2017",15.3,16.55,21.77,88.2,61.1,0,862,413
2,2017-09-14 14:30:00,7.5,257.312,"Thu Sep 14 2017",15.87,16.66,21.76,85.9,60.23,0,862,414
2,2017-09-14 14:45:00,7.75,257.323,"Thu Sep 14 2017",16.31,16.66,21.76,83.5,59.28,0,862,415
2,2017-09-14 15:00:00,8,257.333,"Thu Sep 14 2017",16.86,16.42,21.72,81.8,60.08,0,862,416
2,2017-09-14 15:15:00,8.25,257.344,"Thu Sep 14 2017",16.77,15.21,21.7,78.9,62.37,0,862,417
2,2017-09-14 15:30:00,8.5,257.354,"Thu Sep 14 2017",16.71,15.1,21.68,78.7,63.51,0,862,418
2,2017-09-14 15:45:00,8.75,257.365,"Thu Sep 14 2017",16.84,15.04,21.64,79.3,64.79,0,862,419
2,2017-09-14 16:00:00,9,257.375,"Thu Sep 14 2017",17.06,15.1,21.63,80.6,67.26,0,862,420
2,2017-09-14 16:15:00,9.25,257.385,"Thu Sep 14 2017",16.87,14.88,21.61,85.1,73,0,862,421
2,2017-09-14 16:30:00,9.5,257.396,"Thu Sep 14 2017",16.18,15.11,21.59,89.8,73.7,0,862,422
2,2017-09-14 16:45:00,9.75,257.406,"Thu Sep 14 2017",16.45,15.21,21.57,89.1,73.6,0,862,423
2,2017-09-14 17:00:00,10,257.417,"Thu Sep 14 2017",16.66,15.38,21.55,89.8,74,0,862,424
2,2017-09-14 17:15:00,10.25,257.427,"Thu Sep 14 2017",17.12,15.44,21.51,88.4,74.8,0,862,425
2,2017-09-14 17:30:00,10.5,257.438,"Thu Sep 14 2017",17.19,15.16,21.51,89,77.1,0,863,426
2,2017-09-14 17:45:00,10.75,257.448,"Thu Sep 14 2017",17.61,15.07,21.49,88,78.7,0,863,427
2,2017-09-14 18:00:00,11,257.458,"Thu Sep 14 2017",17.33,14.78,21.47,89.3,80.5,0,863,428
2,2017-09-14 18:15:00,11.25,257.469,"Thu Sep 14 2017",17.17,14.99,21.46,90.1,79.8,0,863,429
2,2017-09-14 18:30:00,11.5,257.479,"Thu Sep 14 2017",16.97,14.87,21.45,91.7,81,0,863,430
2,2017-09-14 18:45:00,11.75,257.49,"Thu Sep 14 2017",16.79,14.57,21.44,92.1,82.3,0,863,431
2,2017-09-14 19:00:00,12,257.5,"Thu Sep 14 2017",16.83,14.94,21.42,92.4,80.8,0,862,432
2,2017-09-14 19:15:00,12.25,257.51,"Thu Sep 14 2017",18.15,15.48,21.41,87.2,78.2,0,862,433
2,2017-09-14 19:30:00,12.5,257.521,"Thu Sep 14 2017",17.7,15.53,21.4,88.9,78.4,0,862,434
2,2017-09-14 19:45:00,12.75,257.531,"Thu Sep 14 2017",17.52,15.14,21.39,89.4,79.7,0,862,435
2,2017-09-14 20:00:00,13,257.542,"Thu Sep 14 2017",16.25,14.24,21.38,93.7,83.7,0,862,436
2,2017-09-14 20:15:00,13.25,257.552,"Thu Sep 14 2017",15.76,14.41,21.38,95.5,82.4,0,862,437
2,2017-09-14 20:30:00,13.5,257.562,"Thu Sep 14 2017",16.9,15.04,21.37,90.5,78.1,0,862,438
2,2017-09-14 20:45:00,13.75,257.573,"Thu Sep 14 2017",16.33,14.88,21.37,92.8,78.9,0,862,439
2,2017-09-14 21:00:00,14,257.583,"Thu Sep 14 2017",16.71,14.92,21.36,91.8,79.7,0,862,440
2,2017-09-14 21:15:00,14.25,257.594,"Thu Sep 14 2017",16.45,14.57,21.37,92.3,80.4,0,862,441
2,2017-09-14 21:30:00,14.5,257.604,"Thu Sep 14 2017",16.05,14.47,21.37,94.9,82.7,0,862,442
2,2017-09-14 21:45:00,14.75,257.615,"Thu Sep 14 2017",16.4,14.75,21.37,94.4,81.6,0,862,443
2,2017-09-14 22:00:00,15,257.625,"Thu Sep 14 2017",16.31,14.44,21.37,93.3,81.9,0,862,444
2,2017-09-14 22:15:00,15.25,257.635,"Thu Sep 14 2017",15.34,13.86,21.38,97.2,85.6,0,862,445
2,2017-09-14 22:30:00,15.5,257.646,"Thu Sep 14 2017",15.46,14.24,21.38,96.4,82.7,0,862,446
2,2017-09-14 22:45:00,15.75,257.656,"Thu Sep 14 2017",15.84,14.53,21.39,94.6,79.9,0,862,447
2,2017-09-14 23:00:00,16,257.667,"Thu Sep 14 2017",15.56,14.14,21.4,95,81.5,0,862,448
2,2017-09-14 23:15:00,16.25,257.677,"Thu Sep 14 2017",15.4,14.12,21.41,95.6,81.7,0,862,449
2,2017-09-14 23:30:00,16.5,257.688,"Thu Sep 14 2017",15.55,14.22,21.42,95.2,81.3,0,862,450
2,2017-09-14 23:45:00,16.75,257.698,"Thu Sep 14 2017",15.22,13.98,21.43,95.9,82,0,863,451
2,2017-09-15,17,257.708,"Thu Sep 14 2017",15.18,14.22,21.45,96.5,81.3,0,863,452
2,2017-09-15 00:15:00,17.25,257.719,"Thu Sep 14 2017",15.09,13.91,21.46,96.9,83.1,0,863,453
2,2017-09-15 00:30:00,17.5,257.729,"Thu Sep 14 2017",14.87,14.01,21.47,97.6,82.5,0,863,454
2,2017-09-15 00:45:00,17.75,257.74,"Thu Sep 14 2017",14.6,13.87,21.49,98.4,83.3,0,863,455
2,2017-09-15 01:00:00,18,257.75,"Thu Sep 14 2017",14.4,13.76,21.5,98.9,83.3,0,863,456
2,2017-09-15 01:15:00,18.25,257.76,"Thu Sep 14 2017",14.05,13.52,21.52,99.7,84.1,0,863,457
2,2017-09-15 01:30:00,18.5,257.771,"Thu Sep 14 2017",13.52,13.05,21.52,100,86.4,0,863,458
2,2017-09-15 01:45:00,18.75,257.781,"Thu Sep 14 2017",13.01,12.84,21.54,100,87.5,0,863,459
2,2017-09-15 02:00:00,19,257.792,"Thu Sep 14 2017",12.6,12.89,21.54,100,87,0,863,460
2,2017-09-15 02:15:00,19.25,257.802,"Thu Sep 14 2017",12.43,12.91,21.56,100,86.9,0,863,461
2,2017-09-15 02:30:00,19.5,257.812,"Thu Sep 14 2017",12.46,12.86,21.56,100,87.1,0,863,462
2,2017-09-15 02:45:00,19.75,257.823,"Thu Sep 14 2017",12.45,13,21.57,100,86.6,0,863,463
2,2017-09-15 03:00:00,20,257.833,"Thu Sep 14 2017",12.35,13.12,21.58,100,85.5,0,863,464
2,2017-09-15 03:15:00,20.25,257.844,"Thu Sep 14 2017",12.31,13.11,21.59,100,85.6,0,863,465
2,2017-09-15 03:30:00,20.5,257.854,"Thu Sep 14 2017",12.21,12.91,21.59,100,86.6,0,863,466
2,2017-09-15 03:45:00,20.75,257.865,"Thu Sep 14 2017",12.16,12.82,21.57,100,86.9,0,863,467
2,2017-09-15 04:00:00,21,257.875,"Thu Sep 14 2017",11.94,13.05,21.6,100,84.6,0,863,468
2,2017-09-15 04:15:00,21.25,257.885,"Thu Sep 14 2017",11.9,13.08,21.6,100,83.8,0,863,469
2,2017-09-15 04:30:00,21.5,257.896,"Thu Sep 14 2017",11.89,13.18,21.6,100,82.6,0,863,470
2,2017-09-15 04:45:00,21.75,257.906,"Thu Sep 14 2017",11.91,13.49,21.61,100,80.3,0,863,471
2,2017-09-15 05:00:00,22,257.917,"Thu Sep 14 2017",12.15,13.4,21.6,100,80.5,0,863,472
2,2017-09-15 05:15:00,22.25,257.927,"Thu Sep 14 2017",12.21,13.49,21.6,100,79.2,0,863,473
2,2017-09-15 05:30:00,22.5,257.938,"Thu Sep 14 2017",12.27,13.57,21.6,100,78.6,0,863,474
2,2017-09-15 05:45:00,22.75,257.948,"Thu Sep 14 2017",12.04,13.46,21.62,100,79.5,0,863,475
2,2017-09-15 06:00:00,23,257.958,"Thu Sep 14 2017",12.06,13.34,21.59,100,80.7,0,863,476
2,2017-09-15 06:15:00,23.25,257.969,"Thu Sep 14 2017",12.07,13.16,21.59,100,82.2,0,863,477
2,2017-09-15 06:30:00,23.5,257.979,"Thu Sep 14 2017",11.88,12.89,21.58,100,83.7,0,863,478
2,2017-09-15 06:45:00,23.75,257.99,"Thu Sep 14 2017",11.69,12.87,21.58,100,83.7,0,863,479
2,2017-09-15 07:00:00,0,258,"Fri Sep 15 2017",11.58,13,21.56,100,82.8,0,863,480
2,2017-09-15 07:15:00,0.25,258.01,"Fri Sep 15 2017",11.53,13.2,21.56,100,81.6,0,863,481
2,2017-09-15 07:30:00,0.5,258.021,"Fri Sep 15 2017",11.63,13.33,21.54,100,80.2,0,863,482
2,2017-09-15 07:45:00,0.75,258.031,"Fri Sep 15 2017",11.75,13.45,21.54,100,78.7,0,863,483
2,2017-09-15 08:00:00,1,258.042,"Fri Sep 15 2017",11.87,13.49,21.52,100,77.4,0,863,484
2,2017-09-15 08:15:00,1.25,258.052,"Fri Sep 15 2017",12.03,13.46,21.51,100,77.4,0,863,485
2,2017-09-15 08:30:00,1.5,258.062,"Fri Sep 15 2017",12.02,13.3,21.49,100,79.4,0,863,486
2,2017-09-15 08:45:00,1.75,258.073,"Fri Sep 15 2017",11.86,13.01,21.49,100,81.9,0,863,487
2,2017-09-15 09:00:00,2,258.083,"Fri Sep 15 2017",11.85,12.83,21.47,100,82.8,0,863,488
2,2017-09-15 09:15:00,2.25,258.094,"Fri Sep 15 2017",11.84,12.79,21.47,100,82.7,0,863,489
2,2017-09-15 09:30:00,2.5,258.104,"Fri Sep 15 2017",11.76,12.66,21.43,100,82.3,0,863,490
2,2017-09-15 09:45:00,2.75,258.115,"Fri Sep 15 2017",11.67,12.61,21.4,100,82.5,0,863,491
2,2017-09-15 10:00:00,3,258.125,"Fri Sep 15 2017",11.56,12.62,21.4,100,82.5,0,863,492
2,2017-09-15 10:15:00,3.25,258.135,"Fri Sep 15 2017",11.61,12.51,21.38,100,83.4,0,863,493
2,2017-09-15 10:30:00,3.5,258.146,"Fri Sep 15 2017",11.7,12.48,21.36,100,84.1,0,863,494
2,2017-09-15 10:45:00,3.75,258.156,"Fri Sep 15 2017",11.9,12.38,21.34,100,84.7,0,863,495
2,2017-09-15 11:00:00,4,258.167,"Fri Sep 15 2017",12.05,12.31,21.32,100,85,0,863,496
2,2017-09-15 11:15:00,4.25,258.177,"Fri Sep 15 2017",12.08,12.27,21.33,100,84.8,0,863,497
2,2017-09-15 11:30:00,4.5,258.188,"Fri Sep 15 2017",12.11,12.35,21.29,100,82,0,863,498
2,2017-09-15 11:45:00,4.75,258.198,"Fri Sep 15 2017",12.13,12.51,21.24,100,80.6,0,863,499
2,2017-09-15 12:00:00,5,258.208,"Fri Sep 15 2017",12.1,12.67,21.26,100,80.4,0,863,500
2,2017-09-15 12:15:00,5.25,258.219,"Fri Sep 15 2017",11.82,12.57,21.24,100,80.5,0,863,501
2,2017-09-15 12:30:00,5.5,258.229,"Fri Sep 15 2017",11.68,12.31,21.22,100,81.5,0,863,502
2,2017-09-15 12:45:00,5.75,258.24,"Fri Sep 15 2017",11.68,12.2,21.22,100,83,0,863,503
2,2017-09-15 13:00:00,6,258.25,"Fri Sep 15 2017",11.62,12.24,21.18,100,83.7,0,864,504
2,2017-09-15 13:15:00,6.25,258.26,"Fri Sep 15 2017",11.62,12.38,21.16,100,83.1,0,864,505
2,2017-09-15 13:30:00,6.5,258.271,"Fri Sep 15 2017",11.56,12.46,21.14,100,82.6,0,864,506
2,2017-09-15 13:45:00,6.75,258.281,"Fri Sep 15 2017",11.55,12.44,21.11,100,82,0,864,507
2,2017-09-15 14:00:00,7,258.292,"Fri Sep 15 2017",11.53,12.37,21.1,100,82.6,0,864,508
2,2017-09-15 14:15:00,7.25,258.302,"Fri Sep 15 2017",11.74,12.72,21.09,100,80.8,0,864,509
2,2017-09-15 14:30:00,7.5,258.312,"Fri Sep 15 2017",12.12,13.25,21.06,100,79.1,0,864,510
2,2017-09-15 14:45:00,7.75,258.323,"Fri Sep 15 2017",12.7,13.65,21.03,100,77,0,864,511
2,2017-09-15 15:00:00,8,258.333,"Fri Sep 15 2017",14.21,14.31,21.02,97,73.8,0,864,512
2,2017-09-15 15:15:00,8.25,258.344,"Fri Sep 15 2017",15.25,14.87,20.99,91.8,70.2,0,864,513
2,2017-09-15 15:30:00,8.5,258.354,"Fri Sep 15 2017",16.67,15.79,20.99,87.1,67.36,0,864,514
2,2017-09-15 15:45:00,8.75,258.365,"Fri Sep 15 2017",17.11,15.62,20.97,84.4,67.88,0,864,515
2,2017-09-15 16:00:00,9,258.375,"Fri Sep 15 2017",16.92,14.76,20.93,85,70.1,0,864,516
2,2017-09-15 16:15:00,9.25,258.385,"Fri Sep 15 2017",15.94,14.62,20.92,88.7,71.4,0,864,517
2,2017-09-15 16:30:00,9.5,258.396,"Fri Sep 15 2017",16.11,15.01,20.91,88.5,69.74,0,864,518
2,2017-09-15 16:45:00,9.75,258.406,"Fri Sep 15 2017",15.84,14.83,20.89,90.3,70.4,0,864,519
2,2017-09-15 17:00:00,10,258.417,"Fri Sep 15 2017",16.01,15.48,20.87,88.1,66.47,0,864,520
2,2017-09-15 17:15:00,10.25,258.427,"Fri Sep 15 2017",17.57,16,20.87,82.4,64.46,0,864,521
2,2017-09-15 17:30:00,10.5,258.438,"Fri Sep 15 2017",18.53,16.5,20.84,78.4,63.3,0,864,522
2,2017-09-15 17:45:00,10.75,258.448,"Fri Sep 15 2017",18.55,16.14,20.82,76.5,63.49,0,864,523
2,2017-09-15 18:00:00,11,258.458,"Fri Sep 15 2017",18.38,16.28,20.8,78.3,64.33,0,864,524
2,2017-09-15 18:15:00,11.25,258.469,"Fri Sep 15 2017",19.59,16.41,20.79,76,65.52,0,864,525
2,2017-09-15 18:30:00,11.5,258.479,"Fri Sep 15 2017",19.05,15.97,20.77,77.6,67.42,0,864,526
2,2017-09-15 18:45:00,11.75,258.49,"Fri Sep 15 2017",18.13,15.8,20.77,81.1,68,0,864,527
2,2017-09-15 19:00:00,12,258.5,"Fri Sep 15 2017",19.1,16.74,20.75,76.5,63.44,0,864,528
2,2017-09-15 19:15:00,12.25,258.51,"Fri Sep 15 2017",20.05,16.91,20.73,72.7,62.01,0,864,529
2,2017-09-15 19:30:00,12.5,258.521,"Fri Sep 15 2017",20.36,16.96,20.72,71.9,62.12,0,864,530
2,2017-09-15 19:45:00,12.75,258.531,"Fri Sep 15 2017",20.37,16.98,20.72,71.1,61.37,0,864,531
2,2017-09-15 20:00:00,13,258.542,"Fri Sep 15 2017",20.19,17.42,20.71,72.3,60.5,0,864,532
2,2017-09-15 20:15:00,13.25,258.552,"Fri Sep 15 2017",20.55,17.47,20.71,69.83,59.45,0,864,533
2,2017-09-15 20:30:00,13.5,258.562,"Fri Sep 15 2017",20.73,17.69,20.7,68.81,58.09,0,864,534
2,2017-09-15 20:45:00,13.75,258.573,"Fri Sep 15 2017",20.22,17.37,20.71,70.3,58.88,0,864,535
2,2017-09-15 21:00:00,14,258.583,"Fri Sep 15 2017",18.58,16.99,20.71,76.2,61.03,0,864,536
2,2017-09-15 21:15:00,14.25,258.594,"Fri Sep 15 2017",19.06,17.64,20.71,75.3,58.56,0,864,537
2,2017-09-15 21:30:00,14.5,258.604,"Fri Sep 15 2017",20.26,17.89,20.71,71,57.58,0,864,538
2,2017-09-15 21:45:00,14.75,258.615,"Fri Sep 15 2017",19.21,17.37,20.72,74.1,59.28,0,864,539
2,2017-09-15 22:00:00,15,258.625,"Fri Sep 15 2017",18.67,17.19,20.73,77,60.3,0,864,540
2,2017-09-15 22:15:00,15.25,258.635,"Fri Sep 15 2017",17.66,16.83,20.73,82,61.21,0,864,541
2,2017-09-15 22:30:00,15.5,258.646,"Fri Sep 15 2017",17.29,17.22,20.74,82.5,60.04,0,864,542
2,2017-09-15 22:45:00,15.75,258.656,"Fri Sep 15 2017",18.42,17.81,20.76,78.8,57.98,0,864,543
2,2017-09-15 23:00:00,16,258.667,"Fri Sep 15 2017",17.97,17.55,20.77,79.9,58.93,0,864,544
2,2017-09-15 23:15:00,16.25,258.677,"Fri Sep 15 2017",17.78,17.38,20.79,81.3,58.8,0,864,545
2,2017-09-15 23:30:00,16.5,258.688,"Fri Sep 15 2017",17.4,17.31,20.8,83.1,59.05,0,864,546
2,2017-09-15 23:45:00,16.75,258.698,"Fri Sep 15 2017",17.21,17.49,20.83,83.7,57.73,0,864,547
2,2017-09-16,17,258.708,"Fri Sep 15 2017",16.89,17.55,20.83,84.4,57.22,0,864,548
2,2017-09-16 00:15:00,17.25,258.719,"Fri Sep 15 2017",16.52,17.31,20.86,85,57.8,0,864,549
2,2017-09-16 00:30:00,17.5,258.729,"Fri Sep 15 2017",16.21,17.08,20.87,86.5,59.52,0,864,550
2,2017-09-16 00:45:00,17.75,258.74,"Fri Sep 15 2017",15.84,16.72,20.9,87.6,60.88,0,864,551
2,2017-09-16 01:00:00,18,258.75,"Fri Sep 15 2017",15.49,16.33,20.91,89.2,62.07,0,864,552
2,2017-09-16 01:15:00,18.25,258.76,"Fri Sep 15 2017",15,15.87,20.93,91.4,63.82,0,864,553
2,2017-09-16 01:30:00,18.5,258.771,"Fri Sep 15 2017",14.49,15.6,20.94,93.1,64.9,0,864,554
2,2017-09-16 01:45:00,18.75,258.781,"Fri Sep 15 2017",14.14,15.46,20.94,93.6,65.01,0,864,555
2,2017-09-16 02:00:00,19,258.792,"Fri Sep 15 2017",14.04,15.34,20.96,93.2,65.35,0,864,556
2,2017-09-16 02:15:00,19.25,258.802,"Fri Sep 15 2017",14.1,15.24,20.98,92.9,65.53,0,864,557
2,2017-09-16 02:30:00,19.5,258.812,"Fri Sep 15 2017",13.94,15.11,21,93.1,65.58,0,864,558
2,2017-09-16 02:45:00,19.75,258.823,"Fri Sep 15 2017",14.04,14.95,21.01,91.8,66.01,0,864,559
2,2017-09-16 03:00:00,20,258.833,"Fri Sep 15 2017",14.22,14.9,21.02,90.9,66.37,0,865,560
2,2017-09-16 03:15:00,20.25,258.844,"Fri Sep 15 2017",14.12,14.95,21.03,91.4,66.43,0,864,561
2,2017-09-16 03:30:00,20.5,258.854,"Fri Sep 15 2017",14.02,14.91,21.04,92,66.71,0,864,562
2,2017-09-16 03:45:00,20.75,258.865,"Fri Sep 15 2017",14.01,15.13,21.04,92.4,65.89,0,864,563
2,2017-09-16 04:00:00,21,258.875,"Fri Sep 15 2017",14.19,15.29,21.05,91.6,65.37,0,864,564
2,2017-09-16 04:15:00,21.25,258.885,"Fri Sep 15 2017",14.19,15.21,21.05,91.7,65.7,0,864,565
2,2017-09-16 04:30:00,21.5,258.896,"Fri Sep 15 2017",14.15,15.14,21.06,91.8,65.91,0,864,566
2,2017-09-16 04:45:00,21.75,258.906,"Fri Sep 15 2017",14.08,15.18,21.06,92.2,65.77,0,864,567
2,2017-09-16 05:00:00,22,258.917,"Fri Sep 15 2017",13.82,15.29,21.06,93.9,65.4,0,864,568
2,2017-09-16 05:15:00,22.25,258.927,"Fri Sep 15 2017",13.73,15.24,21.07,94.4,65.44,0,864,569
2,2017-09-16 05:30:00,22.5,258.938,"Fri Sep 15 2017",13.34,15.1,21.07,95.6,63.79,0,864,570
2,2017-09-16 05:45:00,22.75,258.948,"Fri Sep 15 2017",12.58,15.25,21.06,97.7,55.62,0,864,571
2,2017-09-16 06:00:00,23,258.958,"Fri Sep 15 2017",12.14,15.37,21.06,97.6,47.57,0,864,572
2,2017-09-16 06:15:00,23.25,258.969,"Fri Sep 15 2017",11.96,15.5,21.07,93.3,42.23,0,864,573
2,2017-09-16 06:30:00,23.5,258.979,"Fri Sep 15 2017",12.06,15.56,21.06,85.9,39.3,0,864,574
2,2017-09-16 06:45:00,23.75,258.99,"Fri Sep 15 2017",12.23,15.49,21.05,80,37.68,0,864,575
2,2017-09-16 07:00:00,0,259,"Sat Sep 16 2017",12.25,15.47,21.04,77.5,36.04,0,864,576
2,2017-09-16 07:15:00,0.25,259.01,"Sat Sep 16 2017",12.36,15.58,21.03,74,34.04,0,864,577
2,2017-09-16 07:30:00,0.5,259.021,"Sat Sep 16 2017",12.68,15.51,21.03,70.1,32.98,0,864,578
2,2017-09-16 07:45:00,0.75,259.031,"Sat Sep 16 2017",12.81,15.57,21.02,66.53,32.1,0,864,579
2,2017-09-16 08:00:00,1,259.042,"Sat Sep 16 2017",12.71,15.6,21.01,66.67,31.61,0,864,580
2,2017-09-16 08:15:00,1.25,259.052,"Sat Sep 16 2017",12.68,15.58,20.99,66.2,31.15,0,864,581
2,2017-09-16 08:30:00,1.5,259.062,"Sat Sep 16 2017",12.57,15.39,20.99,65.14,31.25,0,864,582
2,2017-09-16 08:45:00,1.75,259.073,"Sat Sep 16 2017",12.45,15.31,20.98,63.14,31,0,864,583
2,2017-09-16 09:00:00,2,259.083,"Sat Sep 16 2017",12.73,15.08,20.97,59.79,31.31,0,864,584
2,2017-09-16 09:15:00,2.25,259.094,"Sat Sep 16 2017",12.48,14.98,20.95,61.16,31.11,0,864,585
2,2017-09-16 09:30:00,2.5,259.104,"Sat Sep 16 2017",12.56,15.07,20.94,59.29,30.66,0,864,586
2,2017-09-16 09:45:00,2.75,259.115,"Sat Sep 16 2017",12.62,15.06,20.93,59.08,30.55,0,864,587
2,2017-09-16 10:00:00,3,259.125,"Sat Sep 16 2017",12.53,14.94,20.91,59.39,30.72,0,864,588
2,2017-09-16 10:15:00,3.25,259.135,"Sat Sep 16 2017",12.62,15.04,20.91,57.59,30.56,0,864,589
2,2017-09-16 10:30:00,3.5,259.146,"Sat Sep 16 2017",12.69,14.86,20.88,58.21,30.98,0,864,590
2,2017-09-16 10:45:00,3.75,259.156,"Sat Sep 16 2017",12.54,14.68,20.88,58.48,31.57,0,864,591
2,2017-09-16 11:00:00,4,259.167,"Sat Sep 16 2017",12.68,14.68,20.85,57.94,31.28,0,864,592
2,2017-09-16 11:15:00,4.25,259.177,"Sat Sep 16 2017",12.26,14.62,20.84,60.32,31.34,0,864,593
2,2017-09-16 11:30:00,4.5,259.188,"Sat Sep 16 2017",12.25,14.68,20.81,59.06,30.71,0,864,594
2,2017-09-16 11:45:00,4.75,259.198,"Sat Sep 16 2017",12.75,14.72,20.79,55.86,30.56,0,864,595
2,2017-09-16 12:00:00,5,259.208,"Sat Sep 16 2017",12.92,14.65,20.77,54.74,30.46,0,864,596
2,2017-09-16 12:15:00,5.25,259.219,"Sat Sep 16 2017",12.97,14.77,20.75,54.55,29.49,0,864,597
2,2017-09-16 12:30:00,5.5,259.229,"Sat Sep 16 2017",12.56,14.74,20.73,55.93,29.37,0,864,598
2,2017-09-16 12:45:00,5.75,259.24,"Sat Sep 16 2017",12.53,14.56,20.71,55.7,29.74,0,864,599
2,2017-09-16 13:00:00,6,259.25,"Sat Sep 16 2017",13.01,14.6,20.69,52.52,29.33,0,865,600
2,2017-09-16 13:15:00,6.25,259.26,"Sat Sep 16 2017",13.16,14.64,20.66,53,29.09,0,865,601
2,2017-09-16 13:30:00,6.5,259.271,"Sat Sep 16 2017",12.5,14.51,20.65,57.05,29.83,0,865,602
2,2017-09-16 13:45:00,6.75,259.281,"Sat Sep 16 2017",12.68,14.69,20.63,56.72,29.82,0,865,603
2,2017-09-16 14:00:00,7,259.292,"Sat Sep 16 2017",12.86,14.7,20.61,58.72,30.64,0,865,604
2,2017-09-16 14:15:00,7.25,259.302,"Sat Sep 16 2017",13.08,14.75,20.58,61.18,31.42,0,865,605
2,2017-09-16 14:30:00,7.5,259.312,"Sat Sep 16 2017",13.11,15.07,20.57,64.73,31.23,0,865,606
2,2017-09-16 14:45:00,7.75,259.323,"Sat Sep 16 2017",13.42,15.41,20.54,64.41,30.41,0,865,607
2,2017-09-16 15:00:00,8,259.333,"Sat Sep 16 2017",15.58,15.98,20.53,57.02,29.46,0,865,608
2,2017-09-16 15:15:00,8.25,259.344,"Sat Sep 16 2017",17.71,16.64,20.5,52.01,28.94,0,865,609
2,2017-09-16 15:30:00,8.5,259.354,"Sat Sep 16 2017",18.93,17.3,20.48,47.28,28.49,0,865,610
2,2017-09-16 15:45:00,8.75,259.365,"Sat Sep 16 2017",19.48,17.98,20.45,47.57,28.22,0,865,611
2,2017-09-16 16:00:00,9,259.375,"Sat Sep 16 2017",19.5,18.91,20.43,46.94,27.64,0,865,612
2,2017-09-16 16:15:00,9.25,259.385,"Sat Sep 16 2017",18.36,19.45,20.41,53.94,27.32,0,865,613
2,2017-09-16 16:30:00,9.5,259.396,"Sat Sep 16 2017",18.04,19.55,20.39,54.26,25.84,0,865,614
2,2017-09-16 16:45:00,9.75,259.406,"Sat Sep 16 2017",18.68,19.58,20.37,48.42,27.26,0,865,615
2,2017-09-16 17:00:00,10,259.417,"Sat Sep 16 2017",19.01,19.31,20.35,47.42,25.62,0,865,616
2,2017-09-16 17:15:00,10.25,259.427,"Sat Sep 16 2017",20.01,20.25,20.33,41.4,23.5,0,865,617
2,2017-09-16 17:30:00,10.5,259.438,"Sat Sep 16 2017",21.37,19.74,20.3,42.28,27.57,0,865,618
2,2017-09-16 17:45:00,10.75,259.448,"Sat Sep 16 2017",22.04,19.65,20.29,44.84,30.49,0,865,619
2,2017-09-16 18:00:00,11,259.458,"Sat Sep 16 2017",22.04,19.29,20.27,44.61,30.85,0,865,620
2,2017-09-16 18:15:00,11.25,259.469,"Sat Sep 16 2017",21.82,19.23,20.25,47.65,33.16,0,865,621
2,2017-09-16 18:30:00,11.5,259.479,"Sat Sep 16 2017",22.12,19.75,20.23,47.59,34.06,0,865,622
2,2017-09-16 18:45:00,11.75,259.49,"Sat Sep 16 2017",22.3,19.66,20.22,47.25,33.64,0,865,623
2,2017-09-16 19:00:00,12,259.5,"Sat Sep 16 2017",22.14,19.55,20.2,48.65,34.95,0,865,624
2,2017-09-16 19:15:00,12.25,259.51,"Sat Sep 16 2017",21.61,19.4,20.19,50.81,36.64,0,865,625
2,2017-09-16 19:30:00,12.5,259.521,"Sat Sep 16 2017",21.57,19.13,20.18,52.27,38.84,0,865,626
2,2017-09-16 19:45:00,12.75,259.531,"Sat Sep 16 2017",21.46,19.14,20.17,54.85,40.54,0,865,627
2,2017-09-16 20:00:00,13,259.542,"Sat Sep 16 2017",21.88,19.65,20.17,54.55,39.86,0,865,628
2,2017-09-16 20:15:00,13.25,259.552,"Sat Sep 16 2017",21.48,19.35,20.16,55.22,40.5,0,865,629
2,2017-09-16 20:30:00,13.5,259.562,"Sat Sep 16 2017",21.62,19.39,20.16,56.51,41.07,0,864,630
2,2017-09-16 20:45:00,13.75,259.573,"Sat Sep 16 2017",22.01,19.74,20.14,52.56,38.81,0,864,631
2,2017-09-16 21:00:00,14,259.583,"Sat Sep 16 2017",21.46,19.59,20.16,54.01,39.39,0,864,632
2,2017-09-16 21:15:00,14.25,259.594,"Sat Sep 16 2017",20.93,19.46,20.16,57.64,39.97,0,864,633
2,2017-09-16 21:30:00,14.5,259.604,"Sat Sep 16 2017",20.48,19.05,20.17,62.02,41.92,0,864,634
2,2017-09-16 21:45:00,14.75,259.615,"Sat Sep 16 2017",20.38,19.2,20.17,60.1,42.11,0,864,635
2,2017-09-16 22:00:00,15,259.625,"Sat Sep 16 2017",20.35,18.9,20.18,62.28,43.97,0,864,636
2,2017-09-16 22:15:00,15.25,259.635,"Sat Sep 16 2017",20.02,18.88,20.19,64.88,46.26,0,864,637
2,2017-09-16 22:30:00,15.5,259.646,"Sat Sep 16 2017",20.1,18.63,20.2,64.84,45.77,0,864,638
2,2017-09-16 22:45:00,15.75,259.656,"Sat Sep 16 2017",19.73,19.15,20.22,64.47,43.75,0,864,639
2,2017-09-16 23:00:00,16,259.667,"Sat Sep 16 2017",19.61,19.14,20.23,64.56,44.16,0,864,640
2,2017-09-16 23:15:00,16.25,259.677,"Sat Sep 16 2017",19.38,19.45,20.24,65.89,43.46,0,864,641
2,2017-09-16 23:30:00,16.5,259.688,"Sat Sep 16 2017",19.24,18.98,20.26,65.91,44.77,0,864,642
2,2017-09-16 23:45:00,16.75,259.698,"Sat Sep 16 2017",18.98,19.08,20.29,68.46,44.14,0,864,643
2,2017-09-17,17,259.708,"Sat Sep 16 2017",18.6,19.06,20.31,68.06,44.08,0,864,644
2,2017-09-17 00:15:00,17.25,259.719,"Sat Sep 16 2017",18.05,18.93,20.33,69.24,43.72,0,864,645
2,2017-09-17 00:30:00,17.5,259.729,"Sat Sep 16 2017",17.46,18.64,20.35,72,44.79,0,864,646
2,2017-09-17 00:45:00,17.75,259.74,"Sat Sep 16 2017",16.98,18.31,20.37,73.4,46.56,0,864,647
2,2017-09-17 01:00:00,18,259.75,"Sat Sep 16 2017",16.55,17.81,20.39,76.3,49.4,0,864,648
2,2017-09-17 01:15:00,18.25,259.76,"Sat Sep 16 2017",15.98,17.42,20.42,79.2,51.29,0,864,649
2,2017-09-17 01:30:00,18.5,259.771,"Sat Sep 16 2017",15.46,17.22,20.43,80.9,51.91,0,864,650
2,2017-09-17 01:45:00,18.75,259.781,"Sat Sep 16 2017",15.1,16.98,20.45,82.3,53.71,0,864,651
2,2017-09-17 02:00:00,19,259.792,"Sat Sep 16 2017",14.78,16.97,20.47,84.4,53.61,0,864,652
2,2017-09-17 02:15:00,19.25,259.802,"Sat Sep 16 2017",14.43,16.87,20.48,85.5,53.75,0,864,653
2,2017-09-17 02:30:00,19.5,259.812,"Sat Sep 16 2017",14.49,16.87,20.51,84.6,52.44,0,864,654
2,2017-09-17 02:45:00,19.75,259.823,"Sat Sep 16 2017",14.85,16.89,20.54,81.3,52.33,0,864,655
2,2017-09-17 03:00:00,20,259.833,"Sat Sep 16 2017",15.29,16.72,20.54,79.4,53.14,0,864,656
2,2017-09-17 03:15:00,20.25,259.844,"Sat Sep 16 2017",15.23,16.62,20.56,80.1,53.68,0,864,657
2,2017-09-17 03:30:00,20.5,259.854,"Sat Sep 16 2017",15.08,16.64,20.57,81.1,53.46,0,864,658
2,2017-09-17 03:45:00,20.75,259.865,"Sat Sep 16 2017",15.06,16.69,20.59,80.8,52.96,0,865,659
2,2017-09-17 04:00:00,21,259.875,"Sat Sep 16 2017",15.04,16.56,20.59,80.8,53.84,0,865,660
2,2017-09-17 04:15:00,21.25,259.885,"Sat Sep 16 2017",14.89,16.42,20.6,81.5,54.47,0,865,661
2,2017-09-17 04:30:00,21.5,259.896,"Sat Sep 16 2017",14.88,16.46,20.61,81.4,54.37,0,865,662
2,2017-09-17 04:45:00,21.75,259.906,"Sat Sep 16 2017",14.73,16.27,20.62,82.1,54.76,0,865,663
2,2017-09-17 05:00:00,22,259.917,"Sat Sep 16 2017",14.67,16.43,20.62,81.7,54.3,0,865,664
2,2017-09-17 05:15:00,22.25,259.927,"Sat Sep 16 2017",14.74,16.38,20.62,81.5,54.36,0,865,665
2,2017-09-17 05:30:00,22.5,259.938,"Sat Sep 16 2017",14.34,15.75,20.63,83.4,54.45,0,865,666
2,2017-09-17 05:45:00,22.75,259.948,"Sat Sep 16 2017",14.05,15.56,20.64,81.1,52.71,0,865,667
2,2017-09-17 06:00:00,23,259.958,"Sat Sep 16 2017",13.83,15.48,20.63,80.2,51.73,0,865,668
2,2017-09-17 06:15:00,23.25,259.969,"Sat Sep 16 2017",13.92,15.37,20.64,78.7,51.45,0,865,669
2,2017-09-17 06:30:00,23.5,259.979,"Sat Sep 16 2017",13.76,15.31,20.63,78.5,50.88,0,865,670
2,2017-09-17 06:45:00,23.75,259.99,"Sat Sep 16 2017",13.69,15.17,20.62,77.7,50.25,0,864,671
2,2017-09-17 07:00:00,0,260,"Sun Sep 17 2017",13.45,15.09,20.62,77.9,50.39,0,864,672
2,2017-09-17 07:15:00,0.25,260.01,"Sun Sep 17 2017",13.58,15.28,20.62,77.9,50.21,0,865,673
2,2017-09-17 07:30:00,0.5,260.021,"Sun Sep 17 2017",13.38,16.11,20.61,78.5,46.39,0,864,674
2,2017-09-17 07:45:00,0.75,260.031,"Sun Sep 17 2017",13.63,16.43,20.61,77.4,44.95,0,864,675
2,2017-09-17 08:00:00,1,260.042,"Sun Sep 17 2017",13.43,15.44,20.6,78.2,48.19,0,864,676
2,2017-09-17 08:15:00,1.25,260.052,"Sun Sep 17 2017",13.32,14.79,20.59,78.2,51.77,0,864,677
2,2017-09-17 08:30:00,1.5,260.062,"Sun Sep 17 2017",13.35,14.99,20.58,78.8,52,0,864,678
2,2017-09-17 08:45:00,1.75,260.073,"Sun Sep 17 2017",13.38,15.82,20.56,79,48.1,0,864,679
2,2017-09-17 09:00:00,2,260.083,"Sun Sep 17 2017",13.47,16.92,20.57,78.5,41.67,0,864,680
2,2017-09-17 09:15:00,2.25,260.094,"Sun Sep 17 2017",13.52,16.86,20.55,78.7,41.84,0,864,681
2,2017-09-17 09:30:00,2.5,260.104,"Sun Sep 17 2017",13.4,16.35,20.54,79.2,44.84,0,864,682
2,2017-09-17 09:45:00,2.75,260.115,"Sun Sep 17 2017",13.11,16.06,20.53,80.7,45.97,0,864,683
2,2017-09-17 10:00:00,3,260.125,"Sun Sep 17 2017",12.85,15.53,20.52,81.7,48.83,0,864,684
2,2017-09-17 10:15:00,3.25,260.135,"Sun Sep 17 2017",12.78,14.71,20.51,82.1,52.16,0,864,685
2,2017-09-17 10:30:00,3.5,260.146,"Sun Sep 17 2017",12.6,14.59,20.49,82.4,52.8,0,864,686
2,2017-09-17 10:45:00,3.75,260.156,"Sun Sep 17 2017",12.57,14.27,20.46,82.4,54.2,0,864,687
2,2017-09-17 11:00:00,4,260.167,"Sun Sep 17 2017",12.53,14.23,20.46,82.5,53.89,0,864,688
2,2017-09-17 11:15:00,4.25,260.177,"Sun Sep 17 2017",12.49,14.32,20.43,82,52.23,0,864,689
2,2017-09-17 11:30:00,4.5,260.188,"Sun Sep 17 2017",12.37,14.46,20.43,82.1,50.52,0,864,690
2,2017-09-17 11:45:00,4.75,260.198,"Sun Sep 17 2017",12.2,14.42,20.41,82.4,51.22,0,864,691
2,2017-09-17 12:00:00,5,260.208,"Sun Sep 17 2017",12.23,14.28,20.39,82,52.16,0,864,692
2,2017-09-17 12:15:00,5.25,260.219,"Sun Sep 17 2017",12.31,14.12,20.37,80.7,52.2,0,864,693
2,2017-09-17 12:30:00,5.5,260.229,"Sun Sep 17 2017",12.28,13.98,20.36,80.4,52.28,0,864,694
2,2017-09-17 12:45:00,5.75,260.24,"Sun Sep 17 2017",12.36,14.27,20.34,79.4,50.38,0,865,695
2,2017-09-17 13:00:00,6,260.25,"Sun Sep 17 2017",12.16,14.25,20.32,80,50.02,0,865,696
2,2017-09-17 13:15:00,6.25,260.26,"Sun Sep 17 2017",12.05,14.42,20.3,80.1,49.51,0,865,697
2,2017-09-17 13:30:00,6.5,260.271,"Sun Sep 17 2017",12.25,14.48,20.28,79.9,49.65,0,865,698
2,2017-09-17 13:45:00,6.75,260.281,"Sun Sep 17 2017",12.29,14.93,20.24,80.7,48.82,0,865,699
2,2017-09-17 14:00:00,7,260.292,"Sun Sep 17 2017",12.95,15.84,20.24,80.4,46.92,0,865,700
2,2017-09-17 14:15:00,7.25,260.302,"Sun Sep 17 2017",13.49,16.41,20.23,81,46.71,0,865,701
2,2017-09-17 14:30:00,7.5,260.312,"Sun Sep 17 2017",13.98,16.53,20.2,82.3,47.75,0,865,702
2,2017-09-17 14:45:00,7.75,260.323,"Sun Sep 17 2017",14.74,17,20.17,80.4,47.89,0,865,703
2,2017-09-17 15:00:00,8,260.333,"Sun Sep 17 2017",16.27,17.83,20.16,75,45.87,0,865,704
2,2017-09-17 15:15:00,8.25,260.344,"Sun Sep 17 2017",17.33,18.05,20.13,66.86,37.01,0,866,705
2,2017-09-17 15:30:00,8.5,260.354,"Sun Sep 17 2017",18.42,18.13,20.11,57.52,36.38,0,866,706
2,2017-09-17 15:45:00,8.75,260.365,"Sun Sep 17 2017",18.59,17.89,20.1,59.9,40.4,0,866,707
2,2017-09-17 16:00:00,9,260.375,"Sun Sep 17 2017",18.29,17.45,20.07,68.08,49.09,0,866,708
2,2017-09-17 16:15:00,9.25,260.385,"Sun Sep 17 2017",17.86,17.98,20.05,69.62,45.42,0,866,709
2,2017-09-17 16:30:00,9.5,260.396,"Sun Sep 17 2017",17.94,17.84,20.04,71.1,49.28,0,866,710
2,2017-09-17 16:45:00,9.75,260.406,"Sun Sep 17 2017",18.12,17.97,20.02,66.82,45.51,0,866,711
2,2017-09-17 17:00:00,10,260.417,"Sun Sep 17 2017",18.63,18.11,20,57.26,37.99,0,866,712
2,2017-09-17 17:15:00,10.25,260.427,"Sun Sep 17 2017",19.39,18.37,19.96,59.04,41.12,0,866,713
2,2017-09-17 17:30:00,10.5,260.438,"Sun Sep 17 2017",20.23,18.09,19.95,56.88,42.31,0,866,714
2,2017-09-17 17:45:00,10.75,260.448,"Sun Sep 17 2017",20.94,18.55,19.93,55.94,41.48,0,866,715
2,2017-09-17 18:00:00,11,260.458,"Sun Sep 17 2017",21.75,18.8,19.91,53.59,39.87,0,866,716
2,2017-09-17 18:15:00,11.25,260.469,"Sun Sep 17 2017",22.01,18.9,19.91,49.53,36.39,0,866,717
2,2017-09-17 18:30:00,11.5,260.479,"Sun Sep 17 2017",21.85,18.84,19.89,49.13,36.65,0,866,718
2,2017-09-17 18:45:00,11.75,260.49,"Sun Sep 17 2017",21.81,19.37,19.87,48.01,34.97,0,866,719
2,2017-09-17 19:00:00,12,260.5,"Sun Sep 17 2017",21.95,19.31,19.86,48.24,35.87,0,866,720
2,2017-09-17 19:15:00,12.25,260.51,"Sun Sep 17 2017",22.35,19.34,19.84,47.58,35.44,0,866,721
2,2017-09-17 19:30:00,12.5,260.521,"Sun Sep 17 2017",22.46,19.63,19.83,47.71,35.51,0,866,722
2,2017-09-17 19:45:00,12.75,260.531,"Sun Sep 17 2017",22.81,19.78,19.82,48.34,36.79,0,866,723
2,2017-09-17 20:00:00,13,260.542,"Sun Sep 17 2017",22.56,19.68,19.81,48.91,36.64,0,866,724
2,2017-09-17 20:15:00,13.25,260.552,"Sun Sep 17 2017",22.5,19.85,19.82,47.37,35.2,0,866,725
2,2017-09-17 20:30:00,13.5,260.562,"Sun Sep 17 2017",22.58,20.11,19.8,47.97,35.17,0,865,726
2,2017-09-17 20:45:00,13.75,260.573,"Sun Sep 17 2017",22.79,20.17,19.8,47.31,34.86,0,865,727
2,2017-09-17 21:00:00,14,260.583,"Sun Sep 17 2017",22.74,20.25,19.8,47.34,34.23,0,866,728
2,2017-09-17 21:15:00,14.25,260.594,"Sun Sep 17 2017",22.8,20.23,19.81,47.6,34.76,0,865,729
2,2017-09-17 21:30:00,14.5,260.604,"Sun Sep 17 2017",22.47,20.37,19.82,46.4,33.33,0,865,730
2,2017-09-17 21:45:00,14.75,260.615,"Sun Sep 17 2017",22.48,20.39,19.83,46.88,33.58,0,865,731
2,2017-09-17 22:00:00,15,260.625,"Sun Sep 17 2017",22.28,20.32,19.83,46.75,33.28,0,865,732
2,2017-09-17 22:15:00,15.25,260.635,"Sun Sep 17 2017",21.65,19.98,19.85,47.64,33.07,0,865,733
2,2017-09-17 22:30:00,15.5,260.646,"Sun Sep 17 2017",21.13,19.93,19.86,47.18,32.38,0,865,734
2,2017-09-17 22:45:00,15.75,260.656,"Sun Sep 17 2017",20.86,19.95,19.89,48.15,31.35,0,865,735
2,2017-09-17 23:00:00,16,260.667,"Sun Sep 17 2017",20.14,19.77,19.9,48.61,31.48,0,865,736
2,2017-09-17 23:15:00,16.25,260.677,"Sun Sep 17 2017",19.65,19.59,19.92,50.27,31.57,0,865,737
2,2017-09-17 23:30:00,16.5,260.688,"Sun Sep 17 2017",19.27,19.49,19.94,50.83,31.42,0,865,738
2,2017-09-17 23:45:00,16.75,260.698,"Sun Sep 17 2017",18.9,19.17,19.97,51.88,31.79,0,865,739
2,2017-09-18,17,260.708,"Sun Sep 17 2017",18.46,19.04,19.99,53.91,32.69,0,865,740
2,2017-09-18 00:15:00,17.25,260.719,"Sun Sep 17 2017",17.91,18.72,20.01,55.76,33.34,0,865,741
2,2017-09-18 00:30:00,17.5,260.729,"Sun Sep 17 2017",17.52,18.43,20.03,56.22,33.83,0,865,742
2,2017-09-18 00:45:00,17.75,260.74,"Sun Sep 17 2017",17.13,17.97,20.05,58.34,34.86,0,865,743
2,2017-09-18 01:00:00,18,260.75,"Sun Sep 17 2017",16.4,17.6,20.08,61.82,35.36,0,865,744
2,2017-09-18 01:15:00,18.25,260.76,"Sun Sep 17 2017",15.61,17.3,20.1,63.32,35.88,0,866,745
2,2017-09-18 01:30:00,18.5,260.771,"Sun Sep 17 2017",14.93,17.09,20.13,64.49,36.59,0,866,746
2,2017-09-18 01:45:00,18.75,260.781,"Sun Sep 17 2017",14.72,17.02,20.15,64.48,36.78,0,866,747
2,2017-09-18 02:00:00,19,260.792,"Sun Sep 17 2017",14.52,17.01,20.17,64.67,36.44,0,866,748
2,2017-09-18 02:15:00,19.25,260.802,"Sun Sep 17 2017",14.78,16.99,20.19,62.72,36.25,0,866,749
2,2017-09-18 02:30:00,19.5,260.812,"Sun Sep 17 2017",14.75,17.17,20.21,62.54,35.67,0,866,750
2,2017-09-18 02:45:00,19.75,260.823,"Sun Sep 17 2017",14.68,16.95,20.22,62.5,36.53,0,866,751
2,2017-09-18 03:00:00,20,260.833,"Sun Sep 17 2017",14.48,16.53,20.24,63.15,38.11,0,866,752
2,2017-09-18 03:15:00,20.25,260.844,"Sun Sep 17 2017",14.03,16.36,20.26,65.62,38.77,0,865,753
2,2017-09-18 03:30:00,20.5,260.854,"Sun Sep 17 2017",13.66,16.5,20.27,67.63,38.26,0,865,754
2,2017-09-18 03:45:00,20.75,260.865,"Sun Sep 17 2017",13.5,16.65,20.28,67.93,37.64,0,866,755
2,2017-09-18 04:00:00,21,260.875,"Sun Sep 17 2017",13.55,16.6,20.3,68.43,37.52,0,865,756
2,2017-09-18 04:15:00,21.25,260.885,"Sun Sep 17 2017",13.44,16.54,20.31,68.77,37.83,0,865,757
2,2017-09-18 04:30:00,21.5,260.896,"Sun Sep 17 2017",13.34,16.22,20.32,68.6,38.89,0,865,758
2,2017-09-18 04:45:00,21.75,260.906,"Sun Sep 17 2017",13.47,16.42,20.33,67.8,38.28,0,865,759
2,2017-09-18 05:00:00,22,260.917,"Sun Sep 17 2017",13.94,16.48,20.33,65.25,37.86,0,865,760
2,2017-09-18 05:15:00,22.25,260.927,"Sun Sep 17 2017",14.42,16.72,20.34,62.92,34.92,0,865,761
2,2017-09-18 05:30:00,22.5,260.938,"Sun Sep 17 2017",14.68,16.86,20.34,60.39,33.76,0,865,762
2,2017-09-18 05:45:00,22.75,260.948,"Sun Sep 17 2017",14.85,16.75,20.34,58.15,33.82,0,865,763
2,2017-09-18 06:00:00,23,260.958,"Sun Sep 17 2017",14.74,16.56,20.34,57.95,34.94,0,865,764
2,2017-09-18 06:15:00,23.25,260.969,"Sun Sep 17 2017",14.63,16.51,20.34,58.73,35.1,0,865,765
2,2017-09-18 06:30:00,23.5,260.979,"Sun Sep 17 2017",14.57,16.53,20.34,58.71,34.59,0,865,766
2,2017-09-18 06:45:00,23.75,260.99,"Sun Sep 17 2017",14.71,16.5,20.34,57.46,33.79,0,865,767
2,2017-09-18 07:00:00,0,261,"Mon Sep 18 2017",15.01,16.36,20.33,55.68,33.8,0,865,768
2,2017-09-18 07:15:00,0.25,261.01,"Mon Sep 18 2017",15.04,16.14,20.33,55.29,34.06,0,865,769
2,2017-09-18 07:30:00,0.5,261.021,"Mon Sep 18 2017",14.87,16.05,20.31,55.37,33.95,0,865,770
2,2017-09-18 07:45:00,0.75,261.031,"Mon Sep 18 2017",14.82,15.94,20.31,55.05,33.86,0,865,771
2,2017-09-18 08:00:00,1,261.042,"Mon Sep 18 2017",14.76,15.84,20.3,55.37,34.62,0,865,772
2,2017-09-18 08:15:00,1.25,261.052,"Mon Sep 18 2017",14.57,15.79,20.29,56.32,34.76,0,865,773
2,2017-09-18 08:30:00,1.5,261.062,"Mon Sep 18 2017",14.55,15.61,20.28,56.28,35.23,0,865,774
2,2017-09-18 08:45:00,1.75,261.073,"Mon Sep 18 2017",14.31,15.46,20.27,56.71,35.09,0,864,775
2,2017-09-18 09:00:00,2,261.083,"Mon Sep 18 2017",14.21,15.39,20.26,56.33,34.81,0,864,776
2,2017-09-18 09:15:00,2.25,261.094,"Mon Sep 18 2017",14.35,15.19,20.25,55.52,34.98,0,864,777
2,2017-09-18 09:30:00,2.5,261.104,"Mon Sep 18 2017",13.99,15,20.24,56.19,34.69,0,864,778
2,2017-09-18 09:45:00,2.75,261.115,"Mon Sep 18 2017",13.78,14.95,20.22,55.92,34.15,0,864,779
2,2017-09-18 10:00:00,3,261.125,"Mon Sep 18 2017",13.71,14.8,20.21,55.53,34.13,0,864,780
2,2017-09-18 10:15:00,3.25,261.135,"Mon Sep 18 2017",13.53,14.74,20.2,54.43,32.44,0,864,781
2,2017-09-18 10:30:00,3.5,261.146,"Mon Sep 18 2017",13.63,14.83,20.18,52.89,31.62,0,864,782
2,2017-09-18 10:45:00,3.75,261.156,"Mon Sep 18 2017",13.77,14.72,20.17,50.11,29.49,0,864,783
2,2017-09-18 11:00:00,4,261.167,"Mon Sep 18 2017",13.81,14.54,20.15,47.12,28.55,0,864,784
2,2017-09-18 11:15:00,4.25,261.177,"Mon Sep 18 2017",13.5,14.43,20.14,48.08,29.21,0,864,785
2,2017-09-18 11:30:00,4.5,261.188,"Mon Sep 18 2017",13.62,14.49,20.12,47.98,29.43,0,864,786
2,2017-09-18 11:45:00,4.75,261.198,"Mon Sep 18 2017",13.71,14.54,20.1,47.95,29.34,0,864,787
2,2017-09-18 12:00:00,5,261.208,"Mon Sep 18 2017",13.83,14.58,20.08,47.58,29.05,0,864,788
2,2017-09-18 12:15:00,5.25,261.219,"Mon Sep 18 2017",13.92,14.62,20.06,46.62,28.52,0,864,789
2,2017-09-18 12:30:00,5.5,261.229,"Mon Sep 18 2017",13.8,14.67,20.05,46.56,28.22,0,864,790
2,2017-09-18 12:45:00,5.75,261.24,"Mon Sep 18 2017",13.73,14.58,20.02,46.42,28.2,0,864,791
2,2017-09-18 13:00:00,6,261.25,"Mon Sep 18 2017",13.81,14.58,20.01,46.17,28.34,0,864,792
2,2017-09-18 13:15:00,6.25,261.26,"Mon Sep 18 2017",13.98,14.76,19.99,46.18,28,0,864,793
2,2017-09-18 13:30:00,6.5,261.271,"Mon Sep 18 2017",13.46,14.64,19.97,49.24,28.39,0,864,794
2,2017-09-18 13:45:00,6.75,261.281,"Mon Sep 18 2017",13.09,14.87,19.95,53.08,27.83,0,864,795
2,2017-09-18 14:00:00,7,261.292,"Mon Sep 18 2017",13.59,14.62,19.93,49.82,28.42,0,865,796
2,2017-09-18 14:15:00,7.25,261.302,"Mon Sep 18 2017",13.97,14.75,19.91,49.58,28,0,865,797
2,2017-09-18 14:30:00,7.5,261.312,"Mon Sep 18 2017",14.32,14.94,19.89,49.73,28.03,0,865,798
2,2017-09-18 14:45:00,7.75,261.323,"Mon Sep 18 2017",14.58,14.81,19.87,49.55,30.61,0,865,799
2,2017-09-18 15:00:00,8,261.333,"Mon Sep 18 2017",15.34,15.31,19.85,50.71,31.95,0,864,800
2,2017-09-18 15:15:00,8.25,261.344,"Mon Sep 18 2017",15.94,15.53,19.83,49.91,32.02,0,864,801
2,2017-09-18 15:30:00,8.5,261.354,"Mon Sep 18 2017",16.44,15.52,19.82,50.33,32.44,0,865,802
2,2017-09-18 15:45:00,8.75,261.365,"Mon Sep 18 2017",16.7,15.49,19.8,48.44,32.42,0,865,803
2,2017-09-18 16:00:00,9,261.375,"Mon Sep 18 2017",16.94,15.73,19.78,47.16,32.17,0,865,804
2,2017-09-18 16:15:00,9.25,261.385,"Mon Sep 18 2017",16.99,15.95,19.76,49.37,33.3,0,865,805
2,2017-09-18 16:30:00,9.5,261.396,"Mon Sep 18 2017",16.94,16.26,19.74,49.75,32.89,0,865,806
2,2017-09-18 16:45:00,9.75,261.406,"Mon Sep 18 2017",17.18,16.41,19.72,49.15,32.61,0,865,807
2,2017-09-18 17:00:00,10,261.417,"Mon Sep 18 2017",17.69,16.75,19.71,51.67,35.29,0,865,808
2,2017-09-18 17:15:00,10.25,261.427,"Mon Sep 18 2017",18.43,16.73,19.69,53.02,38.74,0,865,809
2,2017-09-18 17:30:00,10.5,261.438,"Mon Sep 18 2017",18.83,16.86,19.67,55.12,41.78,0,865,810
2,2017-09-18 17:45:00,10.75,261.448,"Mon Sep 18 2017",18.59,16.28,19.66,58.95,46.95,0,865,811
2,2017-09-18 18:00:00,11,261.458,"Mon Sep 18 2017",17.88,15.82,19.64,64.63,52.07,0,865,812
2,2017-09-18 18:15:00,11.25,261.469,"Mon Sep 18 2017",17.86,15.77,19.62,67.5,54.31,0,865,813
2,2017-09-18 18:30:00,11.5,261.479,"Mon Sep 18 2017",17.66,15.61,19.61,67.46,54.71,0,865,814
2,2017-09-18 18:45:00,11.75,261.49,"Mon Sep 18 2017",17.31,15.59,19.6,71.5,57.85,0,865,815
2,2017-09-18 19:00:00,12,261.5,"Mon Sep 18 2017",17.07,15.35,19.59,75.1,60.76,0,865,816
2,2017-09-18 19:15:00,12.25,261.51,"Mon Sep 18 2017",16.89,15.15,19.58,74.4,60.84,0,865,817
2,2017-09-18 19:30:00,12.5,261.521,"Mon Sep 18 2017",17,15.16,19.57,77.3,64.05,0,865,818
2,2017-09-18 19:45:00,12.75,261.531,"Mon Sep 18 2017",17.05,15.42,19.56,77.4,62.32,0,865,819
2,2017-09-18 20:00:00,13,261.542,"Mon Sep 18 2017",17.35,15.47,19.56,74.7,60.75,0,865,820
2,2017-09-18 20:15:00,13.25,261.552,"Mon Sep 18 2017",17.34,15.22,19.56,73.1,60.18,0,865,821
2,2017-09-18 20:30:00,13.5,261.562,"Mon Sep 18 2017",17.52,15.48,19.55,76.1,63.34,0,865,822
2,2017-09-18 20:45:00,13.75,261.573,"Mon Sep 18 2017",17.65,15.76,19.55,76.4,63.24,0,864,823
2,2017-09-18 21:00:00,14,261.583,"Mon Sep 18 2017",17.5,15.54,19.55,77.3,64.25,0,864,824
2,2017-09-18 21:15:00,14.25,261.594,"Mon Sep 18 2017",16.98,15.48,19.55,80.3,65.98,0,864,825
2,2017-09-18 21:30:00,14.5,261.604,"Mon Sep 18 2017",16.62,15.1,19.56,83.8,69.82,0,864,826
2,2017-09-18 21:45:00,14.75,261.615,"Mon Sep 18 2017",16.29,14.97,19.56,86.8,72.3,0,864,827
2,2017-09-18 22:00:00,15,261.625,"Mon Sep 18 2017",16.14,14.86,19.56,89.6,75.4,0,864,828
2,2017-09-18 22:15:00,15.25,261.635,"Mon Sep 18 2017",16.01,14.78,19.57,91.6,76.9,0,864,829
2,2017-09-18 22:30:00,15.5,261.646,"Mon Sep 18 2017",15.96,14.79,19.58,92.2,77.3,0,864,830
2,2017-09-18 22:45:00,15.75,261.656,"Mon Sep 18 2017",15.78,14.7,19.59,93.4,78.3,0,864,831
2,2017-09-18 23:00:00,16,261.667,"Mon Sep 18 2017",15.91,14.73,19.6,91.9,76.2,0,864,832
2,2017-09-18 23:15:00,16.25,261.677,"Mon Sep 18 2017",15.65,14.58,19.61,92.1,76.2,0,864,833
2,2017-09-18 23:30:00,16.5,261.688,"Mon Sep 18 2017",15.53,14.49,19.62,93.1,77.5,0,864,834
2,2017-09-18 23:45:00,16.75,261.698,"Mon Sep 18 2017",15.28,14.32,19.63,94.3,78.5,0,863,835
2,2017-09-19,17,261.708,"Mon Sep 18 2017",15.1,14.13,19.65,95.6,80.4,0,863,836
2,2017-09-19 00:15:00,17.25,261.719,"Mon Sep 18 2017",14.83,13.8,19.66,97.1,83,0,863,837
2,2017-09-19 00:30:00,17.5,261.729,"Mon Sep 18 2017",14.49,13.56,19.67,98.2,84.1,0,863,838
2,2017-09-19 00:45:00,17.75,261.74,"Mon Sep 18 2017",14.3,13.35,19.68,98.9,85.5,0,864,839
2,2017-09-19 01:00:00,18,261.75,"Mon Sep 18 2017",14,13.04,19.69,99.4,86.3,0,863,840
2,2017-09-19 01:15:00,18.25,261.76,"Mon Sep 18 2017",13.65,12.71,19.71,99.9,86.9,0,864,841
2,2017-09-19 01:30:00,18.5,261.771,"Mon Sep 18 2017",13.36,12.46,19.72,100,87.1,0,863,842
2,2017-09-19 01:45:00,18.75,261.781,"Mon Sep 18 2017",13.12,12.24,19.74,100,88,0,863,843
2,2017-09-19 02:00:00,19,261.792,"Mon Sep 18 2017",12.89,11.96,19.74,100,89.4,0,863,844
2,2017-09-19 02:15:00,19.25,261.802,"Mon Sep 18 2017",12.63,11.73,19.76,100,89.8,0,864,845
2,2017-09-19 02:30:00,19.5,261.812,"Mon Sep 18 2017",12.45,11.54,19.76,100,90.5,0,864,846
2,2017-09-19 02:45:00,19.75,261.823,"Mon Sep 18 2017",12.25,11.42,19.78,100,91.4,0,864,847
2,2017-09-19 03:00:00,20,261.833,"Mon Sep 18 2017",12.09,11.36,19.78,100,91,0,864,848
2,2017-09-19 03:15:00,20.25,261.844,"Mon Sep 18 2017",11.79,11.15,19.8,100,91.1,0,863,849
2,2017-09-19 03:30:00,20.5,261.854,"Mon Sep 18 2017",11.52,11.03,19.8,100,91.1,0,863,850
2,2017-09-19 03:45:00,20.75,261.865,"Mon Sep 18 2017",11.29,10.93,19.81,100,88.7,0,863,851
2,2017-09-19 04:00:00,21,261.875,"Mon Sep 18 2017",11.18,11.03,19.82,100,85.1,0,863,852
2,2017-09-19 04:15:00,21.25,261.885,"Mon Sep 18 2017",11.17,11.04,19.82,100,84.5,0,863,853
2,2017-09-19 04:30:00,21.5,261.896,"Mon Sep 18 2017",11.09,10.66,19.83,100,90.7,0,863,854
2,2017-09-19 04:45:00,21.75,261.906,"Mon Sep 18 2017",11.22,10.48,19.84,100,94,0,863,855
2,2017-09-19 05:00:00,22,261.917,"Mon Sep 18 2017",11.19,10.39,19.85,100,94.8,0,863,856
2,2017-09-19 05:15:00,22.25,261.927,"Mon Sep 18 2017",11.08,10.22,19.85,100,95.4,0,863,857
2,2017-09-19 05:30:00,22.5,261.938,"Mon Sep 18 2017",10.84,9.85,19.85,100,95.7,0,863,858
2,2017-09-19 05:45:00,22.75,261.948,"Mon Sep 18 2017",10.39,9.54,19.86,100,96.1,0,863,859
2,2017-09-19 06:00:00,23,261.958,"Mon Sep 18 2017",10.12,9.24,19.86,100,96.3,0,863,860
2,2017-09-19 06:15:00,23.25,261.969,"Mon Sep 18 2017",9.77,8.94,19.84,100,96.5,0,863,861
2,2017-09-19 06:30:00,23.5,261.979,"Mon Sep 18 2017",9.52,8.69,19.86,100,96.7,0,863,862
2,2017-09-19 06:45:00,23.75,261.99,"Mon Sep 18 2017",9.22,8.4,19.86,100,96.8,0,863,863
2,2017-09-19 07:00:00,0,262,"Tue Sep 19 2017",9.12,8.34,19.86,100,96.9,0,863,864
2,2017-09-19 07:15:00,0.25,262.01,"Tue Sep 19 2017",9.05,8.46,19.87,100,97.1,0,863,865
2,2017-09-19 07:30:00,0.5,262.021,"Tue Sep 19 2017",9.07,8.55,19.86,100,97.4,0,863,866
2,2017-09-19 07:45:00,0.75,262.031,"Tue Sep 19 2017",9.18,8.8,19.86,100.2,97.6,0,863,867
2,2017-09-19 08:00:00,1,262.042,"Tue Sep 19 2017",9.34,8.94,19.85,100.2,97.8,0,864,868
2,2017-09-19 08:15:00,1.25,262.052,"Tue Sep 19 2017",9.4,8.94,19.85,100.9,97.9,0,864,869
2,2017-09-19 08:30:00,1.5,262.062,"Tue Sep 19 2017",9.4,8.97,19.84,101.1,98,0,863,870
2,2017-09-19 08:45:00,1.75,262.073,"Tue Sep 19 2017",9.48,9.03,19.84,100.8,98.1,0,863,871
2,2017-09-19 09:00:00,2,262.083,"Tue Sep 19 2017",9.5,9.04,19.83,101,98.2,0,863,872
2,2017-09-19 09:15:00,2.25,262.094,"Tue Sep 19 2017",9.47,9,19.82,100,98.2,0,863,873
2,2017-09-19 09:30:00,2.5,262.104,"Tue Sep 19 2017",9.31,8.89,19.82,100,98.3,0,863,874
2,2017-09-19 09:45:00,2.75,262.115,"Tue Sep 19 2017",9.15,8.77,19.81,100,98.4,0,863,875
2,2017-09-19 10:00:00,3,262.125,"Tue Sep 19 2017",8.83,8.58,19.81,100,98.4,0,863,876
2,2017-09-19 10:15:00,3.25,262.135,"Tue Sep 19 2017",8.57,8.65,19.81,100,98.4,0,863,877
2,2017-09-19 10:30:00,3.5,262.146,"Tue Sep 19 2017",8.41,8.78,19.79,100,98.5,0,863,878
2,2017-09-19 10:45:00,3.75,262.156,"Tue Sep 19 2017",8.34,8.78,19.78,100.1,98.5,0,863,879
2,2017-09-19 11:00:00,4,262.167,"Tue Sep 19 2017",8.29,8.73,19.77,100.4,98.5,0,864,880
2,2017-09-19 11:15:00,4.25,262.177,"Tue Sep 19 2017",8.04,8.51,19.77,100.1,98.4,0,864,881
2,2017-09-19 11:30:00,4.5,262.188,"Tue Sep 19 2017",7.83,8.16,19.75,100,98.3,0,864,882
2,2017-09-19 11:45:00,4.75,262.198,"Tue Sep 19 2017",7.61,7.97,19.75,100.5,98.1,0,864,883
2,2017-09-19 12:00:00,5,262.208,"Tue Sep 19 2017",7.36,7.86,19.72,100.4,97.9,0,864,884
2,2017-09-19 12:15:00,5.25,262.219,"Tue Sep 19 2017",7.21,7.62,19.72,101.8,97.7,0,864,885
2,2017-09-19 12:30:00,5.5,262.229,"Tue Sep 19 2017",6.998,7.41,19.7,100.6,97.4,0,864,886
2,2017-09-19 12:45:00,5.75,262.24,"Tue Sep 19 2017",6.805,7.14,19.67,106.5,96,0,864,887
2,2017-09-19 13:00:00,6,262.25,"Tue Sep 19 2017",6.63,7.23,19.68,106.3,91.1,0,864,888
2,2017-09-19 13:15:00,6.25,262.26,"Tue Sep 19 2017",6.698,7.32,19.67,108.2,88.4,0,864,889
2,2017-09-19 13:30:00,6.5,262.271,"Tue Sep 19 2017",6.687,7.53,19.66,103.6,83.5,0,864,890
2,2017-09-19 13:45:00,6.75,262.281,"Tue Sep 19 2017",6.662,7.99,19.67,100,78.2,0,864,891
2,2017-09-19 14:00:00,7,262.292,"Tue Sep 19 2017",6.549,8.39,19.63,100,75.6,0,865,892
2,2017-09-19 14:15:00,7.25,262.302,"Tue Sep 19 2017",6.597,8.68,19.64,100,73.8,0,865,893
2,2017-09-19 14:30:00,7.5,262.312,"Tue Sep 19 2017",7.07,9.02,19.6,100,71.6,0,865,894
2,2017-09-19 14:45:00,7.75,262.323,"Tue Sep 19 2017",8.14,9.32,19.59,99.9,71.5,0,865,895
2,2017-09-19 15:00:00,8,262.333,"Tue Sep 19 2017",9.4,9.83,19.57,96.7,71.8,0,865,896
2,2017-09-19 15:15:00,8.25,262.344,"Tue Sep 19 2017",10.37,10.21,19.58,93.7,71.5,0,865,897
2,2017-09-19 15:30:00,8.5,262.354,"Tue Sep 19 2017",10.99,10.19,19.52,90.8,69.6,0,865,898
2,2017-09-19 15:45:00,8.75,262.365,"Tue Sep 19 2017",11.63,10.16,19.5,85.4,68.9,0,865,899
2,2017-09-19 16:00:00,9,262.375,"Tue Sep 19 2017",11.94,10.65,19.49,83.7,67.06,0,865,900
2,2017-09-19 16:15:00,9.25,262.385,"Tue Sep 19 2017",11.53,11.05,19.48,86.6,67.09,0,865,901
2,2017-09-19 16:30:00,9.5,262.396,"Tue Sep 19 2017",11.47,11.32,19.45,89.2,67.37,0,866,902
2,2017-09-19 16:45:00,9.75,262.406,"Tue Sep 19 2017",11.7,11.58,19.46,87.3,65.95,0,866,903
2,2017-09-19 17:00:00,10,262.417,"Tue Sep 19 2017",12.2,11.72,19.41,87,65.92,0,866,904
2,2017-09-19 17:15:00,10.25,262.427,"Tue Sep 19 2017",13.27,12.16,19.4,80.5,61.89,0,866,905
2,2017-09-19 17:30:00,10.5,262.438,"Tue Sep 19 2017",14.32,12.37,19.37,74.6,59.78,0,866,906
2,2017-09-19 17:45:00,10.75,262.448,"Tue Sep 19 2017",14.62,12.26,19.36,73.8,60.45,0,866,907
2,2017-09-19 18:00:00,11,262.458,"Tue Sep 19 2017",14.2,12.34,19.34,77.8,62.51,0,865,908
2,2017-09-19 18:15:00,11.25,262.469,"Tue Sep 19 2017",14.39,12.71,19.34,76.4,60.83,0,865,909
2,2017-09-19 18:30:00,11.5,262.479,"Tue Sep 19 2017",14.76,12.77,19.31,72.7,58.14,0,865,910
2,2017-09-19 18:45:00,11.75,262.49,"Tue Sep 19 2017",15.3,12.99,19.3,69.98,56.51,0,865,911
2,2017-09-19 19:00:00,12,262.5,"Tue Sep 19 2017",16.09,13.43,19.29,68.28,56.07,0,865,912
2,2017-09-19 19:15:00,12.25,262.51,"Tue Sep 19 2017",16.32,13.69,19.28,66.91,54.76,0,865,913
2,2017-09-19 19:30:00,12.5,262.521,"Tue Sep 19 2017",16.79,13.95,19.26,62.44,51.54,0,865,914
2,2017-09-19 19:45:00,12.75,262.531,"Tue Sep 19 2017",17.05,13.75,19.26,59.88,49.02,0,865,915
2,2017-09-19 20:00:00,13,262.542,"Tue Sep 19 2017",16.78,14.08,19.24,59.92,47.93,0,865,916
2,2017-09-19 20:15:00,13.25,262.552,"Tue Sep 19 2017",16.94,14.17,19.23,57.85,46.42,0,865,917
2,2017-09-19 20:30:00,13.5,262.562,"Tue Sep 19 2017",17.08,14.38,19.22,56.17,44.4,0,865,918
2,2017-09-19 20:45:00,13.75,262.573,"Tue Sep 19 2017",17.22,14.32,19.21,56.33,44.99,0,865,919
2,2017-09-19 21:00:00,14,262.583,"Tue Sep 19 2017",16.9,14.41,19.21,56.37,44.44,0,865,920
2,2017-09-19 21:15:00,14.25,262.594,"Tue Sep 19 2017",17,14.51,19.21,54.72,42.79,0,865,921
2,2017-09-19 21:30:00,14.5,262.604,"Tue Sep 19 2017",16.76,14.43,19.2,53.38,40.82,0,865,922
2,2017-09-19 21:45:00,14.75,262.615,"Tue Sep 19 2017",16.89,14.66,19.2,51.39,38.55,0,865,923
2,2017-09-19 22:00:00,15,262.625,"Tue Sep 19 2017",16.94,14.98,19.21,50.73,37.52,0,864,924
2,2017-09-19 22:15:00,15.25,262.635,"Tue Sep 19 2017",16.61,14.59,19.21,51,37.97,0,865,925
2,2017-09-19 22:30:00,15.5,262.646,"Tue Sep 19 2017",16.43,14.61,19.22,53.39,38.56,0,865,926
2,2017-09-19 22:45:00,15.75,262.656,"Tue Sep 19 2017",15.89,14.66,19.22,54.86,38.2,0,865,927
2,2017-09-19 23:00:00,16,262.667,"Tue Sep 19 2017",15.08,14.93,19.23,59.59,38.68,0,865,928
2,2017-09-19 23:15:00,16.25,262.677,"Tue Sep 19 2017",14.68,14.75,19.25,59.77,38.08,0,865,929
2,2017-09-19 23:30:00,16.5,262.688,"Tue Sep 19 2017",14.28,14.66,19.26,60.85,38.59,0,865,930
2,2017-09-19 23:45:00,16.75,262.698,"Tue Sep 19 2017",13.94,14.47,19.27,61.7,38.54,0,865,931
2,2017-09-20,17,262.708,"Tue Sep 19 2017",13.55,14.3,19.28,62.92,39.63,0,865,932
2,2017-09-20 00:15:00,17.25,262.719,"Tue Sep 19 2017",13.18,14.15,19.29,66.76,39.97,0,865,933
2,2017-09-20 00:30:00,17.5,262.729,"Tue Sep 19 2017",12.65,13.74,19.31,67.22,41.32,0,865,934
2,2017-09-20 00:45:00,17.75,262.74,"Tue Sep 19 2017",12.31,13.47,19.32,69.7,42.99,0,865,935
2,2017-09-20 01:00:00,18,262.75,"Tue Sep 19 2017",11.87,12.94,19.33,71.7,45.34,0,865,936
2,2017-09-20 01:15:00,18.25,262.76,"Tue Sep 19 2017",11.37,12.34,19.35,72.9,46.84,0,865,937
2,2017-09-20 01:30:00,18.5,262.771,"Tue Sep 19 2017",11.04,12.01,19.36,72.7,47.89,0,865,938
2,2017-09-20 01:45:00,18.75,262.781,"Tue Sep 19 2017",10.8,11.87,19.37,72.8,48.49,0,865,939
2,2017-09-20 02:00:00,19,262.792,"Tue Sep 19 2017",10.57,11.86,19.39,73.3,48.71,0,865,940
2,2017-09-20 02:15:00,19.25,262.802,"Tue Sep 19 2017",10.57,11.9,19.41,73.6,48.61,0,865,941
2,2017-09-20 02:30:00,19.5,262.812,"Tue Sep 19 2017",10.72,11.96,19.41,72.8,48.26,0,865,942
2,2017-09-20 02:45:00,19.75,262.823,"Tue Sep 19 2017",10.59,11.8,19.42,73.8,48.94,0,865,943
2,2017-09-20 03:00:00,20,262.833,"Tue Sep 19 2017",10.26,11.93,19.43,74.9,48.79,0,865,944
2,2017-09-20 03:15:00,20.25,262.844,"Tue Sep 19 2017",10.36,11.86,19.44,74.6,49.15,0,865,945
2,2017-09-20 03:30:00,20.5,262.854,"Tue Sep 19 2017",10.5,11.85,19.45,74.2,49.27,0,865,946
2,2017-09-20 03:45:00,20.75,262.865,"Tue Sep 19 2017",10.58,11.75,19.46,74.1,49.94,0,865,947
2,2017-09-20 04:00:00,21,262.875,"Tue Sep 19 2017",10.53,11.8,19.46,74.4,49.58,0,865,948
2,2017-09-20 04:15:00,21.25,262.885,"Tue Sep 19 2017",10.46,11.98,19.47,74.7,48.46,0,865,949
2,2017-09-20 04:30:00,21.5,262.896,"Tue Sep 19 2017",10.54,12.09,19.46,74.2,48.34,0,865,950
2,2017-09-20 04:45:00,21.75,262.906,"Tue Sep 19 2017",10.49,11.98,19.46,74.3,48.66,0,865,951
2,2017-09-20 05:00:00,22,262.917,"Tue Sep 19 2017",10.53,12.04,19.46,74.1,48.41,0,865,952
2,2017-09-20 05:15:00,22.25,262.927,"Tue Sep 19 2017",10.58,11.93,19.47,73.8,48.99,0,865,953
2,2017-09-20 05:30:00,22.5,262.938,"Tue Sep 19 2017",10.51,11.77,19.46,74,49.42,0,865,954
2,2017-09-20 05:45:00,22.75,262.948,"Tue Sep 19 2017",10.27,11.64,19.46,75.2,49.67,0,865,955
2,2017-09-20 06:00:00,23,262.958,"Tue Sep 19 2017",9.93,11.63,19.45,77.1,49.4,0,865,956
2,2017-09-20 06:15:00,23.25,262.969,"Tue Sep 19 2017",9.74,11.58,19.44,77.2,49.21,0,865,957
2,2017-09-20 06:30:00,23.5,262.979,"Tue Sep 19 2017",9.63,11.76,19.44,77.1,48.42,0,865,958
2,2017-09-20 06:45:00,23.75,262.99,"Tue Sep 19 2017",9.76,11.82,19.43,76.6,48.11,0,865,959
2,2017-09-20 07:00:00,0,263,"Wed Sep 20 2017",9.93,11.86,19.42,75.5,47.64,0,865,960
2,2017-09-20 07:15:00,0.25,263.01,"Wed Sep 20 2017",9.92,11.68,19.41,75.8,48.01,0,865,961
2,2017-09-20 07:30:00,0.5,263.021,"Wed Sep 20 2017",9.6,11.86,19.4,76.4,46.69,0,865,962
2,2017-09-20 07:45:00,0.75,263.031,"Wed Sep 20 2017",9.79,12.05,19.38,75.2,43.82,0,865,963
2,2017-09-20 08:00:00,1,263.042,"Wed Sep 20 2017",9.94,12.16,19.38,71.2,42.78,0,865,964
2,2017-09-20 08:15:00,1.25,263.052,"Wed Sep 20 2017",10.2,12.09,19.37,69.9,43.64,0,865,965
2,2017-09-20 08:30:00,1.5,263.062,"Wed Sep 20 2017",9.86,11.87,19.36,72.4,44.93,0,864,966
2,2017-09-20 08:45:00,1.75,263.073,"Wed Sep 20 2017",9.58,11.86,19.34,74.3,46.11,0,864,967
2,2017-09-20 09:00:00,2,263.083,"Wed Sep 20 2017",9.25,11.49,19.33,77.1,47.06,0,864,968
2,2017-09-20 09:15:00,2.25,263.094,"Wed Sep 20 2017",8.98,11.09,19.33,78.1,47.29,0,864,969
2,2017-09-20 09:30:00,2.5,263.104,"Wed Sep 20 2017",9.06,11.21,19.3,77.3,46.46,0,864,970
2,2017-09-20 09:45:00,2.75,263.115,"Wed Sep 20 2017",9.25,11.55,19.28,75.8,44.88,0,864,971
2,2017-09-20 10:00:00,3,263.125,"Wed Sep 20 2017",9.73,11.77,19.27,73.1,43.87,0,864,972
2,2017-09-20 10:15:00,3.25,263.135,"Wed Sep 20 2017",10.42,11.87,19.25,70.4,43.33,0,864,973
2,2017-09-20 10:30:00,3.5,263.146,"Wed Sep 20 2017",10.58,11.59,19.24,71.2,45.1,0,864,974
2,2017-09-20 10:45:00,3.75,263.156,"Wed Sep 20 2017",10.51,11.41,19.23,72.7,45.87,0,864,975
2,2017-09-20 11:00:00,4,263.167,"Wed Sep 20 2017",10.36,11.34,19.2,73.5,45.87,0,864,976
2,2017-09-20 11:15:00,4.25,263.177,"Wed Sep 20 2017",10.26,11.32,19.19,73.5,45.08,0,864,977
2,2017-09-20 11:30:00,4.5,263.188,"Wed Sep 20 2017",10.36,11.42,19.17,71.7,44.42,0,864,978
2,2017-09-20 11:45:00,4.75,263.198,"Wed Sep 20 2017",10.34,11.6,19.15,71.6,43.38,0,864,979
2,2017-09-20 12:00:00,5,263.208,"Wed Sep 20 2017",10.3,11.58,19.13,69.66,42.21,0,863,980
2,2017-09-20 12:15:00,5.25,263.219,"Wed Sep 20 2017",10.37,11.56,19.11,66.65,41.75,0,863,981
2,2017-09-20 12:30:00,5.5,263.229,"Wed Sep 20 2017",10.48,11.38,19.1,65.51,43.26,0,863,982
2,2017-09-20 12:45:00,5.75,263.24,"Wed Sep 20 2017",10.64,11.26,19.08,65.61,44.35,0,863,983
2,2017-09-20 13:00:00,6,263.25,"Wed Sep 20 2017",10.63,11.08,19.06,66.77,44.29,0,863,984
2,2017-09-20 13:15:00,6.25,263.26,"Wed Sep 20 2017",10.53,10.69,19.05,67.63,46.46,0,863,985
2,2017-09-20 13:30:00,6.5,263.271,"Wed Sep 20 2017",10.56,10.4,19.03,69.72,48.94,0,863,986
2,2017-09-20 13:45:00,6.75,263.281,"Wed Sep 20 2017",10.52,10.18,19.01,72.3,51.05,0,863,987
2,2017-09-20 14:00:00,7,263.292,"Wed Sep 20 2017",10.39,9.87,18.99,74.6,54.01,0,863,988
2,2017-09-20 14:15:00,7.25,263.302,"Wed Sep 20 2017",10.38,9.74,18.99,75.3,56.44,0,863,989
2,2017-09-20 14:30:00,7.5,263.312,"Wed Sep 20 2017",10.41,9.8,18.96,76.2,57.04,0,863,990
2,2017-09-20 14:45:00,7.75,263.323,"Wed Sep 20 2017",10.68,10.09,18.93,76.4,56,0,863,991
2,2017-09-20 15:00:00,8,263.333,"Wed Sep 20 2017",11.16,10.49,18.92,74.2,54.01,0,863,992
2,2017-09-20 15:15:00,8.25,263.344,"Wed Sep 20 2017",11.57,10.7,18.9,72.3,53.81,0,863,993
2,2017-09-20 15:30:00,8.5,263.354,"Wed Sep 20 2017",11.78,10.81,18.88,72.8,55.34,0,863,994
2,2017-09-20 15:45:00,8.75,263.365,"Wed Sep 20 2017",12.47,11.47,18.87,72.9,55.92,0,863,995
2,2017-09-20 16:00:00,9,263.375,"Wed Sep 20 2017",12.64,11.49,18.85,73.4,56.93,0,863,996
2,2017-09-20 16:15:00,9.25,263.385,"Wed Sep 20 2017",13.09,11.8,18.83,73.9,58.06,0,863,997
2,2017-09-20 16:30:00,9.5,263.396,"Wed Sep 20 2017",12.98,11.8,18.81,75.3,58.85,0,863,998
2,2017-09-20 16:45:00,9.75,263.406,"Wed Sep 20 2017",13.47,12.1,18.79,75.2,58.99,0,863,999
2,2017-09-20 17:00:00,10,263.417,"Wed Sep 20 2017",13.98,12.6,18.78,74.9,58.81,0,863,1000
2,2017-09-20 17:15:00,10.25,263.427,"Wed Sep 20 2017",14.61,12.65,18.77,73.5,59.61,0,863,1001
2,2017-09-20 17:30:00,10.5,263.438,"Wed Sep 20 2017",14.6,12.64,18.75,74.2,60.75,0,863,1002
2,2017-09-20 17:45:00,10.75,263.448,"Wed Sep 20 2017",14.25,12.36,18.75,76.3,62.69,0,863,1003
2,2017-09-20 18:00:00,11,263.458,"Wed Sep 20 2017",14.28,12.53,18.73,76.9,62.5,0,863,1004
2,2017-09-20 18:15:00,11.25,263.469,"Wed Sep 20 2017",14.66,12.65,18.72,76.6,63.2,0,863,1005
2,2017-09-20 18:30:00,11.5,263.479,"Wed Sep 20 2017",14.32,12.46,18.71,79.3,65.9,0,863,1006
2,2017-09-20 18:45:00,11.75,263.49,"Wed Sep 20 2017",14.59,12.68,18.7,80,66.43,0,863,1007
2,2017-09-20 19:00:00,12,263.5,"Wed Sep 20 2017",14.4,12.61,18.69,80.8,66.96,0,862,1008
2,2017-09-20 19:15:00,12.25,263.51,"Wed Sep 20 2017",13.98,12.35,18.68,82.8,69.04,0,862,1009
2,2017-09-20 19:30:00,12.5,263.521,"Wed Sep 20 2017",13.59,12.17,18.68,85.7,71.2,0,862,1010
2,2017-09-20 19:45:00,12.75,263.531,"Wed Sep 20 2017",13.49,12.26,18.67,87.7,72.7,0,862,1011
2,2017-09-20 20:00:00,13,263.542,"Wed Sep 20 2017",13.36,12.13,18.67,89,73.9,0,862,1012
2,2017-09-20 20:15:00,13.25,263.552,"Wed Sep 20 2017",13.31,12.05,18.67,89.5,74.9,0,862,1013
2,2017-09-20 20:30:00,13.5,263.562,"Wed Sep 20 2017",13,11.91,18.67,92.1,76.7,0,861,1014
2,2017-09-20 20:45:00,13.75,263.573,"Wed Sep 20 2017",13.01,11.9,18.67,93,77.9,0,861,1015
2,2017-09-20 21:00:00,14,263.583,"Wed Sep 20 2017",12.96,11.83,18.67,93.6,78.4,0,861,1016
2,2017-09-20 21:15:00,14.25,263.594,"Wed Sep 20 2017",12.91,11.77,18.67,94.8,80.5,0,861,1017
2,2017-09-20 21:30:00,14.5,263.604,"Wed Sep 20 2017",12.78,11.63,18.67,96.6,83.4,0,861,1018
2,2017-09-20 21:45:00,14.75,263.615,"Wed Sep 20 2017",12.54,11.44,18.68,98.5,86.1,0,861,1019
2,2017-09-20 22:00:00,15,263.625,"Wed Sep 20 2017",12.35,11.25,18.68,99.7,88,0,861,1020
2,2017-09-20 22:15:00,15.25,263.635,"Wed Sep 20 2017",12.31,11.23,18.7,100,88.3,0,861,1021
2,2017-09-20 22:30:00,15.5,263.646,"Wed Sep 20 2017",12.02,11.08,18.69,100,88.8,0,861,1022
2,2017-09-20 22:45:00,15.75,263.656,"Wed Sep 20 2017",11.77,10.92,18.7,100,90.3,0,860,1023
2,2017-09-20 23:00:00,16,263.667,"Wed Sep 20 2017",11.5,10.72,18.7,100,92.5,0,860,1024
2,2017-09-20 23:15:00,16.25,263.677,"Wed Sep 20 2017",11.36,10.67,18.71,100,94.1,0,860,1025
2,2017-09-20 23:30:00,16.5,263.688,"Wed Sep 20 2017",11.25,10.52,18.73,100,95.4,0.254,860,1026
2,2017-09-20 23:45:00,16.75,263.698,"Wed Sep 20 2017",11.02,10.3,18.74,100,95.9,0,860,1027
2,2017-09-21,17,263.708,"Wed Sep 20 2017",10.93,10.3,18.74,100,96.3,0,860,1028
2,2017-09-21 00:15:00,17.25,263.719,"Wed Sep 20 2017",10.9,10.25,18.74,100,96.7,0.254,860,1029
2,2017-09-21 00:30:00,17.5,263.729,"Wed Sep 20 2017",10.44,9.75,18.76,100,96.5,0,860,1030
2,2017-09-21 00:45:00,17.75,263.74,"Wed Sep 20 2017",10.33,10.01,18.76,100,96.4,0,860,1031
2,2017-09-21 01:00:00,18,263.75,"Wed Sep 20 2017",10.54,10.18,18.77,100.6,96.8,0,860,1032
2,2017-09-21 01:15:00,18.25,263.76,"Wed Sep 20 2017",10.54,10.04,18.78,100.8,96.9,0,860,1033
2,2017-09-21 01:30:00,18.5,263.771,"Wed Sep 20 2017",10.37,9.81,18.78,105,97.1,0,860,1034
2,2017-09-21 01:45:00,18.75,263.781,"Wed Sep 20 2017",10.03,9.35,18.78,101,97.2,0,860,1035
2,2017-09-21 02:00:00,19,263.792,"Wed Sep 20 2017",9.58,8.96,18.79,102,97.3,0,860,1036
2,2017-09-21 02:15:00,19.25,263.802,"Wed Sep 20 2017",9.38,8.86,18.79,108.1,97.6,0,860,1037
2,2017-09-21 02:30:00,19.5,263.812,"Wed Sep 20 2017",9.26,8.67,18.8,108.1,97.8,0,860,1038
2,2017-09-21 02:45:00,19.75,263.823,"Wed Sep 20 2017",8.96,8.47,18.81,108.1,97.9,0,859,1039
2,2017-09-21 03:00:00,20,263.833,"Wed Sep 20 2017",8.79,8.27,18.81,108.2,98,0,860,1040
2,2017-09-21 03:15:00,20.25,263.844,"Wed Sep 20 2017",8.56,8,18.81,108.2,98,0,860,1041
2,2017-09-21 03:30:00,20.5,263.854,"Wed Sep 20 2017",8.31,7.85,18.82,108.2,98.2,0,859,1042
2,2017-09-21 03:45:00,20.75,263.865,"Wed Sep 20 2017",8.22,7.78,18.81,108.3,98.3,0,859,1043
2,2017-09-21 04:00:00,21,263.875,"Wed Sep 20 2017",8.05,7.56,18.82,108.3,98.3,0,859,1044
2,2017-09-21 04:15:00,21.25,263.885,"Wed Sep 20 2017",7.83,7.19,18.81,108.2,98.3,0,860,1045
2,2017-09-21 04:30:00,21.5,263.896,"Wed Sep 20 2017",7.57,6.95,18.81,108.2,98.3,0,860,1046
2,2017-09-21 04:45:00,21.75,263.906,"Wed Sep 20 2017",7.36,6.695,18.82,107.3,98.3,0,860,1047
2,2017-09-21 05:00:00,22,263.917,"Wed Sep 20 2017",7.24,6.613,18.81,107.7,98.3,0,860,1048
2,2017-09-21 05:15:00,22.25,263.927,"Wed Sep 20 2017",7.12,6.506,18.8,106.4,98.4,0,860,1049
2,2017-09-21 05:30:00,22.5,263.938,"Wed Sep 20 2017",7.07,6.501,18.8,107.2,98.4,0,860,1050
2,2017-09-21 05:45:00,22.75,263.948,"Wed Sep 20 2017",7.03,6.481,18.78,107.5,98.4,0,860,1051
2,2017-09-21 06:00:00,23,263.958,"Wed Sep 20 2017",6.983,6.458,18.79,108.1,98.4,0,860,1052
2,2017-09-21 06:15:00,23.25,263.969,"Wed Sep 20 2017",6.959,6.538,18.78,108.2,98.5,0,860,1053
2,2017-09-21 06:30:00,23.5,263.979,"Wed Sep 20 2017",7.02,6.541,18.78,108.3,98.5,0,860,1054
2,2017-09-21 06:45:00,23.75,263.99,"Wed Sep 20 2017",6.864,6.353,18.79,108.2,98.5,0,860,1055
2,2017-09-21 07:00:00,0,264,"Thu Sep 21 2017",6.809,6.239,18.77,108.2,98.5,0,860,1056
2,2017-09-21 07:15:00,0.25,264.01,"Thu Sep 21 2017",6.706,6.161,18.75,108.1,98.5,0,859,1057
2,2017-09-21 07:30:00,0.5,264.021,"Thu Sep 21 2017",6.703,6.148,18.75,108.1,98.5,0,859,1058
2,2017-09-21 07:45:00,0.75,264.031,"Thu Sep 21 2017",6.659,6.134,18.76,104,98.5,0,859,1059
2,2017-09-21 08:00:00,1,264.042,"Thu Sep 21 2017",6.628,6.111,18.74,100.8,98.5,0,859,1060
2,2017-09-21 08:15:00,1.25,264.052,"Thu Sep 21 2017",6.629,6.091,18.71,102,98.6,0,859,1061
2,2017-09-21 08:30:00,1.5,264.062,"Thu Sep 21 2017",6.658,6.102,18.72,102.3,98.6,0,859,1062
2,2017-09-21 08:45:00,1.75,264.073,"Thu Sep 21 2017",6.58,5.981,18.7,100.7,98.6,0,859,1063
2,2017-09-21 09:00:00,2,264.083,"Thu Sep 21 2017",6.493,5.857,18.69,101.1,98.5,0,859,1064
2,2017-09-21 09:15:00,2.25,264.094,"Thu Sep 21 2017",6.416,5.822,18.68,100,98.6,0,859,1065
2,2017-09-21 09:30:00,2.5,264.104,"Thu Sep 21 2017",6.361,5.816,18.67,100,98.6,0,859,1066
2,2017-09-21 09:45:00,2.75,264.115,"Thu Sep 21 2017",6.367,5.896,18.65,100.1,98.6,0,859,1067
2,2017-09-21 10:00:00,3,264.125,"Thu Sep 21 2017",6.213,5.77,18.65,100,98.6,0,859,1068
2,2017-09-21 10:15:00,3.25,264.135,"Thu Sep 21 2017",5.94,5.587,18.63,100,98.6,0,859,1069
2,2017-09-21 10:30:00,3.5,264.146,"Thu Sep 21 2017",5.64,5.369,18.62,100,98.5,0,859,1070
2,2017-09-21 10:45:00,3.75,264.156,"Thu Sep 21 2017",5.414,5.29,18.57,100.7,98.5,0,858,1071
2,2017-09-21 11:00:00,4,264.167,"Thu Sep 21 2017",5.399,5.276,18.6,105.6,98.5,0,858,1072
2,2017-09-21 11:15:00,4.25,264.177,"Thu Sep 21 2017",5.316,5.163,18.59,107,98.5,0,858,1073
2,2017-09-21 11:30:00,4.5,264.188,"Thu Sep 21 2017",5.129,4.983,18.57,106.8,98.5,0,858,1074
2,2017-09-21 11:45:00,4.75,264.198,"Thu Sep 21 2017",4.932,4.857,18.58,106,98.5,0,858,1075
2,2017-09-21 12:00:00,5,264.208,"Thu Sep 21 2017",4.859,4.9,18.55,108.1,98.5,0,858,1076
2,2017-09-21 12:15:00,5.25,264.219,"Thu Sep 21 2017",4.772,4.898,18.54,108.1,98.5,0,859,1077
2,2017-09-21 12:30:00,5.5,264.229,"Thu Sep 21 2017",4.62,4.932,18.53,108.1,98.5,0,859,1078
2,2017-09-21 12:45:00,5.75,264.24,"Thu Sep 21 2017",4.661,4.975,18.5,108.2,98.6,0,859,1079
2,2017-09-21 13:00:00,6,264.25,"Thu Sep 21 2017",4.9,5.001,18.5,108.4,98.5,0,859,1080
2,2017-09-21 13:15:00,6.25,264.26,"Thu Sep 21 2017",5.264,5.034,18.49,108.5,98.5,0,859,1081
2,2017-09-21 13:30:00,6.5,264.271,"Thu Sep 21 2017",5.473,5.063,18.47,108.4,98.5,0,859,1082
2,2017-09-21 13:45:00,6.75,264.281,"Thu Sep 21 2017",5.568,5.087,18.42,108.4,98.5,0,859,1083
2,2017-09-21 14:00:00,7,264.292,"Thu Sep 21 2017",5.754,5.132,18.43,108.3,98.6,0,859,1084
2,2017-09-21 14:15:00,7.25,264.302,"Thu Sep 21 2017",5.755,5.158,18.42,108.2,98.6,0,859,1085
2,2017-09-21 14:30:00,7.5,264.312,"Thu Sep 21 2017",5.83,5.197,18.39,108.2,98.6,0,859,1086
2,2017-09-21 14:45:00,7.75,264.323,"Thu Sep 21 2017",5.782,5.147,18.38,108.1,98.6,0,859,1087
2,2017-09-21 15:00:00,8,264.333,"Thu Sep 21 2017",5.977,5.245,18.36,108.1,98.6,0,859,1088
2,2017-09-21 15:15:00,8.25,264.344,"Thu Sep 21 2017",6.093,5.201,18.35,102.7,98.6,0,859,1089
2,2017-09-21 15:30:00,8.5,264.354,"Thu Sep 21 2017",6.321,5.24,18.32,100.2,98.6,0,860,1090
2,2017-09-21 15:45:00,8.75,264.365,"Thu Sep 21 2017",6.985,5.514,18.29,100,99,0,860,1091
2,2017-09-21 16:00:00,9,264.375,"Thu Sep 21 2017",7.65,5.707,18.28,100,99.2,0,860,1092
2,2017-09-21 16:15:00,9.25,264.385,"Thu Sep 21 2017",7.39,5.797,18.26,100,99.2,0,860,1093
2,2017-09-21 16:30:00,9.5,264.396,"Thu Sep 21 2017",7.64,6.079,18.25,100,98.6,0,860,1094
2,2017-09-21 16:45:00,9.75,264.406,"Thu Sep 21 2017",8.03,6.022,18.21,97.9,96.8,0,860,1095
2,2017-09-21 17:00:00,10,264.417,"Thu Sep 21 2017",7.59,5.832,18.22,99.7,94.3,0,860,1096
2,2017-09-21 17:15:00,10.25,264.427,"Thu Sep 21 2017",6.865,5.535,18.2,100,95.3,0,860,1097
2,2017-09-21 17:30:00,10.5,264.438,"Thu Sep 21 2017",6.895,5.86,18.18,100,94,0,860,1098
2,2017-09-21 17:45:00,10.75,264.448,"Thu Sep 21 2017",6.667,5.28,18.16,100,89.9,0.762,860,1099
2,2017-09-21 18:00:00,11,264.458,"Thu Sep 21 2017",4.926,4.099,18.15,100,88.5,1.27,860,1100
2,2017-09-21 18:15:00,11.25,264.469,"Thu Sep 21 2017",4.108,3.996,18.14,100,86.1,0.254,860,1101
2,2017-09-21 18:30:00,11.5,264.479,"Thu Sep 21 2017",4.917,4.553,18.13,100,87.7,0.254,860,1102
2,2017-09-21 18:45:00,11.75,264.49,"Thu Sep 21 2017",5.062,4.719,18.11,100,90.7,0,860,1103
2,2017-09-21 19:00:00,12,264.5,"Thu Sep 21 2017",6.384,6.471,18.09,100,79.3,0,860,1104
2,2017-09-21 19:15:00,12.25,264.51,"Thu Sep 21 2017",7.25,7.2,18.09,99.9,68.88,0,860,1105
2,2017-09-21 19:30:00,12.5,264.521,"Thu Sep 21 2017",9.41,8.28,18.07,91.7,60.89,0,860,1106
2,2017-09-21 19:45:00,12.75,264.531,"Thu Sep 21 2017",10.41,8.73,18.03,85.8,58.85,0,860,1107
2,2017-09-21 20:00:00,13,264.542,"Thu Sep 21 2017",10.41,8.82,18.05,83.5,58.77,0,860,1108
2,2017-09-21 20:15:00,13.25,264.552,"Thu Sep 21 2017",10.11,8.32,18.04,79.9,56.83,0,860,1109
2,2017-09-21 20:30:00,13.5,264.562,"Thu Sep 21 2017",9.21,8.36,18.02,82.5,56.74,0,860,1110
2,2017-09-21 20:45:00,13.75,264.573,"Thu Sep 21 2017",10.48,8.86,18.01,75.8,52.5,0,860,1111
2,2017-09-21 21:00:00,14,264.583,"Thu Sep 21 2017",11.17,9.31,17.98,70.2,50.41,0,860,1112
2,2017-09-21 21:15:00,14.25,264.594,"Thu Sep 21 2017",10.42,8.92,17.96,73,52.49,0,860,1113
2,2017-09-21 21:30:00,14.5,264.604,"Thu Sep 21 2017",11.02,9.18,17.95,72.5,51.34,0,860,1114
2,2017-09-21 21:45:00,14.75,264.615,"Thu Sep 21 2017",11.2,8.95,17.94,68.57,51.44,0,860,1115
2,2017-09-21 22:00:00,15,264.625,"Thu Sep 21 2017",10.65,9.15,17.92,69.19,49.93,0,860,1116
2,2017-09-21 22:15:00,15.25,264.635,"Thu Sep 21 2017",10.36,8.91,17.89,70.2,48.25,0,860,1117
2,2017-09-21 22:30:00,15.5,264.646,"Thu Sep 21 2017",10.53,9.57,17.89,71.2,49.58,0,860,1118
2,2017-09-21 22:45:00,15.75,264.656,"Thu Sep 21 2017",10.35,9.23,17.89,69.43,47.47,0,860,1119
2,2017-09-21 23:00:00,16,264.667,"Thu Sep 21 2017",10.01,9.49,17.87,68.53,45.83,0,860,1120
2,2017-09-21 23:15:00,16.25,264.677,"Thu Sep 21 2017",9.76,9.11,17.87,69.69,47.37,0,860,1121
2,2017-09-21 23:30:00,16.5,264.688,"Thu Sep 21 2017",9.53,9.88,17.85,72.5,45.01,0,860,1122
2,2017-09-21 23:45:00,16.75,264.698,"Thu Sep 21 2017",9.84,9.56,17.84,69.4,46.14,0,861,1123
2,2017-09-22,17,264.708,"Thu Sep 21 2017",9.38,9.33,17.84,69.22,47.45,0,861,1124
2,2017-09-22 00:15:00,17.25,264.719,"Thu Sep 21 2017",8.88,8.65,17.83,73.9,49.82,0,861,1125
2,2017-09-22 00:30:00,17.5,264.729,"Thu Sep 21 2017",8.39,8.19,17.83,77.7,52.39,0,861,1126
2,2017-09-22 00:45:00,17.75,264.74,"Thu Sep 21 2017",7.68,8.15,17.8,81.6,51.3,0,861,1127
2,2017-09-22 01:00:00,18,264.75,"Thu Sep 21 2017",6.944,8.05,17.83,81.6,51.16,0,861,1128
2,2017-09-22 01:15:00,18.25,264.76,"Thu Sep 21 2017",6.417,8,17.83,81.7,51.04,0,861,1129
2,2017-09-22 01:30:00,18.5,264.771,"Thu Sep 21 2017",6.163,7.87,17.82,81.9,51.99,0,861,1130
2,2017-09-22 01:45:00,18.75,264.781,"Thu Sep 21 2017",6.052,7.86,17.82,84,51.6,0,861,1131
2,2017-09-22 02:00:00,19,264.792,"Thu Sep 21 2017",6.208,7.78,17.81,82.2,50.61,0,861,1132
2,2017-09-22 02:15:00,19.25,264.802,"Thu Sep 21 2017",6.354,7.82,17.8,80.5,49.27,0,861,1133
2,2017-09-22 02:30:00,19.5,264.812,"Thu Sep 21 2017",6.543,7.8,17.81,78.2,49.33,0,861,1134
2,2017-09-22 02:45:00,19.75,264.823,"Thu Sep 21 2017",6.603,7.74,17.8,79.8,49.08,0,861,1135
2,2017-09-22 03:00:00,20,264.833,"Thu Sep 21 2017",6.393,7.78,17.8,77.9,48.74,0,861,1136
2,2017-09-22 03:15:00,20.25,264.844,"Thu Sep 21 2017",6.181,7.58,17.79,79,50.31,0,861,1137
2,2017-09-22 03:30:00,20.5,264.854,"Thu Sep 21 2017",5.928,7.05,17.79,80.4,53.59,0,861,1138
2,2017-09-22 03:45:00,20.75,264.865,"Thu Sep 21 2017",5.762,6.859,17.78,80.9,57.23,0,861,1139
2,2017-09-22 04:00:00,21,264.875,"Thu Sep 21 2017",5.796,6.723,17.78,83,60.65,0,861,1140
2,2017-09-22 04:15:00,21.25,264.885,"Thu Sep 21 2017",5.919,6.645,17.78,85.1,62,0,861,1141
2,2017-09-22 04:30:00,21.5,264.896,"Thu Sep 21 2017",5.815,6.573,17.76,86.7,61.72,0,861,1142
2,2017-09-22 04:45:00,21.75,264.906,"Thu Sep 21 2017",5.735,6.527,17.74,87.1,62.74,0,861,1143
2,2017-09-22 05:00:00,22,264.917,"Thu Sep 21 2017",5.601,6.504,17.74,88.5,63.39,0,861,1144
2,2017-09-22 05:15:00,22.25,264.927,"Thu Sep 21 2017",5.579,6.29,17.74,89.3,64.72,0,861,1145
2,2017-09-22 05:30:00,22.5,264.938,"Thu Sep 21 2017",5.384,6.032,17.73,90.9,66.1,0,861,1146
2,2017-09-22 05:45:00,22.75,264.948,"Thu Sep 21 2017",5.178,5.872,17.74,92.2,66.99,0,861,1147
2,2017-09-22 06:00:00,23,264.958,"Thu Sep 21 2017",5.072,5.861,17.71,92.4,67.89,0,861,1148
2,2017-09-22 06:15:00,23.25,264.969,"Thu Sep 21 2017",5.082,5.793,17.68,93.3,69.14,0,862,1149
2,2017-09-22 06:30:00,23.5,264.979,"Thu Sep 21 2017",5.117,5.848,17.69,94,69.78,0,861,1150
2,2017-09-22 06:45:00,23.75,264.99,"Thu Sep 21 2017",5.068,5.736,17.68,95.6,71.9,0,861,1151
2,2017-09-22 07:00:00,0,265,"Fri Sep 22 2017",5.247,5.795,17.66,96,73.2,0,861,1152
2,2017-09-22 07:15:00,0.25,265.01,"Fri Sep 22 2017",5.336,5.852,17.64,96.7,73.6,0,861,1153
2,2017-09-22 07:30:00,0.5,265.021,"Fri Sep 22 2017",5.217,5.771,17.63,98,73.8,0,861,1154
2,2017-09-22 07:45:00,0.75,265.031,"Fri Sep 22 2017",4.86,5.674,17.59,99.2,72.4,0,861,1155
2,2017-09-22 08:00:00,1,265.042,"Fri Sep 22 2017",4.667,5.602,17.6,99.8,71.4,0,861,1156
2,2017-09-22 08:15:00,1.25,265.052,"Fri Sep 22 2017",4.452,5.231,17.56,100,74.9,0,861,1157
2,2017-09-22 08:30:00,1.5,265.062,"Fri Sep 22 2017",4.216,4.991,17.56,100,76.9,0,861,1158
2,2017-09-22 08:45:00,1.75,265.073,"Fri Sep 22 2017",4.206,5.179,17.54,100,74.4,0,861,1159
2,2017-09-22 09:00:00,2,265.083,"Fri Sep 22 2017",4.257,5.379,17.52,100,72.8,0,861,1160
2,2017-09-22 09:15:00,2.25,265.094,"Fri Sep 22 2017",4.46,5.469,17.48,99.7,71.8,0,861,1161
2,2017-09-22 09:30:00,2.5,265.104,"Fri Sep 22 2017",4.584,5.423,17.48,99.6,72.6,0,861,1162
2,2017-09-22 09:45:00,2.75,265.115,"Fri Sep 22 2017",4.588,5.202,17.47,99.7,74.3,0,861,1163
2,2017-09-22 10:00:00,3,265.125,"Fri Sep 22 2017",4.325,5.03,17.45,100,75.3,0,861,1164
2,2017-09-22 10:15:00,3.25,265.135,"Fri Sep 22 2017",4.138,5.086,17.42,100,74.6,0,861,1165
2,2017-09-22 10:30:00,3.5,265.146,"Fri Sep 22 2017",4.043,5.095,17.41,100,72.9,0,861,1166
2,2017-09-22 10:45:00,3.75,265.156,"Fri Sep 22 2017",4.012,5.272,17.39,99.9,70.1,0,861,1167
2,2017-09-22 11:00:00,4,265.167,"Fri Sep 22 2017",3.887,5.35,17.37,99.9,68.19,0,861,1168
2,2017-09-22 11:15:00,4.25,265.177,"Fri Sep 22 2017",3.732,5.178,17.32,99.2,67.97,0,861,1169
2,2017-09-22 11:30:00,4.5,265.188,"Fri Sep 22 2017",3.628,4.994,17.33,98.9,68.34,0,861,1170
2,2017-09-22 11:45:00,4.75,265.198,"Fri Sep 22 2017",3.531,5.348,17.29,98.8,65.36,0,861,1171
2,2017-09-22 12:00:00,5,265.208,"Fri Sep 22 2017",3.346,4.962,17.29,99.5,67.15,0,861,1172
2,2017-09-22 12:15:00,5.25,265.219,"Fri Sep 22 2017",3.26,4.975,17.27,98.8,66.46,0,861,1173
2,2017-09-22 12:30:00,5.5,265.229,"Fri Sep 22 2017",3.349,5.217,17.24,97.6,63.98,0,861,1174
2,2017-09-22 12:45:00,5.75,265.24,"Fri Sep 22 2017",3.287,5.405,17.21,97.4,62.52,0,861,1175
2,2017-09-22 13:00:00,6,265.25,"Fri Sep 22 2017",3.169,5.05,17.2,97.9,64.71,0,861,1176
2,2017-09-22 13:15:00,6.25,265.26,"Fri Sep 22 2017",3.345,4.795,17.17,97.3,66.62,0,861,1177
2,2017-09-22 13:30:00,6.5,265.271,"Fri Sep 22 2017",3.546,5.097,17.16,96.9,65.29,0,861,1178
2,2017-09-22 13:45:00,6.75,265.281,"Fri Sep 22 2017",3.749,5.246,17.12,96.3,65.07,0,861,1179
2,2017-09-22 14:00:00,7,265.292,"Fri Sep 22 2017",3.948,6.053,17.11,96.1,59.41,0,862,1180
2,2017-09-22 14:15:00,7.25,265.302,"Fri Sep 22 2017",4.286,6.556,17.08,95,57.41,0,862,1181
2,2017-09-22 14:30:00,7.5,265.312,"Fri Sep 22 2017",5,6.771,17.07,92.3,58.77,0,862,1182
2,2017-09-22 14:45:00,7.75,265.323,"Fri Sep 22 2017",6.792,7.42,17.04,84.6,56.94,0,862,1183
2,2017-09-22 15:00:00,8,265.333,"Fri Sep 22 2017",8.66,7.92,17.02,76.2,54.06,0,862,1184
2,2017-09-22 15:15:00,8.25,265.344,"Fri Sep 22 2017",9.21,8.33,16.99,71.6,51.29,0,862,1185
2,2017-09-22 15:30:00,8.5,265.354,"Fri Sep 22 2017",9.91,8.84,16.97,67.16,47.48,0,862,1186
2,2017-09-22 15:45:00,8.75,265.365,"Fri Sep 22 2017",10.3,8.69,16.96,63.16,47.13,0,862,1187
2,2017-09-22 16:00:00,9,265.375,"Fri Sep 22 2017",10.17,9.1,16.93,63.57,46.47,0,862,1188
2,2017-09-22 16:15:00,9.25,265.385,"Fri Sep 22 2017",9.21,9.2,16.91,70.1,46.08,0,862,1189
2,2017-09-22 16:30:00,9.5,265.396,"Fri Sep 22 2017",9.21,9.24,16.88,71.4,45.74,0,862,1190
2,2017-09-22 16:45:00,9.75,265.406,"Fri Sep 22 2017",9.65,9.71,16.86,69.76,44.43,0,862,1191
2,2017-09-22 17:00:00,10,265.417,"Fri Sep 22 2017",10.53,10.08,16.83,66.62,44.49,0,862,1192
2,2017-09-22 17:15:00,10.25,265.427,"Fri Sep 22 2017",10.52,9.87,16.82,65.58,46.57,0,862,1193
2,2017-09-22 17:30:00,10.5,265.438,"Fri Sep 22 2017",10.78,9.43,16.79,68.03,47.02,0,862,1194
2,2017-09-22 17:45:00,10.75,265.448,"Fri Sep 22 2017",12.27,10.21,16.76,59.45,44.57,0,862,1195
2,2017-09-22 18:00:00,11,265.458,"Fri Sep 22 2017",12.28,9.97,16.75,61.32,47.24,0,862,1196
2,2017-09-22 18:15:00,11.25,265.469,"Fri Sep 22 2017",11.86,9.86,16.74,61.95,45.53,0,862,1197
2,2017-09-22 18:30:00,11.5,265.479,"Fri Sep 22 2017",11.73,9.79,16.7,64.1,48.25,0,862,1198
2,2017-09-22 18:45:00,11.75,265.49,"Fri Sep 22 2017",10.96,9.64,16.7,72.8,51.19,0,862,1199
2,2017-09-22 19:00:00,12,265.5,"Fri Sep 22 2017",12.16,10.4,16.67,63.41,46.68,0,862,1200
2,2017-09-22 19:15:00,12.25,265.51,"Fri Sep 22 2017",12.12,10.09,16.68,63.92,47.9,0,862,1201
2,2017-09-22 19:30:00,12.5,265.521,"Fri Sep 22 2017",10.91,9.81,16.65,71.3,49.92,0,862,1202
2,2017-09-22 19:45:00,12.75,265.531,"Fri Sep 22 2017",9.78,9.1,16.64,81.2,55.37,0,862,1203
2,2017-09-22 20:00:00,13,265.542,"Fri Sep 22 2017",8.55,7.72,16.62,91.2,66.21,0,862,1204
2,2017-09-22 20:15:00,13.25,265.552,"Fri Sep 22 2017",7.42,6.945,16.62,99.9,69.98,0.254,862,1205
2,2017-09-22 20:30:00,13.5,265.562,"Fri Sep 22 2017",7.22,7.32,16.61,100,64.39,0,862,1206
2,2017-09-22 20:45:00,13.75,265.573,"Fri Sep 22 2017",7.5,7.12,16.61,100,68.42,0,862,1207
2,2017-09-22 21:00:00,14,265.583,"Fri Sep 22 2017",7.66,7.24,16.6,98.8,69,0,862,1208
2,2017-09-22 21:15:00,14.25,265.594,"Fri Sep 22 2017",7.78,7.37,16.59,93.8,63.76,0,862,1209
2,2017-09-22 21:30:00,14.5,265.604,"Fri Sep 22 2017",8.14,7.59,16.6,92.1,64.44,0,862,1210
2,2017-09-22 21:45:00,14.75,265.615,"Fri Sep 22 2017",8.47,7.96,16.58,91,61.01,0,862,1211
2,2017-09-22 22:00:00,15,265.625,"Fri Sep 22 2017",8.88,8.47,16.6,84.2,56.75,0,862,1212
2,2017-09-22 22:15:00,15.25,265.635,"Fri Sep 22 2017",9.53,9.18,16.62,79.8,54.71,0,862,1213
2,2017-09-22 22:30:00,15.5,265.646,"Fri Sep 22 2017",9.82,9.28,16.6,78.6,55.6,0,862,1214
2,2017-09-22 22:45:00,15.75,265.656,"Fri Sep 22 2017",9.71,9.04,16.59,83,58.81,0,862,1215
2,2017-09-22 23:00:00,16,265.667,"Fri Sep 22 2017",9.82,9.68,16.61,80.6,55.66,0,862,1216
2,2017-09-22 23:15:00,16.25,265.677,"Fri Sep 22 2017",9.78,9.93,16.62,81.8,54.76,0,862,1217
2,2017-09-22 23:30:00,16.5,265.688,"Fri Sep 22 2017",8.92,9.55,16.62,86.4,56.53,0,862,1218
2,2017-09-22 23:45:00,16.75,265.698,"Fri Sep 22 2017",8.79,10.22,16.62,86.6,54.44,0,862,1219
2,2017-09-23,17,265.708,"Fri Sep 22 2017",8.75,9.6,16.63,85.4,57,0,862,1220
2,2017-09-23 00:15:00,17.25,265.719,"Fri Sep 22 2017",8.67,9.48,16.66,86,55.12,0,862,1221
2,2017-09-23 00:30:00,17.5,265.729,"Fri Sep 22 2017",8.45,9.39,16.64,85.7,51.67,0,862,1222
2,2017-09-23 00:45:00,17.75,265.74,"Fri Sep 22 2017",8.41,9.37,16.66,83.6,51.99,0,862,1223
2,2017-09-23 01:00:00,18,265.75,"Fri Sep 22 2017",7.96,8.47,16.65,90.8,59.45,0,862,1224
2,2017-09-23 01:15:00,18.25,265.76,"Fri Sep 22 2017",7.13,7.67,16.67,95.4,59.29,0,862,1225
2,2017-09-23 01:30:00,18.5,265.771,"Fri Sep 22 2017",6.592,8.1,16.66,90,54.94,0,862,1226
2,2017-09-23 01:45:00,18.75,265.781,"Fri Sep 22 2017",6.21,8.72,16.65,87.8,50.63,0,862,1227
2,2017-09-23 02:00:00,19,265.792,"Fri Sep 22 2017",6.555,8.98,16.67,82.9,49.3,0,862,1228
2,2017-09-23 02:15:00,19.25,265.802,"Fri Sep 22 2017",7.06,9.09,16.67,78.7,50.69,0,862,1229
2,2017-09-23 02:30:00,19.5,265.812,"Fri Sep 22 2017",7.34,9.06,16.68,78.1,51.78,0,862,1230
2,2017-09-23 02:45:00,19.75,265.823,"Fri Sep 22 2017",6.656,7.53,16.68,86.7,59.35,0,862,1231
2,2017-09-23 03:00:00,20,265.833,"Fri Sep 22 2017",5.746,7.33,16.67,91.2,60.76,0,862,1232
2,2017-09-23 03:15:00,20.25,265.844,"Fri Sep 22 2017",5.733,7.53,16.7,91.8,57.99,0,862,1233
2,2017-09-23 03:30:00,20.5,265.854,"Fri Sep 22 2017",5.532,7.47,16.72,92.7,56.92,0,862,1234
2,2017-09-23 03:45:00,20.75,265.865,"Fri Sep 22 2017",5.516,7.73,16.7,90.1,53.42,0,862,1235
2,2017-09-23 04:00:00,21,265.875,"Fri Sep 22 2017",5.727,7.79,16.67,86.4,52.49,0,862,1236
2,2017-09-23 04:15:00,21.25,265.885,"Fri Sep 22 2017",5.325,7.05,16.67,91.6,57.89,0,862,1237
2,2017-09-23 04:30:00,21.5,265.896,"Fri Sep 22 2017",4.821,6.832,16.68,94.6,56.74,0,862,1238
2,2017-09-23 04:45:00,21.75,265.906,"Fri Sep 22 2017",4.76,7.04,16.68,94.3,53.02,0,862,1239
2,2017-09-23 05:00:00,22,265.917,"Fri Sep 22 2017",4.492,6.936,16.68,95.3,52.32,0,862,1240
2,2017-09-23 05:15:00,22.25,265.927,"Fri Sep 22 2017",4.396,7.13,16.66,93.5,48.51,0,862,1241
2,2017-09-23 05:30:00,22.5,265.938,"Fri Sep 22 2017",4.122,7.31,16.67,94.7,46.14,0,862,1242
2,2017-09-23 05:45:00,22.75,265.948,"Fri Sep 22 2017",4.197,7.39,16.62,92.2,45.54,0,862,1243
2,2017-09-23 06:00:00,23,265.958,"Fri Sep 22 2017",4.353,7.49,16.64,89.9,45.78,0,862,1244
2,2017-09-23 06:15:00,23.25,265.969,"Fri Sep 22 2017",4.267,7.3,16.62,91.3,46.74,0,862,1245
2,2017-09-23 06:30:00,23.5,265.979,"Fri Sep 22 2017",4.219,7.34,16.63,89.9,46.14,0,862,1246
2,2017-09-23 06:45:00,23.75,265.99,"Fri Sep 22 2017",4.34,7.31,16.61,85.7,45.46,0,862,1247
2,2017-09-23 07:00:00,0,266,"Sat Sep 23 2017",4.547,7.22,16.61,83.3,44.7,0,862,1248
2,2017-09-23 07:15:00,0.25,266.01,"Sat Sep 23 2017",4.577,7.4,16.59,83,43.11,0,862,1249
2,2017-09-23 07:30:00,0.5,266.021,"Sat Sep 23 2017",4.466,7.88,16.6,86,40.2,0,862,1250
2,2017-09-23 07:45:00,0.75,266.031,"Sat Sep 23 2017",4.286,7.91,16.58,86.2,39.64,0,862,1251
2,2017-09-23 08:00:00,1,266.042,"Sat Sep 23 2017",4.648,7.9,16.57,81,39.04,0,862,1252
2,2017-09-23 08:15:00,1.25,266.052,"Sat Sep 23 2017",5.312,7.72,16.54,73.4,39.72,0,862,1253
2,2017-09-23 08:30:00,1.5,266.062,"Sat Sep 23 2017",5.209,7.64,16.54,76.3,39.69,0,862,1254
2,2017-09-23 08:45:00,1.75,266.073,"Sat Sep 23 2017",4.784,7.62,16.51,80,39.35,0,862,1255
2,2017-09-23 09:00:00,2,266.083,"Sat Sep 23 2017",4.509,7.67,16.5,81.5,38.47,0,861,1256
2,2017-09-23 09:15:00,2.25,266.094,"Sat Sep 23 2017",4.176,7.63,16.46,85.1,38.96,0,861,1257
2,2017-09-23 09:30:00,2.5,266.104,"Sat Sep 23 2017",4.2,7.38,16.46,81.9,39.77,0,861,1258
2,2017-09-23 09:45:00,2.75,266.115,"Sat Sep 23 2017",4.299,7.29,16.42,82.2,39.95,0,861,1259
2,2017-09-23 10:00:00,3,266.125,"Sat Sep 23 2017",4.169,7.41,16.39,81.9,38.73,0,861,1260
2,2017-09-23 10:15:00,3.25,266.135,"Sat Sep 23 2017",4.276,7.45,16.37,80.8,38.27,0,861,1261
2,2017-09-23 10:30:00,3.5,266.146,"Sat Sep 23 2017",4.502,7.3,16.35,77.9,38.85,0,861,1262
2,2017-09-23 10:45:00,3.75,266.156,"Sat Sep 23 2017",4.543,7.28,16.32,77.4,38.56,0,861,1263
2,2017-09-23 11:00:00,4,266.167,"Sat Sep 23 2017",4.606,7.23,16.36,75.6,38.56,0,861,1264
2,2017-09-23 11:15:00,4.25,266.177,"Sat Sep 23 2017",4.504,7.22,16.3,75.8,38.12,0,861,1265
2,2017-09-23 11:30:00,4.5,266.188,"Sat Sep 23 2017",4.426,7.29,16.27,76.6,37.41,0,861,1266
2,2017-09-23 11:45:00,4.75,266.198,"Sat Sep 23 2017",4.394,7.35,16.22,76.6,36.35,0,861,1267
2,2017-09-23 12:00:00,5,266.208,"Sat Sep 23 2017",4.303,7.4,16.22,76.1,35.94,0,861,1268
2,2017-09-23 12:15:00,5.25,266.219,"Sat Sep 23 2017",4.607,7.35,16.22,71.8,35.91,0,861,1269
2,2017-09-23 12:30:00,5.5,266.229,"Sat Sep 23 2017",4.682,7.33,16.19,72.3,35.87,0,861,1270
2,2017-09-23 12:45:00,5.75,266.24,"Sat Sep 23 2017",4.308,7.39,16.16,75,35.46,0,862,1271
2,2017-09-23 13:00:00,6,266.25,"Sat Sep 23 2017",4.224,7.44,16.14,77.4,35.15,0,862,1272
2,2017-09-23 13:15:00,6.25,266.26,"Sat Sep 23 2017",4.275,7.56,16.11,76,35.28,0,862,1273
2,2017-09-23 13:30:00,6.5,266.271,"Sat Sep 23 2017",4.378,7.81,16.09,78.9,35.19,0,862,1274
2,2017-09-23 13:45:00,6.75,266.281,"Sat Sep 23 2017",4.41,8,16.08,79.8,34.97,0,862,1275
2,2017-09-23 14:00:00,7,266.292,"Sat Sep 23 2017",4.918,8.17,16.04,78.2,35.05,0,862,1276
2,2017-09-23 14:15:00,7.25,266.302,"Sat Sep 23 2017",5.334,8.5,16.05,78.3,34.67,0,862,1277
2,2017-09-23 14:30:00,7.5,266.312,"Sat Sep 23 2017",6.068,8.77,16,76.2,35.22,0,862,1278
2,2017-09-23 14:45:00,7.75,266.323,"Sat Sep 23 2017",7.28,9.11,15.97,72.6,35.33,0,862,1279
2,2017-09-23 15:00:00,8,266.333,"Sat Sep 23 2017",8.44,9.64,15.95,69.58,35.2,0,862,1280
2,2017-09-23 15:15:00,8.25,266.344,"Sat Sep 23 2017",9.41,10.21,15.89,66.99,34.52,0,862,1281
2,2017-09-23 15:30:00,8.5,266.354,"Sat Sep 23 2017",10.45,10.51,15.91,62.37,32.94,0,862,1282
2,2017-09-23 15:45:00,8.75,266.365,"Sat Sep 23 2017",11,10.95,15.87,60.56,30.96,0,862,1283
2,2017-09-23 16:00:00,9,266.375,"Sat Sep 23 2017",11.27,11.17,15.87,55.39,28.5,0,862,1284
2,2017-09-23 16:15:00,9.25,266.385,"Sat Sep 23 2017",11.5,11.31,15.86,50.31,27.85,0,862,1285
2,2017-09-23 16:30:00,9.5,266.396,"Sat Sep 23 2017",11.96,11.61,15.82,48.64,27.72,0,862,1286
2,2017-09-23 16:45:00,9.75,266.406,"Sat Sep 23 2017",12.32,11.9,15.75,46.07,28.15,0,862,1287
2,2017-09-23 17:00:00,10,266.417,"Sat Sep 23 2017",13.11,12.78,15.74,47.87,28.1,0,863,1288
2,2017-09-23 17:15:00,10.25,266.427,"Sat Sep 23 2017",13.74,12.53,15.73,42.45,26.16,0,863,1289
2,2017-09-23 17:30:00,10.5,266.438,"Sat Sep 23 2017",14.44,12.93,15.7,42.29,26.6,0,863,1290
2,2017-09-23 17:45:00,10.75,266.448,"Sat Sep 23 2017",14.91,12.88,15.7,39.96,26.02,0,863,1291
2,2017-09-23 18:00:00,11,266.458,"Sat Sep 23 2017",15.52,13.2,15.65,39.76,25.21,0,863,1292
2,2017-09-23 18:15:00,11.25,266.469,"Sat Sep 23 2017",15.76,13.24,15.65,38.98,25.1,0,863,1293
2,2017-09-23 18:30:00,11.5,266.479,"Sat Sep 23 2017",15.97,13.45,15.63,38.24,25.19,0,863,1294
2,2017-09-23 18:45:00,11.75,266.49,"Sat Sep 23 2017",15.78,13.28,15.59,37.18,24.64,0,863,1295
2,2017-09-23 19:00:00,12,266.5,"Sat Sep 23 2017",15.79,13.62,15.59,36.2,24.33,0,863,1296
2,2017-09-23 19:15:00,12.25,266.51,"Sat Sep 23 2017",16.06,14.19,15.58,38.09,24.5,0,863,1297
2,2017-09-23 19:30:00,12.5,266.521,"Sat Sep 23 2017",16.15,14.15,15.57,36.87,24.47,0,863,1298
2,2017-09-23 19:45:00,12.75,266.531,"Sat Sep 23 2017",16.26,13.97,15.58,37.15,24.85,0,862,1299
2,2017-09-23 20:00:00,13,266.542,"Sat Sep 23 2017",16.5,14.3,15.56,37.34,24.91,0,862,1300
2,2017-09-23 20:15:00,13.25,266.552,"Sat Sep 23 2017",16.46,14.65,15.55,37.64,25.19,0,862,1301
2,2017-09-23 20:30:00,13.5,266.562,"Sat Sep 23 2017",17.02,15.06,15.55,38.56,26.13,0,862,1302
2,2017-09-23 20:45:00,13.75,266.573,"Sat Sep 23 2017",17.49,14.8,15.55,37.96,25.23,0,862,1303
2,2017-09-23 21:00:00,14,266.583,"Sat Sep 23 2017",16.98,14.66,15.54,37.06,24.71,0,862,1304
2,2017-09-23 21:15:00,14.25,266.594,"Sat Sep 23 2017",16.91,14.88,15.55,37.27,24.64,0,862,1305
2,2017-09-23 21:30:00,14.5,266.604,"Sat Sep 23 2017",17.07,15.25,15.57,36.2,23.68,0,862,1306
2,2017-09-23 21:45:00,14.75,266.615,"Sat Sep 23 2017",16.84,15.07,15.59,35.58,22.97,0,862,1307
2,2017-09-23 22:00:00,15,266.625,"Sat Sep 23 2017",16.91,15.28,15.59,35.63,23.06,0,862,1308
2,2017-09-23 22:15:00,15.25,266.635,"Sat Sep 23 2017",16.61,15.86,15.62,35.58,22.01,0,862,1309
2,2017-09-23 22:30:00,15.5,266.646,"Sat Sep 23 2017",15.97,15.47,15.61,36,20.9,0,862,1310
2,2017-09-23 22:45:00,15.75,266.656,"Sat Sep 23 2017",15.95,15.52,15.62,36.56,21.22,0,862,1311
2,2017-09-23 23:00:00,16,266.667,"Sat Sep 23 2017",15.36,15.62,15.64,38.97,21.77,0,863,1312
2,2017-09-23 23:15:00,16.25,266.677,"Sat Sep 23 2017",15.01,15.27,15.67,38.24,21.18,0,863,1313
2,2017-09-23 23:30:00,16.5,266.688,"Sat Sep 23 2017",14.68,15.6,15.68,41.19,22.22,0,863,1314
2,2017-09-23 23:45:00,16.75,266.698,"Sat Sep 23 2017",14.02,15.15,15.69,44.71,23.93,0,863,1315
2,2017-09-24,17,266.708,"Sat Sep 23 2017",13.77,14.47,15.73,47.44,28.77,0,863,1316
2,2017-09-24 00:15:00,17.25,266.719,"Sat Sep 23 2017",13.25,13.97,15.77,51.31,30.22,0,863,1317
2,2017-09-24 00:30:00,17.5,266.729,"Sat Sep 23 2017",12.58,13.59,15.77,53.14,30.88,0,863,1318
2,2017-09-24 00:45:00,17.75,266.74,"Sat Sep 23 2017",12.26,13.24,15.79,53.81,31.91,0,863,1319
2,2017-09-24 01:00:00,18,266.75,"Sat Sep 23 2017",11.46,12.6,15.81,56.85,33.29,0,863,1320
2,2017-09-24 01:15:00,18.25,266.76,"Sat Sep 23 2017",11.02,12.27,15.84,55.7,33.22,0,863,1321
2,2017-09-24 01:30:00,18.5,266.771,"Sat Sep 23 2017",11.03,12.17,15.85,55.51,33.05,0,863,1322
2,2017-09-24 01:45:00,18.75,266.781,"Sat Sep 23 2017",10.8,12.16,15.87,55.2,32.82,0,863,1323
2,2017-09-24 02:00:00,19,266.792,"Sat Sep 23 2017",10.58,12.24,15.87,54.9,32.41,0,863,1324
2,2017-09-24 02:15:00,19.25,266.802,"Sat Sep 23 2017",10.77,12.26,15.9,54.11,32.35,0,863,1325
2,2017-09-24 02:30:00,19.5,266.812,"Sat Sep 23 2017",10.48,12.21,15.92,55.29,30.93,0,863,1326
2,2017-09-24 02:45:00,19.75,266.823,"Sat Sep 23 2017",10.1,11.83,15.94,56.11,31.47,0,864,1327
2,2017-09-24 03:00:00,20,266.833,"Sat Sep 23 2017",9.34,11.55,15.94,61.44,30.89,0,863,1328
2,2017-09-24 03:15:00,20.25,266.844,"Sat Sep 23 2017",8.92,11.09,15.96,61.87,31.74,0,864,1329
2,2017-09-24 03:30:00,20.5,266.854,"Sat Sep 23 2017",8.59,11.12,15.98,64.02,31.28,0,864,1330
2,2017-09-24 03:45:00,20.75,266.865,"Sat Sep 23 2017",8.06,11.12,16,68.11,31.4,0,863,1331
2,2017-09-24 04:00:00,21,266.875,"Sat Sep 23 2017",7.95,10.72,16,67.46,33.36,0,863,1332
2,2017-09-24 04:15:00,21.25,266.885,"Sat Sep 23 2017",7.81,10.38,16,67.92,35.04,0,863,1333
2,2017-09-24 04:30:00,21.5,266.896,"Sat Sep 23 2017",7.69,10.37,16.02,70.9,34.33,0,863,1334
2,2017-09-24 04:45:00,21.75,266.906,"Sat Sep 23 2017",7.33,10.18,16.02,73.5,34.62,0,863,1335
2,2017-09-24 05:00:00,22,266.917,"Sat Sep 23 2017",7.28,10.19,16.03,73.2,33.7,0,863,1336
2,2017-09-24 05:15:00,22.25,266.927,"Sat Sep 23 2017",7.42,10.09,16.03,70.8,33.08,0,863,1337
2,2017-09-24 05:30:00,22.5,266.938,"Sat Sep 23 2017",7.49,10.05,16.04,69.36,32.25,0,863,1338
2,2017-09-24 05:45:00,22.75,266.948,"Sat Sep 23 2017",7.46,9.99,16.03,65.92,31.97,0,863,1339
2,2017-09-24 06:00:00,23,266.958,"Sat Sep 23 2017",7.49,10.17,16.03,66.63,31.05,0,863,1340
2,2017-09-24 06:15:00,23.25,266.969,"Sat Sep 23 2017",7.41,10.18,16.03,67.27,30.66,0,863,1341
2,2017-09-24 06:30:00,23.5,266.979,"Sat Sep 23 2017",7.34,10.31,16.03,67.26,30.04,0,863,1342
2,2017-09-24 06:45:00,23.75,266.99,"Sat Sep 23 2017",7.37,10.28,16.04,66.85,30.02,0,863,1343
2,2017-09-24 07:00:00,0,267,"Sun Sep 24 2017",7.25,10.35,16.02,67.98,29.46,0,863,1344
2,2017-09-24 07:15:00,0.25,267.01,"Sun Sep 24 2017",7.21,10.35,16.01,67.9,29.37,0,863,1345
2,2017-09-24 07:30:00,0.5,267.021,"Sun Sep 24 2017",7.03,10.21,16.02,68.22,30,0,863,1346
2,2017-09-24 07:45:00,0.75,267.031,"Sun Sep 24 2017",7.15,10.05,16.01,65.87,30.73,0,864,1347
2,2017-09-24 08:00:00,1,267.042,"Sun Sep 24 2017",7.2,10.02,16.01,64.87,30.95,0,864,1348
2,2017-09-24 08:15:00,1.25,267.052,"Sun Sep 24 2017",7.49,9.99,16.01,60.81,30.88,0,864,1349
2,2017-09-24 08:30:00,1.5,267.062,"Sun Sep 24 2017",7.63,10.11,15.99,60.43,30.21,0,864,1350
2,2017-09-24 08:45:00,1.75,267.073,"Sun Sep 24 2017",7.41,9.99,15.98,62.58,30.2,0,864,1351
2,2017-09-24 09:00:00,2,267.083,"Sun Sep 24 2017",7.01,9.95,15.94,65.76,30.1,0,864,1352
2,2017-09-24 09:15:00,2.25,267.094,"Sun Sep 24 2017",7.06,9.98,15.95,63.37,29.89,0,864,1353
2,2017-09-24 09:30:00,2.5,267.104,"Sun Sep 24 2017",7.28,9.96,15.94,61.25,29.64,0,864,1354
2,2017-09-24 09:45:00,2.75,267.115,"Sun Sep 24 2017",7.28,9.97,15.93,62.21,29.28,0,864,1355
2,2017-09-24 10:00:00,3,267.125,"Sun Sep 24 2017",7.12,9.97,15.91,61.56,28.95,0,864,1356
2,2017-09-24 10:15:00,3.25,267.135,"Sun Sep 24 2017",7.18,9.92,15.91,61.2,28.98,0,864,1357
2,2017-09-24 10:30:00,3.5,267.146,"Sun Sep 24 2017",7.06,9.74,15.9,61.6,29.25,0,864,1358
2,2017-09-24 10:45:00,3.75,267.156,"Sun Sep 24 2017",7.1,9.95,15.89,59.78,28.45,0,864,1359
2,2017-09-24 11:00:00,4,267.167,"Sun Sep 24 2017",7.14,10.01,15.86,59.64,28.1,0,864,1360
2,2017-09-24 11:15:00,4.25,267.177,"Sun Sep 24 2017",6.931,9.88,15.81,60.68,28.34,0,864,1361
2,2017-09-24 11:30:00,4.5,267.188,"Sun Sep 24 2017",6.69,9.8,15.8,64.62,28.14,0,864,1362
2,2017-09-24 11:45:00,4.75,267.198,"Sun Sep 24 2017",6.688,9.84,15.8,61.41,27.68,0,864,1363
2,2017-09-24 12:00:00,5,267.208,"Sun Sep 24 2017",6.64,9.7,15.77,59.88,27.84,0,864,1364
2,2017-09-24 12:15:00,5.25,267.219,"Sun Sep 24 2017",6.682,9.76,15.75,59.2,27.58,0,864,1365
2,2017-09-24 12:30:00,5.5,267.229,"Sun Sep 24 2017",6.727,9.66,15.73,58.58,27.94,0,864,1366
2,2017-09-24 12:45:00,5.75,267.24,"Sun Sep 24 2017",6.815,9.69,15.72,57.32,27.83,0,864,1367
2,2017-09-24 13:00:00,6,267.25,"Sun Sep 24 2017",6.956,9.76,15.7,55.1,27.52,0,864,1368
2,2017-09-24 13:15:00,6.25,267.26,"Sun Sep 24 2017",7.3,9.73,15.68,53.95,27.63,0,864,1369
2,2017-09-24 13:30:00,6.5,267.271,"Sun Sep 24 2017",7.41,9.89,15.67,55.62,27.81,0,864,1370
2,2017-09-24 13:45:00,6.75,267.281,"Sun Sep 24 2017",7.31,10.05,15.65,59.4,28.46,0,864,1371
2,2017-09-24 14:00:00,7,267.292,"Sun Sep 24 2017",7.45,10.3,15.64,61.2,28.75,0,864,1372
2,2017-09-24 14:15:00,7.25,267.302,"Sun Sep 24 2017",7.92,10.69,15.61,60.79,28.79,0,865,1373
2,2017-09-24 14:30:00,7.5,267.312,"Sun Sep 24 2017",8.76,11.22,15.6,59.81,28.82,0,865,1374
2,2017-09-24 14:45:00,7.75,267.323,"Sun Sep 24 2017",10.66,11.55,15.6,55.16,28.54,0,865,1375
2,2017-09-24 15:00:00,8,267.333,"Sun Sep 24 2017",11.95,12.13,15.6,52.22,28.36,0,865,1376
2,2017-09-24 15:15:00,8.25,267.344,"Sun Sep 24 2017",13.53,12.46,15.59,48.62,27.13,0,865,1377
2,2017-09-24 15:30:00,8.5,267.354,"Sun Sep 24 2017",14.35,12.83,15.56,46.3,26.39,0,865,1378
2,2017-09-24 15:45:00,8.75,267.365,"Sun Sep 24 2017",14.8,13.31,15.55,44.87,25.67,0,865,1379
2,2017-09-24 16:00:00,9,267.375,"Sun Sep 24 2017",14.17,13.54,15.53,46.56,24.34,0,865,1380
2,2017-09-24 16:15:00,9.25,267.385,"Sun Sep 24 2017",13.74,13.86,15.5,45.15,23.89,0,865,1381
2,2017-09-24 16:30:00,9.5,267.396,"Sun Sep 24 2017",13.79,14.2,15.48,44.97,23.59,0,865,1382
2,2017-09-24 16:45:00,9.75,267.406,"Sun Sep 24 2017",14.38,14.37,15.47,40.62,22.13,0,865,1383
2,2017-09-24 17:00:00,10,267.417,"Sun Sep 24 2017",15.11,14.94,15.45,38.65,22.19,0,865,1384
2,2017-09-24 17:15:00,10.25,267.427,"Sun Sep 24 2017",16.03,14.87,15.45,35.47,21.25,0,865,1385
2,2017-09-24 17:30:00,10.5,267.438,"Sun Sep 24 2017",16.88,15.03,15.42,35.01,20.89,0,865,1386
2,2017-09-24 17:45:00,10.75,267.448,"Sun Sep 24 2017",17.63,15.61,15.42,34.03,21.39,0,865,1387
2,2017-09-24 18:00:00,11,267.458,"Sun Sep 24 2017",18.34,15.49,15.39,33.07,21.47,0,865,1388
2,2017-09-24 18:15:00,11.25,267.469,"Sun Sep 24 2017",18.6,16,15.41,34.63,22.03,0,865,1389
2,2017-09-24 18:30:00,11.5,267.479,"Sun Sep 24 2017",18.91,15.83,15.37,33.18,21.86,0,865,1390
2,2017-09-24 18:45:00,11.75,267.49,"Sun Sep 24 2017",19.11,16.66,15.35,33.61,22.01,0,865,1391
2,2017-09-24 19:00:00,12,267.5,"Sun Sep 24 2017",19.55,16.82,15.34,33.1,21.77,0,865,1392
2,2017-09-24 19:15:00,12.25,267.51,"Sun Sep 24 2017",19.19,16.54,15.33,32.77,20.91,0,865,1393
2,2017-09-24 19:30:00,12.5,267.521,"Sun Sep 24 2017",19.48,16.8,15.33,33.07,21.1,0,865,1394
2,2017-09-24 19:45:00,12.75,267.531,"Sun Sep 24 2017",20.07,17.54,15.32,32.72,20.42,0,865,1395
2,2017-09-24 20:00:00,13,267.542,"Sun Sep 24 2017",19.75,17.66,15.31,30.45,19.17,0,864,1396
2,2017-09-24 20:15:00,13.25,267.552,"Sun Sep 24 2017",19.98,17.26,15.31,33.69,22.91,0,864,1397
2,2017-09-24 20:30:00,13.5,267.562,"Sun Sep 24 2017",18.7,16.34,15.32,39.1,27.36,0,864,1398
2,2017-09-24 20:45:00,13.75,267.573,"Sun Sep 24 2017",18.73,16.22,15.32,40.5,27.72,0,864,1399
2,2017-09-24 21:00:00,14,267.583,"Sun Sep 24 2017",18.41,16.06,15.33,40.39,27.31,0,864,1400
2,2017-09-24 21:15:00,14.25,267.594,"Sun Sep 24 2017",18.28,16.36,15.34,40.16,26.89,0,864,1401
2,2017-09-24 21:30:00,14.5,267.604,"Sun Sep 24 2017",18.5,16.52,15.36,40,26.41,0,864,1402
2,2017-09-24 21:45:00,14.75,267.615,"Sun Sep 24 2017",18.42,16.26,15.37,41.13,26.53,0,864,1403
2,2017-09-24 22:00:00,15,267.625,"Sun Sep 24 2017",17.61,15.92,15.38,41.32,26.32,0,864,1404
2,2017-09-24 22:15:00,15.25,267.635,"Sun Sep 24 2017",16.81,15.7,15.4,44.2,26.36,0,864,1405
2,2017-09-24 22:30:00,15.5,267.646,"Sun Sep 24 2017",16.57,15.61,15.42,44.74,26.87,0,864,1406
2,2017-09-24 22:45:00,15.75,267.656,"Sun Sep 24 2017",16.22,15.52,15.44,46.94,27.76,0,864,1407
2,2017-09-24 23:00:00,16,267.667,"Sun Sep 24 2017",16.14,15.72,15.46,46.88,27.15,0,865,1408
2,2017-09-24 23:15:00,16.25,267.677,"Sun Sep 24 2017",15.44,15.81,15.48,49.36,27.85,0,865,1409
2,2017-09-24 23:30:00,16.5,267.688,"Sun Sep 24 2017",15.47,16.34,15.51,49.55,27.45,0,865,1410
2,2017-09-24 23:45:00,16.75,267.698,"Sun Sep 24 2017",15.29,16.35,15.54,50,27.84,0,865,1411
2,2017-09-25,17,267.708,"Sun Sep 24 2017",15.1,16.18,15.58,50.97,28.77,0,865,1412
2,2017-09-25 00:15:00,17.25,267.719,"Sun Sep 24 2017",14.63,15.63,15.6,52.42,29.89,0,865,1413
2,2017-09-25 00:30:00,17.5,267.729,"Sun Sep 24 2017",14.11,15.03,15.62,53.85,31.14,0,865,1414
2,2017-09-25 00:45:00,17.75,267.74,"Sun Sep 24 2017",13.62,14.52,15.65,54.4,31.79,0,865,1415
2,2017-09-25 01:00:00,18,267.75,"Sun Sep 24 2017",13.19,14.25,15.67,54.58,32.1,0,865,1416
2,2017-09-25 01:15:00,18.25,267.76,"Sun Sep 24 2017",12.58,14.15,15.7,55.97,31.94,0,865,1417
2,2017-09-25 01:30:00,18.5,267.771,"Sun Sep 24 2017",12.18,14.07,15.72,56.39,32.03,0,865,1418
2,2017-09-25 01:45:00,18.75,267.781,"Sun Sep 24 2017",11.99,14.03,15.74,56.93,32.04,0,865,1419
2,2017-09-25 02:00:00,19,267.792,"Sun Sep 24 2017",11.91,14.01,15.77,56.16,31.67,0,865,1420
2,2017-09-25 02:15:00,19.25,267.802,"Sun Sep 24 2017",12.03,13.87,15.79,54.95,31.56,0,865,1421
2,2017-09-25 02:30:00,19.5,267.812,"Sun Sep 24 2017",12.17,13.83,15.82,53.79,31.47,0,865,1422
2,2017-09-25 02:45:00,19.75,267.823,"Sun Sep 24 2017",12.21,13.83,15.85,54.11,31.6,0,865,1423
2,2017-09-25 03:00:00,20,267.833,"Sun Sep 24 2017",11.95,13.81,15.86,55.46,31.98,0,865,1424
2,2017-09-25 03:15:00,20.25,267.844,"Sun Sep 24 2017",11.7,13.84,15.89,55.71,31.8,0,866,1425
2,2017-09-25 03:30:00,20.5,267.854,"Sun Sep 24 2017",11.98,13.56,15.9,55.27,32.73,0,866,1426
2,2017-09-25 03:45:00,20.75,267.865,"Sun Sep 24 2017",11.55,13.48,15.92,57.53,33.12,0,866,1427
2,2017-09-25 04:00:00,21,267.875,"Sun Sep 24 2017",10.85,13.07,15.94,62.78,35.2,0,865,1428
2,2017-09-25 04:15:00,21.25,267.885,"Sun Sep 24 2017",10.01,12.74,15.96,68.15,35.55,0,865,1429
2,2017-09-25 04:30:00,21.5,267.896,"Sun Sep 24 2017",9.73,12.86,15.97,70.4,36.13,0,865,1430
2,2017-09-25 04:45:00,21.75,267.906,"Sun Sep 24 2017",9.78,12.88,15.98,70.2,34.86,0,865,1431
2,2017-09-25 05:00:00,22,267.917,"Sun Sep 24 2017",9.62,12.96,15.98,70.3,33.66,0,865,1432
2,2017-09-25 05:15:00,22.25,267.927,"Sun Sep 24 2017",9.7,12.86,16,69.74,33.09,0,865,1433
2,2017-09-25 05:30:00,22.5,267.938,"Sun Sep 24 2017",9.89,12.79,16.01,65.65,32.18,0,865,1434
2,2017-09-25 05:45:00,22.75,267.948,"Sun Sep 24 2017",10.13,13,16.02,62.85,30.74,0,865,1435
2,2017-09-25 06:00:00,23,267.958,"Sun Sep 24 2017",10.13,12.92,16.01,61.86,30.28,0,865,1436
2,2017-09-25 06:15:00,23.25,267.969,"Sun Sep 24 2017",10.25,13.05,16.02,58.46,29.39,0,865,1437
2,2017-09-25 06:30:00,23.5,267.979,"Sun Sep 24 2017",10.47,13.13,16.02,56.5,29.04,0,865,1438
2,2017-09-25 06:45:00,23.75,267.99,"Sun Sep 24 2017",10.23,12.59,16.03,59.69,30.73,0,865,1439
2,2017-09-25 07:00:00,0,268,"Mon Sep 25 2017",9.53,12.58,16.02,64.69,29.92,0,865,1440
2,2017-09-25 07:15:00,0.25,268.01,"Mon Sep 25 2017",9.06,12.85,16.02,66.82,28.42,0,865,1441
2,2017-09-25 07:30:00,0.5,268.021,"Mon Sep 25 2017",9.06,12.7,16.02,65.15,28.72,0,865,1442
2,2017-09-25 07:45:00,0.75,268.031,"Mon Sep 25 2017",9.38,12.74,16.02,61.57,28.51,0,865,1443
2,2017-09-25 08:00:00,1,268.042,"Mon Sep 25 2017",9.39,12.7,16.01,62.61,28.49,0,865,1444
2,2017-09-25 08:15:00,1.25,268.052,"Mon Sep 25 2017",9.22,12.61,16.01,63.57,28.68,0,865,1445
2,2017-09-25 08:30:00,1.5,268.062,"Mon Sep 25 2017",9.17,12.61,16.01,63.32,28.48,0,865,1446
2,2017-09-25 08:45:00,1.75,268.073,"Mon Sep 25 2017",9.29,12.5,16.01,61.34,28.38,0,865,1447
2,2017-09-25 09:00:00,2,268.083,"Mon Sep 25 2017",9.56,12.65,16,57.51,27.56,0,865,1448
2,2017-09-25 09:15:00,2.25,268.094,"Mon Sep 25 2017",9.87,12.63,15.99,53.64,27.56,0,865,1449
2,2017-09-25 09:30:00,2.5,268.104,"Mon Sep 25 2017",9.96,12.64,15.98,52.31,27.57,0,865,1450
2,2017-09-25 09:45:00,2.75,268.115,"Mon Sep 25 2017",10.19,12.59,15.99,50.96,27.57,0,865,1451
2,2017-09-25 10:00:00,3,268.125,"Mon Sep 25 2017",10.55,12.71,15.97,49.46,27.08,0,865,1452
2,2017-09-25 10:15:00,3.25,268.135,"Mon Sep 25 2017",10.58,12.88,15.96,49.94,26.65,0,865,1453
2,2017-09-25 10:30:00,3.5,268.146,"Mon Sep 25 2017",10.4,12.82,15.95,50.5,26.68,0,865,1454
2,2017-09-25 10:45:00,3.75,268.156,"Mon Sep 25 2017",10.74,12.87,15.94,48.5,26.38,0,865,1455
2,2017-09-25 11:00:00,4,268.167,"Mon Sep 25 2017",10.72,13.09,15.93,48.29,25.62,0,865,1456
2,2017-09-25 11:15:00,4.25,268.177,"Mon Sep 25 2017",11.17,13.08,15.92,46.57,25.77,0,865,1457
2,2017-09-25 11:30:00,4.5,268.188,"Mon Sep 25 2017",11.02,13.12,15.91,47.21,25.47,0,865,1458
2,2017-09-25 11:45:00,4.75,268.198,"Mon Sep 25 2017",10.69,12.88,15.9,48.87,26.03,0,865,1459
2,2017-09-25 12:00:00,5,268.208,"Mon Sep 25 2017",10.6,12.61,15.88,48.84,26.77,0,865,1460
2,2017-09-25 12:15:00,5.25,268.219,"Mon Sep 25 2017",10.51,12.55,15.88,49.1,26.83,0,865,1461
2,2017-09-25 12:30:00,5.5,268.229,"Mon Sep 25 2017",10.39,12.59,15.86,50.42,26.7,0,865,1462
2,2017-09-25 12:45:00,5.75,268.24,"Mon Sep 25 2017",10.31,12.53,15.85,49.91,26.85,0,865,1463
2,2017-09-25 13:00:00,6,268.25,"Mon Sep 25 2017",10.41,12.54,15.83,49.39,26.91,0,865,1464
2,2017-09-25 13:15:00,6.25,268.26,"Mon Sep 25 2017",10.51,12.64,15.81,48.79,26.69,0,866,1465
2,2017-09-25 13:30:00,6.5,268.271,"Mon Sep 25 2017",10.42,13.15,15.8,50.96,25.65,0,866,1466
2,2017-09-25 13:45:00,6.75,268.281,"Mon Sep 25 2017",10.63,13.6,15.78,50.21,24.87,0,866,1467
2,2017-09-25 14:00:00,7,268.292,"Mon Sep 25 2017",11.11,13.72,15.76,52.15,25.63,0,866,1468
2,2017-09-25 14:15:00,7.25,268.302,"Mon Sep 25 2017",11.02,13.77,15.75,56.21,26.23,0,866,1469
2,2017-09-25 14:30:00,7.5,268.312,"Mon Sep 25 2017",11.93,13.93,15.73,54.13,27.08,0,866,1470
2,2017-09-25 14:45:00,7.75,268.323,"Mon Sep 25 2017",13.23,14.04,15.71,55.74,28.04,0,865,1471
2,2017-09-25 15:00:00,8,268.333,"Mon Sep 25 2017",13.24,14.46,15.7,59.29,28.59,0,865,1472
2,2017-09-25 15:15:00,8.25,268.344,"Mon Sep 25 2017",13.81,14.86,15.69,58,27.56,0,865,1473
2,2017-09-25 15:30:00,8.5,268.354,"Mon Sep 25 2017",14.68,15.13,15.67,55.25,27.34,0,865,1474
2,2017-09-25 15:45:00,8.75,268.365,"Mon Sep 25 2017",15.56,15.89,15.66,53.28,27.72,0,865,1475
2,2017-09-25 16:00:00,9,268.375,"Mon Sep 25 2017",15.17,16.5,15.64,52.18,24.04,0,865,1476
2,2017-09-25 16:15:00,9.25,268.385,"Mon Sep 25 2017",15.12,16.53,15.63,48.27,22.21,0,865,1477
2,2017-09-25 16:30:00,9.5,268.396,"Mon Sep 25 2017",15.19,16.96,15.61,49.53,22.14,0,865,1478
2,2017-09-25 16:45:00,9.75,268.406,"Mon Sep 25 2017",15.92,16.6,15.59,49.78,27.15,0,865,1479
2,2017-09-25 17:00:00,10,268.417,"Mon Sep 25 2017",16.55,16.77,15.57,45.63,26.94,0,865,1480
2,2017-09-25 17:15:00,10.25,268.427,"Mon Sep 25 2017",18.2,17.15,15.56,43.53,26.5,0,865,1481
2,2017-09-25 17:30:00,10.5,268.438,"Mon Sep 25 2017",18.67,17.25,15.54,42.52,25.28,0,865,1482
2,2017-09-25 17:45:00,10.75,268.448,"Mon Sep 25 2017",19.28,17.3,15.55,40.71,26.91,0,865,1483
2,2017-09-25 18:00:00,11,268.458,"Mon Sep 25 2017",19.7,17.28,15.53,41.6,28.3,0,865,1484
2,2017-09-25 18:15:00,11.25,268.469,"Mon Sep 25 2017",19.33,17.16,15.53,42.45,27.99,0,865,1485
2,2017-09-25 18:30:00,11.5,268.479,"Mon Sep 25 2017",19.4,17.38,15.51,40.12,26.92,0,865,1486
2,2017-09-25 18:45:00,11.75,268.49,"Mon Sep 25 2017",19.99,18.21,15.49,39.33,26.28,0,865,1487
2,2017-09-25 19:00:00,12,268.5,"Mon Sep 25 2017",20.33,18.38,15.48,40.21,26.07,0,865,1488
2,2017-09-25 19:15:00,12.25,268.51,"Mon Sep 25 2017",20.2,18.01,15.48,37.52,25.15,0,865,1489
2,2017-09-25 19:30:00,12.5,268.521,"Mon Sep 25 2017",20.36,18.17,15.48,37.53,25.44,0,865,1490
2,2017-09-25 19:45:00,12.75,268.531,"Mon Sep 25 2017",21.61,19.16,15.47,36.66,24.87,0,864,1491
2,2017-09-25 20:00:00,13,268.542,"Mon Sep 25 2017",21.63,19.36,15.47,35.32,23.8,0,864,1492
2,2017-09-25 20:15:00,13.25,268.552,"Mon Sep 25 2017",21.24,19.4,15.47,36.68,23.87,0,864,1493
2,2017-09-25 20:30:00,13.5,268.562,"Mon Sep 25 2017",21.35,19.34,15.48,36.59,24.02,0,864,1494
2,2017-09-25 20:45:00,13.75,268.573,"Mon Sep 25 2017",21.39,19.51,15.51,35.54,23.53,0,864,1495
2,2017-09-25 21:00:00,14,268.583,"Mon Sep 25 2017",21.39,19.6,15.51,35.74,23.86,0,864,1496
2,2017-09-25 21:15:00,14.25,268.594,"Mon Sep 25 2017",21.17,19.29,15.52,37.12,24.7,0,864,1497
2,2017-09-25 21:30:00,14.5,268.604,"Mon Sep 25 2017",21.01,19.34,15.52,36.96,24.72,0,864,1498
2,2017-09-25 21:45:00,14.75,268.615,"Mon Sep 25 2017",21.03,19.23,15.53,37.15,24.51,0,864,1499
2,2017-09-25 22:00:00,15,268.625,"Mon Sep 25 2017",20.98,19.45,15.55,37.82,24.19,0,864,1500
2,2017-09-25 22:15:00,15.25,268.635,"Mon Sep 25 2017",20.92,19.43,15.57,37.12,24.33,0,864,1501
2,2017-09-25 22:30:00,15.5,268.646,"Mon Sep 25 2017",20.19,19.69,15.59,40.1,24.63,0,864,1502
2,2017-09-25 22:45:00,15.75,268.656,"Mon Sep 25 2017",19.86,19.42,15.6,41.92,25.1,0,864,1503
2,2017-09-25 23:00:00,16,268.667,"Mon Sep 25 2017",19.18,19.19,15.63,42.68,25.56,0,864,1504
2,2017-09-25 23:15:00,16.25,268.677,"Mon Sep 25 2017",18.68,19.07,15.64,44.31,26.59,0,864,1505
2,2017-09-25 23:30:00,16.5,268.688,"Mon Sep 25 2017",18.22,18.91,15.68,48.15,28.61,0,864,1506
2,2017-09-25 23:45:00,16.75,268.698,"Mon Sep 25 2017",17.7,18.75,15.7,51.59,29.69,0,864,1507
2,2017-09-26,17,268.708,"Mon Sep 25 2017",17.28,18.58,15.73,51.45,29.09,0,864,1508
2,2017-09-26 00:15:00,17.25,268.719,"Mon Sep 25 2017",17.08,18.28,15.75,50.07,28.88,0,864,1509
2,2017-09-26 00:30:00,17.5,268.729,"Mon Sep 25 2017",16.7,18.01,15.78,50.46,29.27,0,864,1510
2,2017-09-26 00:45:00,17.75,268.74,"Mon Sep 25 2017",16.29,17.58,15.81,51.32,30.03,0,864,1511
2,2017-09-26 01:00:00,18,268.75,"Mon Sep 25 2017",15.88,17.18,15.83,51.49,30.28,0,864,1512
2,2017-09-26 01:15:00,18.25,268.76,"Mon Sep 25 2017",15.66,16.95,15.86,50.61,30.42,0,864,1513
2,2017-09-26 01:30:00,18.5,268.771,"Mon Sep 25 2017",15.56,16.88,15.89,50.59,30.46,0,864,1514
2,2017-09-26 01:45:00,18.75,268.781,"Mon Sep 25 2017",15.39,16.71,15.91,51.5,30.83,0,864,1515
2,2017-09-26 02:00:00,19,268.792,"Mon Sep 25 2017",15.06,16.68,15.93,52.12,30.87,0,864,1516
2,2017-09-26 02:15:00,19.25,268.802,"Mon Sep 25 2017",15.07,16.75,15.96,51.71,30.55,0,864,1517
2,2017-09-26 02:30:00,19.5,268.812,"Mon Sep 25 2017",14.99,16.65,15.98,52.44,29.92,0,864,1518
2,2017-09-26 02:45:00,19.75,268.823,"Mon Sep 25 2017",14.53,16.14,16,52.73,28.21,0,864,1519
2,2017-09-26 03:00:00,20,268.833,"Mon Sep 25 2017",13.93,15.45,16.02,53.97,28.41,0,864,1520
2,2017-09-26 03:15:00,20.25,268.844,"Mon Sep 25 2017",13.39,16.21,16.04,50.99,25.65,0,864,1521
2,2017-09-26 03:30:00,20.5,268.854,"Mon Sep 25 2017",13.52,16.26,16.05,49.88,25.39,0,864,1522
2,2017-09-26 03:45:00,20.75,268.865,"Mon Sep 25 2017",13.59,15.83,16.07,48.75,26.14,0,864,1523
2,2017-09-26 04:00:00,21,268.875,"Mon Sep 25 2017",13.19,15.61,16.08,52.33,26.32,0,864,1524
2,2017-09-26 04:15:00,21.25,268.885,"Mon Sep 25 2017",12.59,15.41,16.1,55.81,26.72,0,864,1525
2,2017-09-26 04:30:00,21.5,268.896,"Mon Sep 25 2017",12.85,15.85,16.11,53.2,25.84,0,864,1526
2,2017-09-26 04:45:00,21.75,268.906,"Mon Sep 25 2017",13.32,15.97,16.12,51.02,25.1,0,864,1527
2,2017-09-26 05:00:00,22,268.917,"Mon Sep 25 2017",13.48,15.97,16.13,48.89,24.34,0,864,1528
2,2017-09-26 05:15:00,22.25,268.927,"Mon Sep 25 2017",13.85,16,16.14,45.93,23.95,0,864,1529
2,2017-09-26 05:30:00,22.5,268.938,"Mon Sep 25 2017",14,15.97,16.15,45.81,23.87,0,864,1530
2,2017-09-26 05:45:00,22.75,268.948,"Mon Sep 25 2017",13.82,15.85,16.16,45.86,24.16,0,864,1531
2,2017-09-26 06:00:00,23,268.958,"Mon Sep 25 2017",13.81,15.79,16.16,45.62,24.41,0,864,1532
2,2017-09-26 06:15:00,23.25,268.969,"Mon Sep 25 2017",13.77,15.53,16.16,44.42,24.97,0,864,1533
2,2017-09-26 06:30:00,23.5,268.979,"Mon Sep 25 2017",13.73,15.52,16.17,44.35,24.8,0,864,1534
2,2017-09-26 06:45:00,23.75,268.99,"Mon Sep 25 2017",13.63,15.42,16.17,45,25.07,0,864,1535
2,2017-09-26 07:00:00,0,269,"Tue Sep 26 2017",13.41,15.09,16.17,46.16,25.89,0,864,1536
2,2017-09-26 07:15:00,0.25,269.01,"Tue Sep 26 2017",13.15,15.28,16.17,47.01,25.46,0,864,1537
2,2017-09-26 07:30:00,0.5,269.021,"Tue Sep 26 2017",13.24,15.45,16.17,47.11,25.23,0,864,1538
2,2017-09-26 07:45:00,0.75,269.031,"Tue Sep 26 2017",13.08,15.31,16.17,47.72,25.72,0,864,1539
2,2017-09-26 08:00:00,1,269.042,"Tue Sep 26 2017",12.98,15.31,16.16,48.42,25.6,0,864,1540
2,2017-09-26 08:15:00,1.25,269.052,"Tue Sep 26 2017",13.08,15.06,16.16,46.83,26.01,0,864,1541
2,2017-09-26 08:30:00,1.5,269.062,"Tue Sep 26 2017",12.89,14.82,16.16,47.87,26.34,0,864,1542
2,2017-09-26 08:45:00,1.75,269.073,"Tue Sep 26 2017",12.19,14.68,16.15,51.99,26.62,0,863,1543
2,2017-09-26 09:00:00,2,269.083,"Tue Sep 26 2017",11.41,14.67,16.15,57.4,26.6,0,863,1544
2,2017-09-26 09:15:00,2.25,269.094,"Tue Sep 26 2017",10.92,14.79,16.15,56.71,26.41,0,863,1545
2,2017-09-26 09:30:00,2.5,269.104,"Tue Sep 26 2017",10.7,15.21,16.14,55.25,25.18,0,863,1546
2,2017-09-26 09:45:00,2.75,269.115,"Tue Sep 26 2017",11.06,15.21,16.13,57.04,25.16,0,863,1547
2,2017-09-26 10:00:00,3,269.125,"Tue Sep 26 2017",11.27,15.08,16.13,56.74,25.33,0,863,1548
2,2017-09-26 10:15:00,3.25,269.135,"Tue Sep 26 2017",11.4,15.18,16.12,56.26,25.07,0,863,1549
2,2017-09-26 10:30:00,3.5,269.146,"Tue Sep 26 2017",11.68,15.25,16.11,53.58,24.92,0,863,1550
2,2017-09-26 10:45:00,3.75,269.156,"Tue Sep 26 2017",11.9,15.11,16.11,52.68,25.14,0,863,1551
2,2017-09-26 11:00:00,4,269.167,"Tue Sep 26 2017",12.12,15.41,16.1,50.89,24.59,0,863,1552
2,2017-09-26 11:15:00,4.25,269.177,"Tue Sep 26 2017",11.5,15.29,16.09,54.71,24.93,0,863,1553
2,2017-09-26 11:30:00,4.5,269.188,"Tue Sep 26 2017",12.07,15.33,16.08,50.26,24.85,0,863,1554
2,2017-09-26 11:45:00,4.75,269.198,"Tue Sep 26 2017",12.11,15.15,16.06,51.14,25.3,0,863,1555
2,2017-09-26 12:00:00,5,269.208,"Tue Sep 26 2017",11.55,14.75,16.06,55.31,26.5,0,864,1556
2,2017-09-26 12:15:00,5.25,269.219,"Tue Sep 26 2017",11.23,14.75,16.05,57.09,26.44,0,864,1557
2,2017-09-26 12:30:00,5.5,269.229,"Tue Sep 26 2017",11.08,14.57,16.03,58.09,27,0,864,1558
2,2017-09-26 12:45:00,5.75,269.24,"Tue Sep 26 2017",10.94,14.21,16.02,59.02,28.17,0,864,1559
2,2017-09-26 13:00:00,6,269.25,"Tue Sep 26 2017",10.87,14.26,16.01,58.72,28.52,0,864,1560
2,2017-09-26 13:15:00,6.25,269.26,"Tue Sep 26 2017",11.31,14.31,16,56.42,28.83,0,864,1561
2,2017-09-26 13:30:00,6.5,269.271,"Tue Sep 26 2017",11.5,14.64,15.99,57.29,28.8,0,864,1562
2,2017-09-26 13:45:00,6.75,269.281,"Tue Sep 26 2017",11.74,14.95,15.98,58.24,29.18,0,864,1563
2,2017-09-26 14:00:00,7,269.292,"Tue Sep 26 2017",11.52,15.05,15.96,60.49,29.68,0,864,1564
2,2017-09-26 14:15:00,7.25,269.302,"Tue Sep 26 2017",12.09,15.13,15.95,61.89,30.17,0,864,1565
2,2017-09-26 14:30:00,7.5,269.312,"Tue Sep 26 2017",13.21,15.43,15.93,57.31,29.81,0,864,1566
2,2017-09-26 14:45:00,7.75,269.323,"Tue Sep 26 2017",14.96,15.83,15.92,51.15,29.04,0,864,1567
2,2017-09-26 15:00:00,8,269.333,"Tue Sep 26 2017",15.69,16.17,15.9,48.27,28.13,0,864,1568
2,2017-09-26 15:15:00,8.25,269.344,"Tue Sep 26 2017",16.26,16.51,15.89,48.22,27.91,0,864,1569
2,2017-09-26 15:30:00,8.5,269.354,"Tue Sep 26 2017",17.08,16.91,15.87,46.55,26.88,0,864,1570
2,2017-09-26 15:45:00,8.75,269.365,"Tue Sep 26 2017",17.32,17.16,15.86,45.81,26.5,0,864,1571
2,2017-09-26 16:00:00,9,269.375,"Tue Sep 26 2017",17.58,17.41,15.84,43.53,25.8,0,864,1572
2,2017-09-26 16:15:00,9.25,269.385,"Tue Sep 26 2017",18.1,17.81,15.83,42.19,25.22,0,864,1573
2,2017-09-26 16:30:00,9.5,269.396,"Tue Sep 26 2017",18.58,18.24,15.82,41.05,25.11,0,864,1574
2,2017-09-26 16:45:00,9.75,269.406,"Tue Sep 26 2017",19.05,18.23,15.81,40.01,24.76,0,864,1575
2,2017-09-26 17:00:00,10,269.417,"Tue Sep 26 2017",19.34,18.27,15.79,39.77,25.03,0,864,1576
2,2017-09-26 17:15:00,10.25,269.427,"Tue Sep 26 2017",19.73,18.24,15.78,38.5,24.96,0,864,1577
2,2017-09-26 17:30:00,10.5,269.438,"Tue Sep 26 2017",20.28,18.66,15.77,38.1,24.65,0,864,1578
2,2017-09-26 17:45:00,10.75,269.448,"Tue Sep 26 2017",20.88,18.73,15.76,37.17,24.33,0,864,1579
2,2017-09-26 18:00:00,11,269.458,"Tue Sep 26 2017",20.88,18.83,15.75,36.42,23.88,0,864,1580
2,2017-09-26 18:15:00,11.25,269.469,"Tue Sep 26 2017",21.15,19.08,15.74,35.75,23.18,0,864,1581
2,2017-09-26 18:30:00,11.5,269.479,"Tue Sep 26 2017",21.56,19.29,15.72,34.94,23.01,0,864,1582
2,2017-09-26 18:45:00,11.75,269.49,"Tue Sep 26 2017",21.64,19.41,15.72,34.85,22.61,0,864,1583
2,2017-09-26 19:00:00,12,269.5,"Tue Sep 26 2017",21.59,19.37,15.71,34.71,22.66,0,864,1584
2,2017-09-26 19:15:00,12.25,269.51,"Tue Sep 26 2017",21.95,19.49,15.71,34.37,22.43,0,864,1585
2,2017-09-26 19:30:00,12.5,269.521,"Tue Sep 26 2017",22.52,19.76,15.71,33.48,21.76,0,864,1586
2,2017-09-26 19:45:00,12.75,269.531,"Tue Sep 26 2017",22.68,19.86,15.7,33.22,21.6,0,864,1587
2,2017-09-26 20:00:00,13,269.542,"Tue Sep 26 2017",22.83,19.96,15.7,32.35,20.93,0,864,1588
2,2017-09-26 20:15:00,13.25,269.552,"Tue Sep 26 2017",22.64,19.99,15.71,32.18,20.86,0,863,1589
2,2017-09-26 20:30:00,13.5,269.562,"Tue Sep 26 2017",22.71,20.13,15.71,31.74,20.39,0,863,1590
2,2017-09-26 20:45:00,13.75,269.573,"Tue Sep 26 2017",22.66,20.25,15.7,32.12,20.31,0,863,1591
2,2017-09-26 21:00:00,14,269.583,"Tue Sep 26 2017",22.6,20.27,15.73,31.72,19.79,0,863,1592
2,2017-09-26 21:15:00,14.25,269.594,"Tue Sep 26 2017",22.33,20.3,15.75,31.41,19.24,0,863,1593
2,2017-09-26 21:30:00,14.5,269.604,"Tue Sep 26 2017",22.33,20.35,15.75,31.66,19.18,0,863,1594
2,2017-09-26 21:45:00,14.75,269.615,"Tue Sep 26 2017",22.31,20.2,15.77,31.06,19.12,0,863,1595
2,2017-09-26 22:00:00,15,269.625,"Tue Sep 26 2017",22.16,20.25,15.79,31.55,19,0,863,1596
2,2017-09-26 22:15:00,15.25,269.635,"Tue Sep 26 2017",21.67,20.33,15.82,32.83,19.32,0,863,1597
2,2017-09-26 22:30:00,15.5,269.646,"Tue Sep 26 2017",21.04,20.19,15.84,32.72,18.95,0,863,1598
2,2017-09-26 22:45:00,15.75,269.656,"Tue Sep 26 2017",20.7,20.12,15.86,34.2,19.93,0,864,1599
2,2017-09-26 23:00:00,16,269.667,"Tue Sep 26 2017",20.02,20.08,15.89,35.11,19.56,0,864,1600
2,2017-09-26 23:15:00,16.25,269.677,"Tue Sep 26 2017",19.5,19.91,15.92,36.69,20.53,0,864,1601
2,2017-09-26 23:30:00,16.5,269.688,"Tue Sep 26 2017",19,19.81,15.94,38.13,20.38,0,864,1602
2,2017-09-26 23:45:00,16.75,269.698,"Tue Sep 26 2017",18.41,19.64,15.97,39.8,21.06,0,864,1603
2,2017-09-27,17,269.708,"Tue Sep 26 2017",18.04,19.42,16,40.06,21.17,0,864,1604
2,2017-09-27 00:15:00,17.25,269.719,"Tue Sep 26 2017",17.76,19.2,16.03,40.33,21.33,0,864,1605
2,2017-09-27 00:30:00,17.5,269.729,"Tue Sep 26 2017",17.52,18.94,16.06,40.42,21.54,0,864,1606
2,2017-09-27 00:45:00,17.75,269.74,"Tue Sep 26 2017",17.14,18.74,16.1,41.03,21.84,0,864,1607
2,2017-09-27 01:00:00,18,269.75,"Tue Sep 26 2017",16.65,18.36,16.12,42.93,22.45,0,864,1608
2,2017-09-27 01:15:00,18.25,269.76,"Tue Sep 26 2017",16.38,18.12,16.15,42.33,22.49,0,864,1609
2,2017-09-27 01:30:00,18.5,269.771,"Tue Sep 26 2017",16.14,18.1,16.18,43.25,22.12,0,864,1610
2,2017-09-27 01:45:00,18.75,269.781,"Tue Sep 26 2017",15.35,17.86,16.2,45.4,22.39,0,864,1611
2,2017-09-27 02:00:00,19,269.792,"Tue Sep 26 2017",14.87,17.65,16.23,45.05,22.64,0,864,1612
2,2017-09-27 02:15:00,19.25,269.802,"Tue Sep 26 2017",14.74,17.47,16.25,44.86,22.85,0,864,1613
2,2017-09-27 02:30:00,19.5,269.812,"Tue Sep 26 2017",15.22,17.49,16.27,43.55,22.32,0,864,1614
2,2017-09-27 02:45:00,19.75,269.823,"Tue Sep 26 2017",15.75,17.33,16.3,41.44,22.33,0,864,1615
2,2017-09-27 03:00:00,20,269.833,"Tue Sep 26 2017",15.71,17.27,16.32,41.5,22.15,0,864,1616
2,2017-09-27 03:15:00,20.25,269.844,"Tue Sep 26 2017",15.6,17.19,16.34,41.27,22.04,0,864,1617
2,2017-09-27 03:30:00,20.5,269.854,"Tue Sep 26 2017",15.85,17.17,16.35,39.53,21.83,0,864,1618
2,2017-09-27 03:45:00,20.75,269.865,"Tue Sep 26 2017",15.83,17.05,16.37,39.47,21.94,0,864,1619
2,2017-09-27 04:00:00,21,269.875,"Tue Sep 26 2017",15.47,17.02,16.38,40.24,21.66,0,864,1620
2,2017-09-27 04:15:00,21.25,269.885,"Tue Sep 26 2017",15.42,17.02,16.4,40.08,21.43,0,864,1621
2,2017-09-27 04:30:00,21.5,269.896,"Tue Sep 26 2017",15.29,16.88,16.41,40.04,21.68,0,864,1622
2,2017-09-27 04:45:00,21.75,269.906,"Tue Sep 26 2017",15.39,16.79,16.42,39.98,21.97,0,864,1623
2,2017-09-27 05:00:00,22,269.917,"Tue Sep 26 2017",15.11,16.75,16.43,40.57,22.07,0,864,1624
2,2017-09-27 05:15:00,22.25,269.927,"Tue Sep 26 2017",14.95,16.59,16.43,41.62,22.51,0,864,1625
2,2017-09-27 05:30:00,22.5,269.938,"Tue Sep 26 2017",14.63,16.53,16.45,42.74,22.9,0,864,1626
2,2017-09-27 05:45:00,22.75,269.948,"Tue Sep 26 2017",14.52,16.42,16.45,43.81,23.47,0,864,1627
2,2017-09-27 06:00:00,23,269.958,"Tue Sep 26 2017",14.21,16.22,16.46,45.02,24.1,0,864,1628
2,2017-09-27 06:15:00,23.25,269.969,"Tue Sep 26 2017",13.96,16.06,16.46,46.48,24.66,0,864,1629
2,2017-09-27 06:30:00,23.5,269.979,"Tue Sep 26 2017",13.87,16,16.46,47.11,25.05,0,864,1630
2,2017-09-27 06:45:00,23.75,269.99,"Tue Sep 26 2017",13.72,16,16.46,47.61,25.38,0,864,1631
2,2017-09-27 07:00:00,0,270,"Wed Sep 27 2017",14.07,15.96,16.47,46.54,25.82,0,864,1632
2,2017-09-27 07:15:00,0.25,270.01,"Wed Sep 27 2017",14.07,15.87,16.47,47.32,26.26,0,864,1633
2,2017-09-27 07:30:00,0.5,270.021,"Wed Sep 27 2017",14.01,15.8,16.47,47.67,26.56,0,864,1634
2,2017-09-27 07:45:00,0.75,270.031,"Wed Sep 27 2017",13.82,15.72,16.46,48.38,26.78,0,864,1635
2,2017-09-27 08:00:00,1,270.042,"Wed Sep 27 2017",13.47,15.65,16.46,49.87,27.03,0,864,1636
2,2017-09-27 08:15:00,1.25,270.052,"Wed Sep 27 2017",13.09,15.45,16.46,52.14,27.52,0,864,1637
2,2017-09-27 08:30:00,1.5,270.062,"Wed Sep 27 2017",12.9,15.3,16.46,52.27,27.84,0,865,1638
2,2017-09-27 08:45:00,1.75,270.073,"Wed Sep 27 2017",13.02,15.33,16.45,50.93,27.84,0,865,1639
2,2017-09-27 09:00:00,2,270.083,"Wed Sep 27 2017",13.32,15.43,16.45,50.3,27.7,0,865,1640
2,2017-09-27 09:15:00,2.25,270.094,"Wed Sep 27 2017",13.05,15.41,16.45,51.72,27.75,0,865,1641
2,2017-09-27 09:30:00,2.5,270.104,"Wed Sep 27 2017",12.88,15.35,16.44,52.51,27.54,0,865,1642
2,2017-09-27 09:45:00,2.75,270.115,"Wed Sep 27 2017",12.63,15.25,16.44,53.03,27.61,0,865,1643
2,2017-09-27 10:00:00,3,270.125,"Wed Sep 27 2017",12.71,15.22,16.43,52.31,27.56,0,865,1644
2,2017-09-27 10:15:00,3.25,270.135,"Wed Sep 27 2017",12.61,15.37,16.42,52.69,27.44,0,865,1645
2,2017-09-27 10:30:00,3.5,270.146,"Wed Sep 27 2017",12.72,15.34,16.42,52.41,27.58,0,865,1646
2,2017-09-27 10:45:00,3.75,270.156,"Wed Sep 27 2017",12.98,15.3,16.41,51.09,27.62,0,865,1647
2,2017-09-27 11:00:00,4,270.167,"Wed Sep 27 2017",13.18,15.22,16.4,50.58,27.77,0,865,1648
2,2017-09-27 11:15:00,4.25,270.177,"Wed Sep 27 2017",12.93,15.09,16.39,51.8,28.02,0,865,1649
2,2017-09-27 11:30:00,4.5,270.188,"Wed Sep 27 2017",12.8,15.09,16.38,52.18,28.01,0,865,1650
2,2017-09-27 11:45:00,4.75,270.198,"Wed Sep 27 2017",12.77,15,16.36,52.15,28.55,0,865,1651
2,2017-09-27 12:00:00,5,270.208,"Wed Sep 27 2017",12.79,15,16.36,52.46,28.81,0,865,1652
2,2017-09-27 12:15:00,5.25,270.219,"Wed Sep 27 2017",12.8,14.9,16.35,53.09,29.16,0,865,1653
2,2017-09-27 12:30:00,5.5,270.229,"Wed Sep 27 2017",12.63,14.83,16.34,53.8,29.46,0,865,1654
2,2017-09-27 12:45:00,5.75,270.24,"Wed Sep 27 2017",12.59,14.92,16.33,54.07,28.98,0,865,1655
2,2017-09-27 13:00:00,6,270.25,"Wed Sep 27 2017",12.24,14.93,16.31,56.1,28.73,0,866,1656
2,2017-09-27 13:15:00,6.25,270.26,"Wed Sep 27 2017",12.13,14.96,16.3,56.1,28.76,0,866,1657
2,2017-09-27 13:30:00,6.5,270.271,"Wed Sep 27 2017",12.15,15.11,16.29,57.13,28.94,0,866,1658
2,2017-09-27 13:45:00,6.75,270.281,"Wed Sep 27 2017",12.36,15.3,16.27,57.56,28.97,0,866,1659
2,2017-09-27 14:00:00,7,270.292,"Wed Sep 27 2017",12.58,15.54,16.26,58.68,28.82,0,866,1660
2,2017-09-27 14:15:00,7.25,270.302,"Wed Sep 27 2017",12.75,15.77,16.25,59.26,28.64,0,866,1661
2,2017-09-27 14:30:00,7.5,270.312,"Wed Sep 27 2017",13.82,16.07,16.24,56.09,28.26,0,866,1662
2,2017-09-27 14:45:00,7.75,270.323,"Wed Sep 27 2017",15.82,16.41,16.22,50.96,27.92,0,866,1663
2,2017-09-27 15:00:00,8,270.333,"Wed Sep 27 2017",16.32,16.8,16.2,50.28,27.6,0,866,1664
2,2017-09-27 15:15:00,8.25,270.344,"Wed Sep 27 2017",16.01,17.32,16.19,53.68,27.04,0,866,1665
2,2017-09-27 15:30:00,8.5,270.354,"Wed Sep 27 2017",16.92,17.68,16.17,50.98,26.1,0,866,1666
2,2017-09-27 15:45:00,8.75,270.365,"Wed Sep 27 2017",17.74,18.44,16.15,49.08,25.83,0,866,1667
2,2017-09-27 16:00:00,9,270.375,"Wed Sep 27 2017",18.55,18.64,16.14,42.97,24.36,0,866,1668
2,2017-09-27 16:15:00,9.25,270.385,"Wed Sep 27 2017",18.47,19.43,16.13,43.93,23.88,0,866,1669
2,2017-09-27 16:30:00,9.5,270.396,"Wed Sep 27 2017",19.21,19.91,16.12,39.79,22.52,0,866,1670
2,2017-09-27 16:45:00,9.75,270.406,"Wed Sep 27 2017",20.02,20.61,16.11,40.05,22.11,0,867,1671
2,2017-09-27 17:00:00,10,270.417,"Wed Sep 27 2017",20.71,20.71,16.09,38.81,22.71,0,867,1672
2,2017-09-27 17:15:00,10.25,270.427,"Wed Sep 27 2017",22.13,20.51,16.08,35.3,21.79,0,867,1673
2,2017-09-27 17:30:00,10.5,270.438,"Wed Sep 27 2017",23.06,20.95,16.07,33.55,21.24,0,866,1674
2,2017-09-27 17:45:00,10.75,270.448,"Wed Sep 27 2017",23.39,20.75,16.05,35.08,21.34,0,866,1675
2,2017-09-27 18:00:00,11,270.458,"Wed Sep 27 2017",23.8,21.03,16.04,32.51,20.39,0,866,1676
2,2017-09-27 18:15:00,11.25,270.469,"Wed Sep 27 2017",24.42,21.39,16.03,32.3,20.63,0,866,1677
2,2017-09-27 18:30:00,11.5,270.479,"Wed Sep 27 2017",24.41,21.32,16.02,32.14,20.49,0,866,1678
2,2017-09-27 18:45:00,11.75,270.49,"Wed Sep 27 2017",24.07,21.37,16.01,32.08,20.4,0,866,1679
2,2017-09-27 19:00:00,12,270.5,"Wed Sep 27 2017",24.03,21.65,16,32.76,20.84,0,866,1680
2,2017-09-27 19:15:00,12.25,270.51,"Wed Sep 27 2017",24.04,21.54,16,33.13,21.45,0,866,1681
2,2017-09-27 19:30:00,12.5,270.521,"Wed Sep 27 2017",24.44,21.91,15.99,33.59,21.25,0,866,1682
2,2017-09-27 19:45:00,12.75,270.531,"Wed Sep 27 2017",24.66,21.76,15.99,32.26,20.7,0,866,1683
2,2017-09-27 20:00:00,13,270.542,"Wed Sep 27 2017",24.66,22.13,15.98,31.66,19.97,0,866,1684
2,2017-09-27 20:15:00,13.25,270.552,"Wed Sep 27 2017",24.54,22.45,15.98,32.49,20.52,0,866,1685
2,2017-09-27 20:30:00,13.5,270.562,"Wed Sep 27 2017",24.49,22.18,15.99,31.99,20.15,0,866,1686
2,2017-09-27 20:45:00,13.75,270.573,"Wed Sep 27 2017",24.44,22.02,15.99,32.57,20.83,0,866,1687
2,2017-09-27 21:00:00,14,270.583,"Wed Sep 27 2017",24.55,22.39,16,33.29,20.82,0,866,1688
2,2017-09-27 21:15:00,14.25,270.594,"Wed Sep 27 2017",24.61,22.25,16.02,33.15,21.41,0,866,1689
2,2017-09-27 21:30:00,14.5,270.604,"Wed Sep 27 2017",24.82,22.27,16.03,33.23,21.79,0,865,1690
2,2017-09-27 21:45:00,14.75,270.615,"Wed Sep 27 2017",24.4,22.22,16.05,33.63,21.62,0,865,1691
2,2017-09-27 22:00:00,15,270.625,"Wed Sep 27 2017",24.01,22.17,16.07,33.82,21.65,0,865,1692
2,2017-09-27 22:15:00,15.25,270.635,"Wed Sep 27 2017",23.63,22.31,16.09,34.32,21.53,0,865,1693
2,2017-09-27 22:30:00,15.5,270.646,"Wed Sep 27 2017",22.75,22.23,16.11,36.68,21.59,0,865,1694
2,2017-09-27 22:45:00,15.75,270.656,"Wed Sep 27 2017",22.43,22.13,16.15,38.06,22.11,0,865,1695
2,2017-09-27 23:00:00,16,270.667,"Wed Sep 27 2017",21.61,21.69,16.17,39.38,22.38,0,865,1696
2,2017-09-27 23:15:00,16.25,270.677,"Wed Sep 27 2017",21.06,21.86,16.19,40.79,22.58,0,866,1697
2,2017-09-27 23:30:00,16.5,270.688,"Wed Sep 27 2017",20.61,21.63,16.22,41.14,22.85,0,866,1698
2,2017-09-27 23:45:00,16.75,270.698,"Wed Sep 27 2017",20.21,21.34,16.25,42.25,23.8,0,866,1699
2,2017-09-28,17,270.708,"Wed Sep 27 2017",19.88,21.16,16.27,43.75,24.34,0,866,1700
2,2017-09-28 00:15:00,17.25,270.719,"Wed Sep 27 2017",19.53,20.78,16.3,43.92,24.69,0,866,1701
2,2017-09-28 00:30:00,17.5,270.729,"Wed Sep 27 2017",19.04,20.4,16.33,45.49,25.53,0,866,1702
2,2017-09-28 00:45:00,17.75,270.74,"Wed Sep 27 2017",18.29,19.96,16.36,47.76,26.62,0,866,1703
2,2017-09-28 01:00:00,18,270.75,"Wed Sep 27 2017",17.69,19.38,16.39,49.08,27.45,0,866,1704
2,2017-09-28 01:15:00,18.25,270.76,"Wed Sep 27 2017",17.17,19.41,16.42,49.63,26.91,0,866,1705
2,2017-09-28 01:30:00,18.5,270.771,"Wed Sep 27 2017",16.93,19.21,16.45,49.73,27.77,0,866,1706
2,2017-09-28 01:45:00,18.75,270.781,"Wed Sep 27 2017",16.79,18.95,16.48,50.1,28.65,0,866,1707
2,2017-09-28 02:00:00,19,270.792,"Wed Sep 27 2017",16.66,18.88,16.5,50.95,28.91,0,867,1708
2,2017-09-28 02:15:00,19.25,270.802,"Wed Sep 27 2017",16.57,18.91,16.52,50.85,28.89,0,867,1709
2,2017-09-28 02:30:00,19.5,270.812,"Wed Sep 27 2017",16.88,19.04,16.54,49.88,28.65,0,867,1710
2,2017-09-28 02:45:00,19.75,270.823,"Wed Sep 27 2017",17.21,19.03,16.57,49.05,28.7,0,867,1711
2,2017-09-28 03:00:00,20,270.833,"Wed Sep 27 2017",17.19,19,16.59,49.12,28.69,0,867,1712
2,2017-09-28 03:15:00,20.25,270.844,"Wed Sep 27 2017",16.95,18.68,16.6,50.04,29.32,0,867,1713
2,2017-09-28 03:30:00,20.5,270.854,"Wed Sep 27 2017",16.46,18.71,16.62,51.45,29.35,0,867,1714
2,2017-09-28 03:45:00,20.75,270.865,"Wed Sep 27 2017",16.51,18.76,16.64,51.19,29.06,0,867,1715
2,2017-09-28 04:00:00,21,270.875,"Wed Sep 27 2017",16.45,18.6,16.65,51.42,29.15,0,867,1716
2,2017-09-28 04:15:00,21.25,270.885,"Wed Sep 27 2017",16.2,18.23,16.66,51.47,29.58,0,867,1717
2,2017-09-28 04:30:00,21.5,270.896,"Wed Sep 27 2017",16.13,17.92,16.68,51.22,30.21,0,867,1718
2,2017-09-28 04:45:00,21.75,270.906,"Wed Sep 27 2017",15.9,17.82,16.69,52.15,30.48,0,867,1719
2,2017-09-28 05:00:00,22,270.917,"Wed Sep 27 2017",15.34,17.03,16.7,54.36,32.42,0,867,1720
2,2017-09-28 05:15:00,22.25,270.927,"Wed Sep 27 2017",15.04,16.59,16.7,55.58,33.38,0,867,1721
2,2017-09-28 05:30:00,22.5,270.938,"Wed Sep 27 2017",14.75,16.28,16.72,56.89,34.22,0,867,1722
2,2017-09-28 05:45:00,22.75,270.948,"Wed Sep 27 2017",14.45,16.03,16.72,58.16,34.8,0,867,1723
2,2017-09-28 06:00:00,23,270.958,"Wed Sep 27 2017",14.27,16.2,16.73,58.31,34.07,0,867,1724
2,2017-09-28 06:15:00,23.25,270.969,"Wed Sep 27 2017",14.16,15.98,16.73,58.6,34.67,0,867,1725
2,2017-09-28 06:30:00,23.5,270.979,"Wed Sep 27 2017",13.93,15.87,16.73,59.3,34.48,0,867,1726
2,2017-09-28 06:45:00,23.75,270.99,"Wed Sep 27 2017",13.76,16,16.73,59.35,32.99,0,867,1727
2,2017-09-28 07:00:00,0,271,"Thu Sep 28 2017",13.97,15.94,16.74,56.73,32.45,0,867,1728
2,2017-09-28 07:15:00,0.25,271.01,"Thu Sep 28 2017",14.28,16.11,16.74,54.73,32.05,0,867,1729
2,2017-09-28 07:30:00,0.5,271.021,"Thu Sep 28 2017",14.53,16.16,16.73,53.57,31.75,0,867,1730
2,2017-09-28 07:45:00,0.75,271.031,"Thu Sep 28 2017",14.46,16.01,16.73,53.39,31.59,0,867,1731
2,2017-09-28 08:00:00,1,271.042,"Thu Sep 28 2017",14.28,16.07,16.73,52.99,30.65,0,867,1732
2,2017-09-28 08:15:00,1.25,271.052,"Thu Sep 28 2017",14.41,16.31,16.73,51.24,29.3,0,867,1733
2,2017-09-28 08:30:00,1.5,271.062,"Thu Sep 28 2017",14.76,16.36,16.73,48.46,28.42,0,867,1734
2,2017-09-28 08:45:00,1.75,271.073,"Thu Sep 28 2017",14.99,16.86,16.72,46.58,27.05,0,867,1735
2,2017-09-28 09:00:00,2,271.083,"Thu Sep 28 2017",15.03,16.96,16.71,46.56,26.57,0,867,1736
2,2017-09-28 09:15:00,2.25,271.094,"Thu Sep 28 2017",14.85,17.13,16.71,45.93,25.7,0,867,1737
2,2017-09-28 09:30:00,2.5,271.104,"Thu Sep 28 2017",14.73,16.74,16.7,45.71,25.91,0,867,1738
2,2017-09-28 09:45:00,2.75,271.115,"Thu Sep 28 2017",14.92,16.56,16.7,45.21,26.47,0,867,1739
2,2017-09-28 10:00:00,3,271.125,"Thu Sep 28 2017",14.46,16.53,16.69,47.17,26.44,0,867,1740
2,2017-09-28 10:15:00,3.25,271.135,"Thu Sep 28 2017",14.37,16.41,16.68,47.07,26.76,0,867,1741
2,2017-09-28 10:30:00,3.5,271.146,"Thu Sep 28 2017",14.51,16.19,16.67,46.4,26.91,0,867,1742
2,2017-09-28 10:45:00,3.75,271.156,"Thu Sep 28 2017",14.36,16.2,16.66,46.13,26.68,0,867,1743
2,2017-09-28 11:00:00,4,271.167,"Thu Sep 28 2017",14.82,16.28,16.65,44.61,26.63,0,867,1744
2,2017-09-28 11:15:00,4.25,271.177,"Thu Sep 28 2017",14.74,16.38,16.65,45.04,26.36,0,867,1745
2,2017-09-28 11:30:00,4.5,271.188,"Thu Sep 28 2017",14.38,16.28,16.63,46.14,26.65,0,867,1746
2,2017-09-28 11:45:00,4.75,271.198,"Thu Sep 28 2017",14.25,16.26,16.62,46.47,26.7,0,867,1747
2,2017-09-28 12:00:00,5,271.208,"Thu Sep 28 2017",14.26,16.32,16.61,46.43,26.55,0,867,1748
2,2017-09-28 12:15:00,5.25,271.219,"Thu Sep 28 2017",14.12,16.14,16.6,47.39,27.54,0,867,1749
2,2017-09-28 12:30:00,5.5,271.229,"Thu Sep 28 2017",14.06,15.95,16.59,48.01,27.69,0,867,1750
2,2017-09-28 12:45:00,5.75,271.24,"Thu Sep 28 2017",14.14,15.78,16.58,47.37,27.5,0,867,1751
2,2017-09-28 13:00:00,6,271.25,"Thu Sep 28 2017",14.19,15.6,16.57,46.36,27.76,0,868,1752
2,2017-09-28 13:15:00,6.25,271.26,"Thu Sep 28 2017",14.15,15.65,16.56,46.82,28.17,0,868,1753
2,2017-09-28 13:30:00,6.5,271.271,"Thu Sep 28 2017",14,15.98,16.54,48.23,28.04,0,868,1754
2,2017-09-28 13:45:00,6.75,271.281,"Thu Sep 28 2017",14.15,16.21,16.53,49.3,28.24,0,868,1755
2,2017-09-28 14:00:00,7,271.292,"Thu Sep 28 2017",14.54,16.24,16.52,49.97,28.83,0,868,1756
2,2017-09-28 14:15:00,7.25,271.302,"Thu Sep 28 2017",14.5,16.37,16.51,52.25,29.15,0,868,1757
2,2017-09-28 14:30:00,7.5,271.312,"Thu Sep 28 2017",15.16,16.62,16.49,51.87,29.2,0,868,1758
2,2017-09-28 14:45:00,7.75,271.323,"Thu Sep 28 2017",16.37,16.9,16.48,50.51,29.24,0,868,1759
2,2017-09-28 15:00:00,8,271.333,"Thu Sep 28 2017",16.84,17.33,16.46,50.85,29,0,868,1760
2,2017-09-28 15:15:00,8.25,271.344,"Thu Sep 28 2017",16.66,17.82,16.45,54.25,28.82,0,868,1761
2,2017-09-28 15:30:00,8.5,271.354,"Thu Sep 28 2017",17.53,18.64,16.44,51.73,28.93,0,868,1762
2,2017-09-28 15:45:00,8.75,271.365,"Thu Sep 28 2017",18.32,19.73,16.43,50.83,28.63,0,868,1763
2,2017-09-28 16:00:00,9,271.375,"Thu Sep 28 2017",18.63,20.64,16.41,49.6,28,0,868,1764
2,2017-09-28 16:15:00,9.25,271.385,"Thu Sep 28 2017",19.15,20.91,16.4,41.02,22.6,0,868,1765
2,2017-09-28 16:30:00,9.5,271.396,"Thu Sep 28 2017",19.66,20.78,16.39,41.79,22.52,0,868,1766
2,2017-09-28 16:45:00,9.75,271.406,"Thu Sep 28 2017",20.12,20.86,16.38,40.09,22,0,868,1767
2,2017-09-28 17:00:00,10,271.417,"Thu Sep 28 2017",21.1,20.72,16.37,39.73,22.43,0,868,1768
2,2017-09-28 17:15:00,10.25,271.427,"Thu Sep 28 2017",22.57,20.68,16.35,36.13,22.35,0,868,1769
2,2017-09-28 17:30:00,10.5,271.438,"Thu Sep 28 2017",23.09,20.75,16.34,34.63,22.72,0,868,1770
2,2017-09-28 17:45:00,10.75,271.448,"Thu Sep 28 2017",23.37,20.96,16.32,34.48,21.71,0,868,1771
2,2017-09-28 18:00:00,11,271.458,"Thu Sep 28 2017",23.46,20.99,16.31,33.74,21.55,0,868,1772
2,2017-09-28 18:15:00,11.25,271.469,"Thu Sep 28 2017",23.64,21.06,16.3,33,21.02,0,868,1773
2,2017-09-28 18:30:00,11.5,271.479,"Thu Sep 28 2017",23.98,21.34,16.29,32.32,21.58,0,868,1774
2,2017-09-28 18:45:00,11.75,271.49,"Thu Sep 28 2017",23.73,21.43,16.29,33.58,22.33,0,868,1775
2,2017-09-28 19:00:00,12,271.5,"Thu Sep 28 2017",23.35,21.31,16.27,34.12,22.57,0,868,1776
2,2017-09-28 19:15:00,12.25,271.51,"Thu Sep 28 2017",23.86,21.5,16.28,33.69,22.4,0,867,1777
2,2017-09-28 19:30:00,12.5,271.521,"Thu Sep 28 2017",23.92,21.68,16.27,34.14,22.72,0,867,1778
2,2017-09-28 19:45:00,12.75,271.531,"Thu Sep 28 2017",23.99,21.55,16.27,33.67,22.51,0,867,1779
2,2017-09-28 20:00:00,13,271.542,"Thu Sep 28 2017",23.86,22.11,16.26,34.57,22.8,0,867,1780
2,2017-09-28 20:15:00,13.25,271.552,"Thu Sep 28 2017",23.96,21.85,16.26,35.06,23.25,0,867,1781
2,2017-09-28 20:30:00,13.5,271.562,"Thu Sep 28 2017",23.94,21.65,16.26,34.3,22.81,0,867,1782
2,2017-09-28 20:45:00,13.75,271.573,"Thu Sep 28 2017",24.1,21.98,16.27,33.2,22.05,0,867,1783
2,2017-09-28 21:00:00,14,271.583,"Thu Sep 28 2017",23.95,21.75,16.27,33.76,21.93,0,867,1784
2,2017-09-28 21:15:00,14.25,271.594,"Thu Sep 28 2017",24.22,22.06,16.3,33.79,22.15,0,867,1785
2,2017-09-28 21:30:00,14.5,271.604,"Thu Sep 28 2017",23.94,21.81,16.3,34.4,23.17,0,867,1786
2,2017-09-28 21:45:00,14.75,271.615,"Thu Sep 28 2017",23.56,21.5,16.33,35.46,23.71,0,867,1787
2,2017-09-28 22:00:00,15,271.625,"Thu Sep 28 2017",23.31,21.48,16.34,36.51,24.06,0,867,1788
2,2017-09-28 22:15:00,15.25,271.635,"Thu Sep 28 2017",22.99,21.44,16.36,37.04,24.06,0,867,1789
2,2017-09-28 22:30:00,15.5,271.646,"Thu Sep 28 2017",22.17,21.4,16.38,38.66,24.25,0,867,1790
2,2017-09-28 22:45:00,15.75,271.656,"Thu Sep 28 2017",21.82,21.39,16.4,38.76,24.04,0,867,1791
2,2017-09-28 23:00:00,16,271.667,"Thu Sep 28 2017",21.41,21.37,16.42,39.34,23.47,0,867,1792
2,2017-09-28 23:15:00,16.25,271.677,"Thu Sep 28 2017",20.78,21.12,16.46,40.42,23.63,0,867,1793
2,2017-09-28 23:30:00,16.5,271.688,"Thu Sep 28 2017",20.41,21,16.48,40.44,24.03,0,867,1794
2,2017-09-28 23:45:00,16.75,271.698,"Thu Sep 28 2017",19.97,20.65,16.51,41.69,24.14,0,867,1795
2,2017-09-29,17,271.708,"Thu Sep 28 2017",19.53,20.43,16.52,42.34,24.69,0,867,1796
2,2017-09-29 00:15:00,17.25,271.719,"Thu Sep 28 2017",19.25,20.13,16.55,42.56,24.92,0,867,1797
2,2017-09-29 00:30:00,17.5,271.729,"Thu Sep 28 2017",18.72,19.82,16.57,43.28,24.86,0,867,1798
2,2017-09-29 00:45:00,17.75,271.74,"Thu Sep 28 2017",18.12,19.49,16.6,44.86,24.95,0,867,1799
2,2017-09-29 01:00:00,18,271.75,"Thu Sep 28 2017",17.32,18.94,16.62,46.48,25.41,0,867,1800
2,2017-09-29 01:15:00,18.25,271.76,"Thu Sep 28 2017",16.88,18.74,16.64,45.34,25.47,0,867,1801
2,2017-09-29 01:30:00,18.5,271.771,"Thu Sep 28 2017",16.6,18.8,16.67,45.21,24.92,0,867,1802
2,2017-09-29 01:45:00,18.75,271.781,"Thu Sep 28 2017",16.47,18.8,16.69,44.74,24.29,0,867,1803
2,2017-09-29 02:00:00,19,271.792,"Thu Sep 28 2017",16.45,18.82,16.72,44.09,24,0,867,1804
2,2017-09-29 02:15:00,19.25,271.802,"Thu Sep 28 2017",16.35,18.75,16.74,43.52,23.96,0,867,1805
2,2017-09-29 02:30:00,19.5,271.812,"Thu Sep 28 2017",16.45,18.68,16.76,43.11,24.24,0,867,1806
2,2017-09-29 02:45:00,19.75,271.823,"Thu Sep 28 2017",16.51,18.61,16.77,43.14,24.27,0,867,1807
2,2017-09-29 03:00:00,20,271.833,"Thu Sep 28 2017",16.55,18.53,16.79,42.68,24.42,0,867,1808
2,2017-09-29 03:15:00,20.25,271.844,"Thu Sep 28 2017",16.55,18.39,16.81,42.73,24.73,0,867,1809
2,2017-09-29 03:30:00,20.5,271.854,"Thu Sep 28 2017",16.66,18.33,16.83,42.36,24.84,0,867,1810
2,2017-09-29 03:45:00,20.75,271.865,"Thu Sep 28 2017",16.72,18.19,16.84,42.38,25.27,0,867,1811
2,2017-09-29 04:00:00,21,271.875,"Thu Sep 28 2017",16.5,18.1,16.86,43.2,25.44,0,867,1812
2,2017-09-29 04:15:00,21.25,271.885,"Thu Sep 28 2017",16.18,17.94,16.87,44.2,25.61,0,867,1813
2,2017-09-29 04:30:00,21.5,271.896,"Thu Sep 28 2017",15.9,17.79,16.88,44.49,25.13,0,867,1814
2,2017-09-29 04:45:00,21.75,271.906,"Thu Sep 28 2017",15.58,17.17,16.88,45.07,26.71,0,867,1815
2,2017-09-29 05:00:00,22,271.917,"Thu Sep 28 2017",14.87,16.42,16.89,48.65,28.89,0,867,1816
2,2017-09-29 05:15:00,22.25,271.927,"Thu Sep 28 2017",14.21,16.34,16.9,50.87,28.88,0,867,1817
2,2017-09-29 05:30:00,22.5,271.938,"Thu Sep 28 2017",13.94,16.31,16.91,51.63,28.82,0,867,1818
2,2017-09-29 05:45:00,22.75,271.948,"Thu Sep 28 2017",14.49,17.09,16.91,48.1,26.45,0,867,1819
2,2017-09-29 06:00:00,23,271.958,"Thu Sep 28 2017",15.23,17.44,16.91,45.63,24.92,0,867,1820
2,2017-09-29 06:15:00,23.25,271.969,"Thu Sep 28 2017",15.31,17.68,16.92,45.26,23.79,0,867,1821
2,2017-09-29 06:30:00,23.5,271.979,"Thu Sep 28 2017",15.43,17.64,16.92,44.29,23.53,0,867,1822
2,2017-09-29 06:45:00,23.75,271.99,"Thu Sep 28 2017",15.55,17.73,16.92,43.4,22.15,0,867,1823
2,2017-09-29 07:00:00,0,272,"Fri Sep 29 2017",15.69,17.87,16.92,40.22,20.38,0,867,1824
2,2017-09-29 07:15:00,0.25,272.01,"Fri Sep 29 2017",15.97,17.86,16.95,38.32,20.83,0,867,1825
2,2017-09-29 07:30:00,0.5,272.021,"Fri Sep 29 2017",16.09,17.7,16.94,39.61,21.96,0,867,1826
2,2017-09-29 07:45:00,0.75,272.031,"Fri Sep 29 2017",15.9,17.62,16.94,39.32,20.99,0,867,1827
2,2017-09-29 08:00:00,1,272.042,"Fri Sep 29 2017",15.8,17.58,16.93,38.06,20.65,0,867,1828
2,2017-09-29 08:15:00,1.25,272.052,"Fri Sep 29 2017",15.01,17.03,16.92,41.69,23.06,0,867,1829
2,2017-09-29 08:30:00,1.5,272.062,"Fri Sep 29 2017",14.63,16.2,16.92,44.81,25.85,0,867,1830
2,2017-09-29 08:45:00,1.75,272.073,"Fri Sep 29 2017",13.89,15.99,16.91,47.64,26.31,0,867,1831
2,2017-09-29 09:00:00,2,272.083,"Fri Sep 29 2017",13.88,16.42,16.9,46.62,24.78,0,867,1832
2,2017-09-29 09:15:00,2.25,272.094,"Fri Sep 29 2017",14.07,16.48,16.9,45.64,24.57,0,867,1833
2,2017-09-29 09:30:00,2.5,272.104,"Fri Sep 29 2017",14.4,16.7,16.89,42.18,22.69,0,867,1834
2,2017-09-29 09:45:00,2.75,272.115,"Fri Sep 29 2017",15.12,17.33,16.89,39.91,21.53,0,867,1835
2,2017-09-29 10:00:00,3,272.125,"Fri Sep 29 2017",15.33,17.49,16.88,39.19,20.46,0,867,1836
2,2017-09-29 10:15:00,3.25,272.135,"Fri Sep 29 2017",15.55,17.5,16.87,37.38,20,0,867,1837
2,2017-09-29 10:30:00,3.5,272.146,"Fri Sep 29 2017",15.77,17.44,16.85,36.29,19.96,0,867,1838
2,2017-09-29 10:45:00,3.75,272.156,"Fri Sep 29 2017",15.69,17.29,16.84,36.57,20.36,0,867,1839
2,2017-09-29 11:00:00,4,272.167,"Fri Sep 29 2017",15.5,17.1,16.83,37.53,21.39,0,867,1840
2,2017-09-29 11:15:00,4.25,272.177,"Fri Sep 29 2017",15.21,17.03,16.82,39.27,21.45,0,867,1841
2,2017-09-29 11:30:00,4.5,272.188,"Fri Sep 29 2017",15.27,17.36,16.81,38.16,20.1,0,867,1842
2,2017-09-29 11:45:00,4.75,272.198,"Fri Sep 29 2017",15.45,17.39,16.79,37.04,19.59,0,867,1843
2,2017-09-29 12:00:00,5,272.208,"Fri Sep 29 2017",15.33,17.35,16.78,36.87,19.74,0,867,1844
2,2017-09-29 12:15:00,5.25,272.219,"Fri Sep 29 2017",15.48,17.37,16.77,36.35,19.93,0,867,1845
2,2017-09-29 12:30:00,5.5,272.229,"Fri Sep 29 2017",15.62,17.3,16.76,36.46,20.39,0,867,1846
2,2017-09-29 12:45:00,5.75,272.24,"Fri Sep 29 2017",15.61,17.28,16.74,36.86,20.54,0,867,1847
2,2017-09-29 13:00:00,6,272.25,"Fri Sep 29 2017",15.49,17.17,16.73,37.99,21.08,0,867,1848
2,2017-09-29 13:15:00,6.25,272.26,"Fri Sep 29 2017",15.37,17.4,16.71,38.71,19.92,0,867,1849
2,2017-09-29 13:30:00,6.5,272.271,"Fri Sep 29 2017",15.5,17.7,16.7,37.9,19.23,0,867,1850
2,2017-09-29 13:45:00,6.75,272.281,"Fri Sep 29 2017",15.79,17.46,16.68,37.77,19.85,0,867,1851
2,2017-09-29 14:00:00,7,272.292,"Fri Sep 29 2017",15.68,17.24,16.67,38.15,20.31,0,867,1852
2,2017-09-29 14:15:00,7.25,272.302,"Fri Sep 29 2017",15.54,17.21,16.65,38.69,20.42,0,867,1853
2,2017-09-29 14:30:00,7.5,272.312,"Fri Sep 29 2017",16.13,17.74,16.64,38.46,19.73,0,867,1854
2,2017-09-29 14:45:00,7.75,272.323,"Fri Sep 29 2017",17.09,17.92,16.63,37.45,20.01,0,867,1855
2,2017-09-29 15:00:00,8,272.333,"Fri Sep 29 2017",16.59,17.75,16.61,38.92,20.58,0,867,1856
2,2017-09-29 15:15:00,8.25,272.344,"Fri Sep 29 2017",16.07,17.69,16.6,40.17,21.16,0,867,1857
2,2017-09-29 15:30:00,8.5,272.354,"Fri Sep 29 2017",16.64,18.57,16.58,39.36,20.99,0,867,1858
2,2017-09-29 15:45:00,8.75,272.365,"Fri Sep 29 2017",17.52,19.16,16.56,39.74,21.21,0,867,1859
2,2017-09-29 16:00:00,9,272.375,"Fri Sep 29 2017",18.19,19,16.55,37.72,20.79,0,867,1860
2,2017-09-29 16:15:00,9.25,272.385,"Fri Sep 29 2017",18.47,19.51,16.54,35.82,19.05,0,867,1861
2,2017-09-29 16:30:00,9.5,272.396,"Fri Sep 29 2017",19.25,19.87,16.52,36.53,18.76,0,867,1862
2,2017-09-29 16:45:00,9.75,272.406,"Fri Sep 29 2017",19.68,19.43,16.51,35.27,20.01,0,867,1863
2,2017-09-29 17:00:00,10,272.417,"Fri Sep 29 2017",19.95,19.14,16.49,35.73,20.72,0,867,1864
2,2017-09-29 17:15:00,10.25,272.427,"Fri Sep 29 2017",20.19,19.2,16.48,34.53,20.45,0,867,1865
2,2017-09-29 17:30:00,10.5,272.438,"Fri Sep 29 2017",20.63,19.42,16.47,34.37,20.82,0,867,1866
2,2017-09-29 17:45:00,10.75,272.448,"Fri Sep 29 2017",21.38,19.86,16.45,32.28,20.28,0,867,1867
2,2017-09-29 18:00:00,11,272.458,"Fri Sep 29 2017",22.01,20.34,16.44,32.65,20.51,0,867,1868
2,2017-09-29 18:15:00,11.25,272.469,"Fri Sep 29 2017",22.33,20.16,16.43,31.48,20.38,0,867,1869
2,2017-09-29 18:30:00,11.5,272.479,"Fri Sep 29 2017",22.33,20.22,16.42,33.19,20.86,0,867,1870
2,2017-09-29 18:45:00,11.75,272.49,"Fri Sep 29 2017",22.13,19.98,16.41,32.99,20.97,0,867,1871
2,2017-09-29 19:00:00,12,272.5,"Fri Sep 29 2017",21.55,19.75,16.4,34.44,21.95,0,867,1872
2,2017-09-29 19:15:00,12.25,272.51,"Fri Sep 29 2017",21.76,19.86,16.39,34.93,22.64,0,867,1873
2,2017-09-29 19:30:00,12.5,272.521,"Fri Sep 29 2017",22.17,19.88,16.39,34.16,22.12,0,867,1874
2,2017-09-29 19:45:00,12.75,272.531,"Fri Sep 29 2017",21.87,19.79,16.38,33.3,21.33,0,867,1875
2,2017-09-29 20:00:00,13,272.542,"Fri Sep 29 2017",21.41,19.66,16.38,33.78,21.39,0,867,1876
2,2017-09-29 20:15:00,13.25,272.552,"Fri Sep 29 2017",21.67,20.02,16.38,32.78,20.15,0,867,1877
2,2017-09-29 20:30:00,13.5,272.562,"Fri Sep 29 2017",21.88,19.9,16.38,30.93,18.67,0,867,1878
2,2017-09-29 20:45:00,13.75,272.573,"Fri Sep 29 2017",21.68,20.09,16.37,30.64,18.42,0,866,1879
2,2017-09-29 21:00:00,14,272.583,"Fri Sep 29 2017",21.41,19.9,16.39,31.16,18.47,0,866,1880
2,2017-09-29 21:15:00,14.25,272.594,"Fri Sep 29 2017",20.94,19.58,16.4,31.99,18.97,0,866,1881
2,2017-09-29 21:30:00,14.5,272.604,"Fri Sep 29 2017",20.81,19.3,16.4,32.06,19.56,0,866,1882
2,2017-09-29 21:45:00,14.75,272.615,"Fri Sep 29 2017",20.39,19,16.42,33.71,20.89,0,866,1883
2,2017-09-29 22:00:00,15,272.625,"Fri Sep 29 2017",20.07,18.87,16.43,34.92,21.21,0,866,1884
2,2017-09-29 22:15:00,15.25,272.635,"Fri Sep 29 2017",19.94,19.1,16.44,35.63,21.63,0,866,1885
2,2017-09-29 22:30:00,15.5,272.646,"Fri Sep 29 2017",20.09,19.12,16.46,36.07,22.28,0,866,1886
2,2017-09-29 22:45:00,15.75,272.656,"Fri Sep 29 2017",19.55,18.5,16.48,38.37,23.25,0,866,1887
2,2017-09-29 23:00:00,16,272.667,"Fri Sep 29 2017",18.97,18.39,16.5,40.67,23.54,0,866,1888
2,2017-09-29 23:15:00,16.25,272.677,"Fri Sep 29 2017",18.87,18.52,16.51,40.17,23.43,0,866,1889
2,2017-09-29 23:30:00,16.5,272.688,"Fri Sep 29 2017",18.65,18.19,16.54,41.7,25.11,0,866,1890
2,2017-09-29 23:45:00,16.75,272.698,"Fri Sep 29 2017",18.33,17.92,16.55,41.49,25.5,0,866,1891
2,2017-09-30,17,272.708,"Fri Sep 29 2017",18.08,17.66,16.58,43.11,26.55,0,866,1892
2,2017-09-30 00:15:00,17.25,272.719,"Fri Sep 29 2017",17.58,17.37,16.59,44.45,27.05,0,866,1893
2,2017-09-30 00:30:00,17.5,272.729,"Fri Sep 29 2017",17.1,17.23,16.62,46.6,26.64,0,866,1894
2,2017-09-30 00:45:00,17.75,272.74,"Fri Sep 29 2017",16.56,17.34,16.64,45.96,25.43,0,866,1895
2,2017-09-30 01:00:00,18,272.75,"Fri Sep 29 2017",16.31,17.31,16.66,44.27,25.27,0,866,1896
2,2017-09-30 01:15:00,18.25,272.76,"Fri Sep 29 2017",16.13,17.02,16.68,43.33,25.34,0,865,1897
2,2017-09-30 01:30:00,18.5,272.771,"Fri Sep 29 2017",15.85,16.83,16.71,42.09,25.53,0,865,1898
2,2017-09-30 01:45:00,18.75,272.781,"Fri Sep 29 2017",15.68,16.58,16.73,42.46,26.24,0,865,1899
2,2017-09-30 02:00:00,19,272.792,"Fri Sep 29 2017",15.26,16.58,16.75,43.73,26.17,0,865,1900
2,2017-09-30 02:15:00,19.25,272.802,"Fri Sep 29 2017",15.26,16.52,16.77,44.13,26.41,0,865,1901
2,2017-09-30 02:30:00,19.5,272.812,"Fri Sep 29 2017",15.01,16.55,16.79,44.4,25.91,0,865,1902
2,2017-09-30 02:45:00,19.75,272.823,"Fri Sep 29 2017",15.03,16.64,16.81,43.65,25.96,0,865,1903
2,2017-09-30 03:00:00,20,272.833,"Fri Sep 29 2017",15.15,16.32,16.83,44.21,27.43,0,865,1904
2,2017-09-30 03:15:00,20.25,272.844,"Fri Sep 29 2017",14.9,15.65,16.85,46.36,30.26,0,865,1905
2,2017-09-30 03:30:00,20.5,272.854,"Fri Sep 29 2017",14.49,15.29,16.86,48.65,31.54,0,865,1906
2,2017-09-30 03:45:00,20.75,272.865,"Fri Sep 29 2017",14.17,15.12,16.88,50.17,32.14,0,865,1907
2,2017-09-30 04:00:00,21,272.875,"Fri Sep 29 2017",14.01,15.01,16.89,52.46,35.02,0,865,1908
2,2017-09-30 04:15:00,21.25,272.885,"Fri Sep 29 2017",13.82,15.04,16.9,55.68,36.39,0,865,1909
2,2017-09-30 04:30:00,21.5,272.896,"Fri Sep 29 2017",13.76,14.83,16.92,56.89,37.85,0,865,1910
2,2017-09-30 04:45:00,21.75,272.906,"Fri Sep 29 2017",13.46,14.7,16.93,58.84,38.04,0,865,1911
2,2017-09-30 05:00:00,22,272.917,"Fri Sep 29 2017",13.41,14.81,16.94,58.26,35.79,0,865,1912
2,2017-09-30 05:15:00,22.25,272.927,"Fri Sep 29 2017",13.5,14.7,16.95,57.22,38.38,0,865,1913
2,2017-09-30 05:30:00,22.5,272.938,"Fri Sep 29 2017",13.5,14.57,16.96,59.08,37.87,0,865,1914
2,2017-09-30 05:45:00,22.75,272.948,"Fri Sep 29 2017",13.24,14.81,16.97,59.66,36.21,0,865,1915
2,2017-09-30 06:00:00,23,272.958,"Fri Sep 29 2017",13.02,14.99,16.97,60.66,34.77,0,865,1916
2,2017-09-30 06:15:00,23.25,272.969,"Fri Sep 29 2017",13.17,15.27,16.98,59.11,33.05,0,865,1917
2,2017-09-30 06:30:00,23.5,272.979,"Fri Sep 29 2017",13.45,15.24,16.98,56.36,32.73,0,865,1918
2,2017-09-30 06:45:00,23.75,272.99,"Fri Sep 29 2017",13.75,15.24,16.98,54.64,31.99,0,865,1919
2,2017-09-30 07:00:00,0,273,"Sat Sep 30 2017",13.82,15.33,16.98,53.28,31.64,0,865,1920
2,2017-09-30 07:15:00,0.25,273.01,"Sat Sep 30 2017",13.65,15.25,16.98,52.97,31.73,0,865,1921
2,2017-09-30 07:30:00,0.5,273.021,"Sat Sep 30 2017",14.11,15.22,16.98,51.39,31.75,0,865,1922
2,2017-09-30 07:45:00,0.75,273.031,"Sat Sep 30 2017",14.05,15.05,16.98,50.82,30.52,0,865,1923
2,2017-09-30 08:00:00,1,273.042,"Sat Sep 30 2017",13.6,15.01,16.97,50.5,29.59,0,865,1924
2,2017-09-30 08:15:00,1.25,273.052,"Sat Sep 30 2017",13.56,14.97,16.97,49.42,30.09,0,865,1925
2,2017-09-30 08:30:00,1.5,273.062,"Sat Sep 30 2017",13.64,14.96,16.97,49.47,30.05,0,865,1926
2,2017-09-30 08:45:00,1.75,273.073,"Sat Sep 30 2017",13.65,14.94,16.96,48.72,29.17,0,864,1927
2,2017-09-30 09:00:00,2,273.083,"Sat Sep 30 2017",13.82,14.95,16.95,47.22,28.68,0,864,1928
2,2017-09-30 09:15:00,2.25,273.094,"Sat Sep 30 2017",13.96,14.96,16.95,46.4,28.59,0,864,1929
2,2017-09-30 09:30:00,2.5,273.104,"Sat Sep 30 2017",13.66,14.92,16.94,47.25,29.43,0,864,1930
2,2017-09-30 09:45:00,2.75,273.115,"Sat Sep 30 2017",13.78,14.8,16.94,48.87,31.45,0,864,1931
2,2017-09-30 10:00:00,3,273.125,"Sat Sep 30 2017",13.56,14.77,16.93,51.73,33.1,0,864,1932
2,2017-09-30 10:15:00,3.25,273.135,"Sat Sep 30 2017",13.38,14.75,16.92,53.92,33.84,0,864,1933
2,2017-09-30 10:30:00,3.5,273.146,"Sat Sep 30 2017",13.22,14.78,16.91,55.11,33.6,0,864,1934
2,2017-09-30 10:45:00,3.75,273.156,"Sat Sep 30 2017",13.22,14.8,16.9,54.36,32.56,0,864,1935
2,2017-09-30 11:00:00,4,273.167,"Sat Sep 30 2017",13.04,14.83,16.89,53.78,31.46,0,864,1936
2,2017-09-30 11:15:00,4.25,273.177,"Sat Sep 30 2017",12.95,14.84,16.88,52.74,30.68,0,864,1937
2,2017-09-30 11:30:00,4.5,273.188,"Sat Sep 30 2017",12.96,14.78,16.87,51.7,30.7,0,864,1938
2,2017-09-30 11:45:00,4.75,273.198,"Sat Sep 30 2017",12.89,14.71,16.85,52.69,32.31,0,864,1939
2,2017-09-30 12:00:00,5,273.208,"Sat Sep 30 2017",12.85,14.6,16.85,53.58,32.12,0,864,1940
2,2017-09-30 12:15:00,5.25,273.219,"Sat Sep 30 2017",12.84,14.57,16.83,53.47,32.34,0,864,1941
2,2017-09-30 12:30:00,5.5,273.229,"Sat Sep 30 2017",12.68,14.45,16.82,54.42,33.97,0,864,1942
2,2017-09-30 12:45:00,5.75,273.24,"Sat Sep 30 2017",12.71,14.46,16.81,56.73,35.98,0,864,1943
2,2017-09-30 13:00:00,6,273.25,"Sat Sep 30 2017",12.71,14.42,16.8,58.12,35.71,0,865,1944
2,2017-09-30 13:15:00,6.25,273.26,"Sat Sep 30 2017",12.56,14.45,16.78,58.64,34.93,0,865,1945
2,2017-09-30 13:30:00,6.5,273.271,"Sat Sep 30 2017",12.48,14.73,16.77,58.8,34.65,0,865,1946
2,2017-09-30 13:45:00,6.75,273.281,"Sat Sep 30 2017",12.58,15.15,16.76,59.76,33.45,0,865,1947
2,2017-09-30 14:00:00,7,273.292,"Sat Sep 30 2017",12.72,15.51,16.74,61.23,33.2,0,865,1948
2,2017-09-30 14:15:00,7.25,273.302,"Sat Sep 30 2017",12.89,15.95,16.73,58.99,32.44,0,865,1949
2,2017-09-30 14:30:00,7.5,273.312,"Sat Sep 30 2017",14.39,16.81,16.71,55.78,32.4,0,865,1950
2,2017-09-30 14:45:00,7.75,273.323,"Sat Sep 30 2017",15.61,16.27,16.69,55.25,34.71,0,865,1951
2,2017-09-30 15:00:00,8,273.333,"Sat Sep 30 2017",14.56,16.72,16.68,61.21,35.66,0,865,1952
2,2017-09-30 15:15:00,8.25,273.344,"Sat Sep 30 2017",14.55,16.5,16.67,64.02,38.66,0,865,1953
2,2017-09-30 15:30:00,8.5,273.354,"Sat Sep 30 2017",15.03,16.21,16.65,67.32,44.78,0,865,1954
2,2017-09-30 15:45:00,8.75,273.365,"Sat Sep 30 2017",15.52,16.45,16.63,68.76,46.34,0,865,1955
2,2017-09-30 16:00:00,9,273.375,"Sat Sep 30 2017",15.78,16.5,16.61,70.3,47.85,0,865,1956
2,2017-09-30 16:15:00,9.25,273.385,"Sat Sep 30 2017",16.14,16.62,16.6,69.39,47.25,0,865,1957
2,2017-09-30 16:30:00,9.5,273.396,"Sat Sep 30 2017",16.27,16.65,16.59,69.99,47.51,0,865,1958
2,2017-09-30 16:45:00,9.75,273.406,"Sat Sep 30 2017",16.71,16.91,16.57,67.4,46.9,0,865,1959
2,2017-09-30 17:00:00,10,273.417,"Sat Sep 30 2017",17.75,17.22,16.55,61.91,43.37,0,866,1960
2,2017-09-30 17:15:00,10.25,273.427,"Sat Sep 30 2017",18.87,17.14,16.54,57.54,42.92,0,865,1961
2,2017-09-30 17:30:00,10.5,273.438,"Sat Sep 30 2017",19.95,17.78,16.53,54.34,41.33,0,865,1962
2,2017-09-30 17:45:00,10.75,273.448,"Sat Sep 30 2017",20.35,17.51,16.52,53.7,42.68,0,865,1963
2,2017-09-30 18:00:00,11,273.458,"Sat Sep 30 2017",20.53,17.56,16.5,53.94,42.59,0,865,1964
2,2017-09-30 18:15:00,11.25,273.469,"Sat Sep 30 2017",19.94,17.89,16.48,54.57,41.94,0,865,1965
2,2017-09-30 18:30:00,11.5,273.479,"Sat Sep 30 2017",20.55,18.03,16.47,52.23,40.15,0,865,1966
2,2017-09-30 18:45:00,11.75,273.49,"Sat Sep 30 2017",20.44,17.82,16.47,51.04,39.51,0,865,1967
2,2017-09-30 19:00:00,12,273.5,"Sat Sep 30 2017",20.33,17.84,16.46,50.56,38.53,0,865,1968
2,2017-09-30 19:15:00,12.25,273.51,"Sat Sep 30 2017",20.4,17.78,16.44,49.47,37.63,0,865,1969
2,2017-09-30 19:30:00,12.5,273.521,"Sat Sep 30 2017",20.63,18.25,16.44,47.13,34.97,0,865,1970
2,2017-09-30 19:45:00,12.75,273.531,"Sat Sep 30 2017",21.15,18.66,16.43,45.56,33.79,0,865,1971
2,2017-09-30 20:00:00,13,273.542,"Sat Sep 30 2017",21.43,18.94,16.43,45.72,33.23,0,865,1972
2,2017-09-30 20:15:00,13.25,273.552,"Sat Sep 30 2017",20.96,18.91,16.43,45.59,32.25,0,865,1973
2,2017-09-30 20:30:00,13.5,273.562,"Sat Sep 30 2017",21.48,18.83,16.42,43.9,32.47,0,865,1974
2,2017-09-30 20:45:00,13.75,273.573,"Sat Sep 30 2017",20.51,18.48,16.42,46.11,32.7,0,865,1975
2,2017-09-30 21:00:00,14,273.583,"Sat Sep 30 2017",20.15,18.37,16.42,49.35,34.5,0,865,1976
2,2017-09-30 21:15:00,14.25,273.594,"Sat Sep 30 2017",20.35,18.38,16.43,48.63,34.59,0,865,1977
2,2017-09-30 21:30:00,14.5,273.604,"Sat Sep 30 2017",20.36,18.65,16.44,49.17,35.12,0,865,1978
2,2017-09-30 21:45:00,14.75,273.615,"Sat Sep 30 2017",20.76,18.61,16.45,49.19,36,0,865,1979
2,2017-09-30 22:00:00,15,273.625,"Sat Sep 30 2017",20.84,18.49,16.47,51.08,38.48,0,865,1980
2,2017-09-30 22:15:00,15.25,273.635,"Sat Sep 30 2017",19.84,18.35,16.48,54.31,39.52,0,865,1981
2,2017-09-30 22:30:00,15.5,273.646,"Sat Sep 30 2017",19,18.27,16.5,56.73,39.9,0,864,1982
2,2017-09-30 22:45:00,15.75,273.656,"Sat Sep 30 2017",18.59,18.26,16.53,58.94,39.81,0,865,1983
2,2017-09-30 23:00:00,16,273.667,"Sat Sep 30 2017",18.37,18.27,16.54,59.12,39.73,0,865,1984
2,2017-09-30 23:15:00,16.25,273.677,"Sat Sep 30 2017",17.84,18.25,16.56,62.53,39.93,0,865,1985
2,2017-09-30 23:30:00,16.5,273.688,"Sat Sep 30 2017",17.32,18.15,16.58,62.73,39.91,0,865,1986
2,2017-09-30 23:45:00,16.75,273.698,"Sat Sep 30 2017",16.98,18.06,16.6,64.98,40.01,0,865,1987
2,2017-10-01,17,273.708,"Sat Sep 30 2017",16.45,17.86,16.63,66.85,40.15,0,865,1988
2,2017-10-01 00:15:00,17.25,273.719,"Sat Sep 30 2017",16.16,17.45,16.65,67.78,40.84,0,865,1989
2,2017-10-01 00:30:00,17.5,273.729,"Sat Sep 30 2017",15.64,16.74,16.68,68.78,43.33,0,865,1990
2,2017-10-01 00:45:00,17.75,273.74,"Sat Sep 30 2017",15.08,16.37,16.7,70.8,45.43,0,865,1991
2,2017-10-01 01:00:00,18,273.75,"Sat Sep 30 2017",14.7,15.83,16.72,72.5,48.14,0,865,1992
2,2017-10-01 01:15:00,18.25,273.76,"Sat Sep 30 2017",14.31,15.56,16.74,74.4,49.79,0,865,1993
2,2017-10-01 01:30:00,18.5,273.771,"Sat Sep 30 2017",13.97,15.4,16.76,75.7,50.76,0,865,1994
2,2017-10-01 01:45:00,18.75,273.781,"Sat Sep 30 2017",13.98,15.28,16.78,75.5,50.41,0,865,1995
2,2017-10-01 02:00:00,19,273.792,"Sat Sep 30 2017",14.01,15.29,16.8,74.2,49.26,0,865,1996
2,2017-10-01 02:15:00,19.25,273.802,"Sat Sep 30 2017",14.13,15.28,16.81,72.4,48.35,0,866,1997
2,2017-10-01 02:30:00,19.5,273.812,"Sat Sep 30 2017",14.18,15.33,16.83,71.6,47.8,0,865,1998
2,2017-10-01 02:45:00,19.75,273.823,"Sat Sep 30 2017",14.13,15.32,16.85,71.3,47.5,0,866,1999
2,2017-10-01 03:00:00,20,273.833,"Sat Sep 30 2017",14.04,15.25,16.86,71.3,47.52,0,866,2000
2,2017-10-01 03:15:00,20.25,273.844,"Sat Sep 30 2017",14,15.11,16.87,71.2,47.93,0,866,2001
2,2017-10-01 03:30:00,20.5,273.854,"Sat Sep 30 2017",14.01,15.13,16.89,71.2,47.7,0,866,2002
2,2017-10-01 03:45:00,20.75,273.865,"Sat Sep 30 2017",13.85,15.1,16.9,71.5,47.18,0,866,2003
2,2017-10-01 04:00:00,21,273.875,"Sat Sep 30 2017",13.84,15.23,16.9,71.3,45.97,0,866,2004
2,2017-10-01 04:15:00,21.25,273.885,"Sat Sep 30 2017",13.9,15.44,16.91,70.4,44.38,0,866,2005
2,2017-10-01 04:30:00,21.5,273.896,"Sat Sep 30 2017",14.05,15.38,16.92,68.56,44.24,0,866,2006
2,2017-10-01 04:45:00,21.75,273.906,"Sat Sep 30 2017",13.94,15.18,16.93,69.18,45.23,0,866,2007
2,2017-10-01 05:00:00,22,273.917,"Sat Sep 30 2017",13.65,15.47,16.93,71,44.2,0,865,2008
2,2017-10-01 05:15:00,22.25,273.927,"Sat Sep 30 2017",13.56,15.02,16.93,71.5,46.58,0,865,2009
2,2017-10-01 05:30:00,22.5,273.938,"Sat Sep 30 2017",13.2,14.95,16.94,73.2,47.61,0,865,2010
2,2017-10-01 05:45:00,22.75,273.948,"Sat Sep 30 2017",13.21,15.25,16.94,73.5,46.75,0,865,2011
2,2017-10-01 06:00:00,23,273.958,"Sat Sep 30 2017",13.36,15.75,16.94,72.9,44.69,0,865,2012
2,2017-10-01 06:15:00,23.25,273.969,"Sat Sep 30 2017",13.74,15.77,16.94,71.6,44.32,0,865,2013
2,2017-10-01 06:30:00,23.5,273.979,"Sat Sep 30 2017",13.67,15.51,16.94,72,45.34,0,865,2014
2,2017-10-01 06:45:00,23.75,273.99,"Sat Sep 30 2017",13.41,15.49,16.94,72.7,44.55,0,865,2015
2,2017-10-01 07:00:00,0,274,"Sun Oct 01 2017",13.35,15.67,16.93,71.5,42.05,0,865,2016
2,2017-10-01 07:15:00,0.25,274.01,"Sun Oct 01 2017",13.59,15.53,16.92,68.9,42.46,0,865,2017
2,2017-10-01 07:30:00,0.5,274.021,"Sun Oct 01 2017",13.48,15.4,16.92,69.37,41.28,0,865,2018
2,2017-10-01 07:45:00,0.75,274.031,"Sun Oct 01 2017",13.29,15.52,16.91,67.42,38.64,0,865,2019
2,2017-10-01 08:00:00,1,274.042,"Sun Oct 01 2017",13.18,15.51,16.91,66.03,37.37,0,865,2020
2,2017-10-01 08:15:00,1.25,274.052,"Sun Oct 01 2017",13.22,15.54,16.9,62.16,33.29,0,865,2021
2,2017-10-01 08:30:00,1.5,274.062,"Sun Oct 01 2017",13.22,15.35,16.89,59.06,35.87,0,865,2022
2,2017-10-01 08:45:00,1.75,274.073,"Sun Oct 01 2017",13.01,14.92,16.89,61.8,38.8,0,865,2023
2,2017-10-01 09:00:00,2,274.083,"Sun Oct 01 2017",12.79,14.98,16.88,63.14,34.31,0,864,2024
2,2017-10-01 09:15:00,2.25,274.094,"Sun Oct 01 2017",12.79,15.03,16.87,59.39,34.2,0,864,2025
2,2017-10-01 09:30:00,2.5,274.104,"Sun Oct 01 2017",12.73,15.03,16.86,59.41,32.25,0,864,2026
2,2017-10-01 09:45:00,2.75,274.115,"Sun Oct 01 2017",12.73,14.86,16.85,59.5,33.61,0,864,2027
2,2017-10-01 10:00:00,3,274.125,"Sun Oct 01 2017",12.49,14.84,16.84,59.85,32.99,0,864,2028
2,2017-10-01 10:15:00,3.25,274.135,"Sun Oct 01 2017",11.96,14.76,16.82,63.99,33.41,0,864,2029
2,2017-10-01 10:30:00,3.5,274.146,"Sun Oct 01 2017",11.47,14.08,16.81,68.37,36.66,0,864,2030
2,2017-10-01 10:45:00,3.75,274.156,"Sun Oct 01 2017",11.12,13.21,16.81,70.6,42.52,0,864,2031
2,2017-10-01 11:00:00,4,274.167,"Sun Oct 01 2017",11.05,13.48,16.79,71.8,38.1,0,864,2032
2,2017-10-01 11:15:00,4.25,274.177,"Sun Oct 01 2017",11.31,14.53,16.77,68.89,30.45,0,864,2033
2,2017-10-01 11:30:00,4.5,274.188,"Sun Oct 01 2017",11.49,14.75,16.76,65.23,26.64,0,864,2034
2,2017-10-01 11:45:00,4.75,274.198,"Sun Oct 01 2017",11.49,14.6,16.75,63.47,28.08,0,864,2035
2,2017-10-01 12:00:00,5,274.208,"Sun Oct 01 2017",11.31,14.48,16.73,69.08,27.73,0,864,2036
2,2017-10-01 12:15:00,5.25,274.219,"Sun Oct 01 2017",10.9,14.61,16.72,65.61,27.87,0,864,2037
2,2017-10-01 12:30:00,5.5,274.229,"Sun Oct 01 2017",11.36,14.92,16.7,55.41,28.22,0,864,2038
2,2017-10-01 12:45:00,5.75,274.24,"Sun Oct 01 2017",11.53,14.82,16.7,54.74,29.75,0,864,2039
2,2017-10-01 13:00:00,6,274.25,"Sun Oct 01 2017",11.94,14.65,16.67,54.73,30.66,0,864,2040
2,2017-10-01 13:15:00,6.25,274.26,"Sun Oct 01 2017",11.92,14.6,16.66,55.69,31.21,0,864,2041
2,2017-10-01 13:30:00,6.5,274.271,"Sun Oct 01 2017",11.91,14.71,16.64,56.59,31.67,0,864,2042
2,2017-10-01 13:45:00,6.75,274.281,"Sun Oct 01 2017",12.08,15.29,16.62,58.51,31.11,0,864,2043
2,2017-10-01 14:00:00,7,274.292,"Sun Oct 01 2017",11.92,14.81,16.6,63.83,33.52,0,864,2044
2,2017-10-01 14:15:00,7.25,274.302,"Sun Oct 01 2017",11.53,14.02,16.59,68.97,36.73,0,864,2045
2,2017-10-01 14:30:00,7.5,274.312,"Sun Oct 01 2017",12.98,14.25,16.56,63.79,35.62,0,864,2046
2,2017-10-01 14:45:00,7.75,274.323,"Sun Oct 01 2017",13.63,15,16.55,62.65,35.1,0,864,2047
2,2017-10-01 15:00:00,8,274.333,"Sun Oct 01 2017",13.25,16.09,16.53,66.92,29.77,0,864,2048
2,2017-10-01 15:15:00,8.25,274.344,"Sun Oct 01 2017",13.53,16.43,16.52,50.21,23.22,0,864,2049
2,2017-10-01 15:30:00,8.5,274.354,"Sun Oct 01 2017",13.77,16.17,16.49,52.69,26.92,0,864,2050
2,2017-10-01 15:45:00,8.75,274.365,"Sun Oct 01 2017",14.54,15.84,16.47,50.36,27.09,0,864,2051
2,2017-10-01 16:00:00,9,274.375,"Sun Oct 01 2017",14.84,15.79,16.44,46.9,26.31,0,864,2052
2,2017-10-01 16:15:00,9.25,274.385,"Sun Oct 01 2017",15.07,15.7,16.43,51.37,30.87,0,864,2053
2,2017-10-01 16:30:00,9.5,274.396,"Sun Oct 01 2017",15.11,16.07,16.41,54.14,30.97,0,864,2054
2,2017-10-01 16:45:00,9.75,274.406,"Sun Oct 01 2017",15.57,16,16.39,50.21,30.11,0,864,2055
2,2017-10-01 17:00:00,10,274.417,"Sun Oct 01 2017",16.99,16.38,16.37,49.97,31.17,0,863,2056
2,2017-10-01 17:15:00,10.25,274.427,"Sun Oct 01 2017",18.49,16.52,16.35,46.68,30.94,0,863,2057
2,2017-10-01 17:30:00,10.5,274.438,"Sun Oct 01 2017",19.15,16.46,16.34,42.83,30.06,0,863,2058
2,2017-10-01 17:45:00,10.75,274.448,"Sun Oct 01 2017",19.18,16.44,16.33,43.8,31.66,0,863,2059
2,2017-10-01 18:00:00,11,274.458,"Sun Oct 01 2017",19.36,16.68,16.31,45.27,33.32,0,863,2060
2,2017-10-01 18:15:00,11.25,274.469,"Sun Oct 01 2017",19.42,16.6,16.29,44.7,32.71,0,863,2061
2,2017-10-01 18:30:00,11.5,274.479,"Sun Oct 01 2017",19.15,16.51,16.27,44.43,32.3,0,863,2062
2,2017-10-01 18:45:00,11.75,274.49,"Sun Oct 01 2017",19.05,16.75,16.26,46.51,33.3,0,863,2063
2,2017-10-01 19:00:00,12,274.5,"Sun Oct 01 2017",19.38,16.83,16.24,44.78,32.79,0,863,2064
2,2017-10-01 19:15:00,12.25,274.51,"Sun Oct 01 2017",19.15,16.58,16.23,47.41,35.32,0,862,2065
2,2017-10-01 19:30:00,12.5,274.521,"Sun Oct 01 2017",19.26,16.7,16.22,46.3,34.31,0,862,2066
2,2017-10-01 19:45:00,12.75,274.531,"Sun Oct 01 2017",19.21,16.53,16.21,47.03,36.2,0,862,2067
2,2017-10-01 20:00:00,13,274.542,"Sun Oct 01 2017",19.52,16.61,16.2,47.08,35.61,0,862,2068
2,2017-10-01 20:15:00,13.25,274.552,"Sun Oct 01 2017",18.64,16.43,16.2,47.58,34.75,0,862,2069
2,2017-10-01 20:30:00,13.5,274.562,"Sun Oct 01 2017",19.41,16.58,16.19,44.99,33.58,0,862,2070
2,2017-10-01 20:45:00,13.75,274.573,"Sun Oct 01 2017",19.19,16.59,16.19,43.66,31.86,0,862,2071
2,2017-10-01 21:00:00,14,274.583,"Sun Oct 01 2017",19.17,16.6,16.19,42.04,29.68,0,861,2072
2,2017-10-01 21:15:00,14.25,274.594,"Sun Oct 01 2017",19.13,16.62,16.2,40.84,29.12,0,861,2073
2,2017-10-01 21:30:00,14.5,274.604,"Sun Oct 01 2017",18.93,16.51,16.21,41.71,29.4,0,861,2074
2,2017-10-01 21:45:00,14.75,274.615,"Sun Oct 01 2017",18.25,16.31,16.21,39.28,27,0,861,2075
2,2017-10-01 22:00:00,15,274.625,"Sun Oct 01 2017",18.13,16.33,16.22,38.04,24.81,0,861,2076
2,2017-10-01 22:15:00,15.25,274.635,"Sun Oct 01 2017",17.93,16.21,16.24,37.62,23.74,0,861,2077
2,2017-10-01 22:30:00,15.5,274.646,"Sun Oct 01 2017",16.89,16.19,16.25,39.29,24.65,0,861,2078
2,2017-10-01 22:45:00,15.75,274.656,"Sun Oct 01 2017",16.24,16.01,16.26,42.97,25.34,0,861,2079
2,2017-10-01 23:00:00,16,274.667,"Sun Oct 01 2017",16.01,15.92,16.28,43.52,25.11,0,861,2080
2,2017-10-01 23:15:00,16.25,274.677,"Sun Oct 01 2017",15.35,16.2,16.3,45.31,25.24,0,861,2081
2,2017-10-01 23:30:00,16.5,274.688,"Sun Oct 01 2017",15.1,15.97,16.32,43.58,24.88,0,861,2082
2,2017-10-01 23:45:00,16.75,274.698,"Sun Oct 01 2017",14.56,15.67,16.34,46.51,24.82,0,861,2083
2,2017-10-02,17,274.708,"Sun Oct 01 2017",14.04,15.39,16.36,46.7,25.59,0,861,2084
2,2017-10-02 00:15:00,17.25,274.719,"Sun Oct 01 2017",13.68,15.08,16.37,48.34,26.68,0,861,2085
2,2017-10-02 00:30:00,17.5,274.729,"Sun Oct 01 2017",13.09,14.09,16.39,49.64,28.19,0,861,2086
2,2017-10-02 00:45:00,17.75,274.74,"Sun Oct 01 2017",12.38,13.79,16.41,51.16,27.56,0,861,2087
2,2017-10-02 01:00:00,18,274.75,"Sun Oct 01 2017",11.72,13.62,16.43,51.64,27.82,0,861,2088
2,2017-10-02 01:15:00,18.25,274.76,"Sun Oct 01 2017",11.42,13.33,16.44,51.51,28.8,0,861,2089
2,2017-10-02 01:30:00,18.5,274.771,"Sun Oct 01 2017",11.36,13.12,16.46,51.06,29.58,0,861,2090
2,2017-10-02 01:45:00,18.75,274.781,"Sun Oct 01 2017",11.33,13,16.48,51.41,30.11,0,861,2091
2,2017-10-02 02:00:00,19,274.792,"Sun Oct 01 2017",11.32,12.85,16.49,51.1,30.52,0,861,2092
2,2017-10-02 02:15:00,19.25,274.802,"Sun Oct 01 2017",11.26,12.7,16.51,50.99,30.92,0,861,2093
2,2017-10-02 02:30:00,19.5,274.812,"Sun Oct 01 2017",11.28,12.66,16.53,50.92,30.93,0,861,2094
2,2017-10-02 02:45:00,19.75,274.823,"Sun Oct 01 2017",11.15,12.73,16.54,51.44,30.76,0,861,2095
2,2017-10-02 03:00:00,20,274.833,"Sun Oct 01 2017",10.77,12.64,16.55,52.83,31.02,0,861,2096
2,2017-10-02 03:15:00,20.25,274.844,"Sun Oct 01 2017",10.87,12.88,16.56,52.36,30.3,0,861,2097
2,2017-10-02 03:30:00,20.5,274.854,"Sun Oct 01 2017",10.41,12.35,16.57,55.07,31.56,0,861,2098
2,2017-10-02 03:45:00,20.75,274.865,"Sun Oct 01 2017",9.77,11.8,16.58,58.59,32.26,0,861,2099
2,2017-10-02 04:00:00,21,274.875,"Sun Oct 01 2017",8.96,11.6,16.58,60.07,29.11,0,861,2100
2,2017-10-02 04:15:00,21.25,274.885,"Sun Oct 01 2017",8.82,11.56,16.59,57.93,27.25,0,861,2101
2,2017-10-02 04:30:00,21.5,274.896,"Sun Oct 01 2017",8.76,11.5,16.59,54.7,25.86,0,861,2102
2,2017-10-02 04:45:00,21.75,274.906,"Sun Oct 01 2017",8.89,11.41,16.6,51.86,25.43,0,861,2103
2,2017-10-02 05:00:00,22,274.917,"Sun Oct 01 2017",9.05,11.26,16.6,49.33,25.29,0,861,2104
2,2017-10-02 05:15:00,22.25,274.927,"Sun Oct 01 2017",9.14,11.34,16.6,48.47,24.67,0,861,2105
2,2017-10-02 05:30:00,22.5,274.938,"Sun Oct 01 2017",8.87,11.26,16.59,50.58,24.65,0,861,2106
2,2017-10-02 05:45:00,22.75,274.948,"Sun Oct 01 2017",8.51,11.09,16.59,50.97,24.8,0,861,2107
2,2017-10-02 06:00:00,23,274.958,"Sun Oct 01 2017",8.61,11.19,16.59,50.26,24.46,0,861,2108
2,2017-10-02 06:15:00,23.25,274.969,"Sun Oct 01 2017",8.79,11.14,16.58,50.33,24.61,0,861,2109
2,2017-10-02 06:30:00,23.5,274.979,"Sun Oct 01 2017",8.98,11.12,16.58,48.49,24.86,0,861,2110
2,2017-10-02 06:45:00,23.75,274.99,"Sun Oct 01 2017",9.06,10.78,16.57,48.29,26,0,861,2111
2,2017-10-02 07:00:00,0,275,"Mon Oct 02 2017",9,10.67,16.56,48.7,26.75,0,861,2112
2,2017-10-02 07:15:00,0.25,275.01,"Mon Oct 02 2017",9.08,10.62,16.56,48.52,27.38,0,861,2113
2,2017-10-02 07:30:00,0.5,275.021,"Mon Oct 02 2017",9.27,10.63,16.55,48.44,27.93,0,861,2114
2,2017-10-02 07:45:00,0.75,275.031,"Mon Oct 02 2017",8.92,10.4,16.54,49.98,28.88,0,861,2115
2,2017-10-02 08:00:00,1,275.042,"Mon Oct 02 2017",8.71,10.27,16.53,51.36,29.64,0,861,2116
2,2017-10-02 08:15:00,1.25,275.052,"Mon Oct 02 2017",8.54,10.21,16.52,51.93,29.96,0,861,2117
2,2017-10-02 08:30:00,1.5,275.062,"Mon Oct 02 2017",8.44,10.1,16.51,53.02,30.48,0,861,2118
2,2017-10-02 08:45:00,1.75,275.073,"Mon Oct 02 2017",8.24,10.05,16.5,53.89,30.68,0,861,2119
2,2017-10-02 09:00:00,2,275.083,"Mon Oct 02 2017",8.16,9.88,16.48,54.47,31.24,0,861,2120
2,2017-10-02 09:15:00,2.25,275.094,"Mon Oct 02 2017",7.84,9.7,16.47,55.68,31.7,0,861,2121
2,2017-10-02 09:30:00,2.5,275.104,"Mon Oct 02 2017",7.6,9.5,16.45,56.87,32.12,0,860,2122
2,2017-10-02 09:45:00,2.75,275.115,"Mon Oct 02 2017",7.34,9.45,16.44,57.88,32.11,0,860,2123
2,2017-10-02 10:00:00,3,275.125,"Mon Oct 02 2017",7.32,9.4,16.43,57.58,32.05,0,860,2124
2,2017-10-02 10:15:00,3.25,275.135,"Mon Oct 02 2017",7.22,9.43,16.42,58.23,31.47,0,860,2125
2,2017-10-02 10:30:00,3.5,275.146,"Mon Oct 02 2017",6.949,9.43,16.4,58.55,31.09,0,860,2126
2,2017-10-02 10:45:00,3.75,275.156,"Mon Oct 02 2017",7.14,9.23,16.39,56.83,31.66,0,860,2127
2,2017-10-02 11:00:00,4,275.167,"Mon Oct 02 2017",7.16,9.13,16.37,57.04,31.9,0,860,2128
2,2017-10-02 11:15:00,4.25,275.177,"Mon Oct 02 2017",7.13,9.03,16.35,57.79,32.34,0,860,2129
2,2017-10-02 11:30:00,4.5,275.188,"Mon Oct 02 2017",6.973,9.05,16.34,58.32,32.5,0,860,2130
2,2017-10-02 11:45:00,4.75,275.198,"Mon Oct 02 2017",7.25,9.13,16.32,56.69,32.39,0,860,2131
2,2017-10-02 12:00:00,5,275.208,"Mon Oct 02 2017",7.51,9.14,16.3,56.3,32.28,0,860,2132
2,2017-10-02 12:15:00,5.25,275.219,"Mon Oct 02 2017",7.28,9.12,16.28,57.12,32.08,0,860,2133
2,2017-10-02 12:30:00,5.5,275.229,"Mon Oct 02 2017",7.19,9.12,16.26,57.06,31.74,0,860,2134
2,2017-10-02 12:45:00,5.75,275.24,"Mon Oct 02 2017",7.1,9.3,16.25,57.28,30.31,0,860,2135
2,2017-10-02 13:00:00,6,275.25,"Mon Oct 02 2017",6.656,9.16,16.23,59.29,30.37,0,860,2136
2,2017-10-02 13:15:00,6.25,275.26,"Mon Oct 02 2017",6.318,9.09,16.2,60.34,30.58,0,860,2137
2,2017-10-02 13:30:00,6.5,275.271,"Mon Oct 02 2017",6.231,9.11,16.19,61.03,30.85,0,860,2138
2,2017-10-02 13:45:00,6.75,275.281,"Mon Oct 02 2017",6.515,9.26,16.17,60.41,30.46,0,860,2139
2,2017-10-02 14:00:00,7,275.292,"Mon Oct 02 2017",6.72,9.55,16.15,59.9,29.76,0,860,2140
2,2017-10-02 14:15:00,7.25,275.302,"Mon Oct 02 2017",7.13,9.85,16.13,59.48,29.29,0,860,2141
2,2017-10-02 14:30:00,7.5,275.312,"Mon Oct 02 2017",9.08,10.17,16.1,52.62,29.17,0,860,2142
2,2017-10-02 14:45:00,7.75,275.323,"Mon Oct 02 2017",9.35,10.39,16.08,54.75,29.35,0,860,2143
2,2017-10-02 15:00:00,8,275.333,"Mon Oct 02 2017",9.34,10.95,16.06,56.46,28.61,0,860,2144
2,2017-10-02 15:15:00,8.25,275.344,"Mon Oct 02 2017",9.73,11.5,16.05,55.85,28.65,0,860,2145
2,2017-10-02 15:30:00,8.5,275.354,"Mon Oct 02 2017",10.37,11.83,16.02,53.3,28.15,0,860,2146
2,2017-10-02 15:45:00,8.75,275.365,"Mon Oct 02 2017",11.62,12.62,16,49.91,27.65,0,860,2147
2,2017-10-02 16:00:00,9,275.375,"Mon Oct 02 2017",11.65,13.46,15.98,48.14,25.21,0,860,2148
2,2017-10-02 16:15:00,9.25,275.385,"Mon Oct 02 2017",12.23,13.91,15.96,41.59,23.38,0,861,2149
2,2017-10-02 16:30:00,9.5,275.396,"Mon Oct 02 2017",12.35,14.01,15.93,45.89,21.26,0,860,2150
2,2017-10-02 16:45:00,9.75,275.406,"Mon Oct 02 2017",12.95,14.17,15.91,41.24,22.27,0,860,2151
2,2017-10-02 17:00:00,10,275.417,"Mon Oct 02 2017",14.66,14.04,15.89,39.64,23.24,0,860,2152
2,2017-10-02 17:15:00,10.25,275.427,"Mon Oct 02 2017",15.68,13.73,15.87,35.24,21.25,0,860,2153
2,2017-10-02 17:30:00,10.5,275.438,"Mon Oct 02 2017",16.31,14.02,15.85,35.95,21.36,0,860,2154
2,2017-10-02 17:45:00,10.75,275.448,"Mon Oct 02 2017",16.27,13.93,15.83,35.64,24.08,0,860,2155
2,2017-10-02 18:00:00,11,275.458,"Mon Oct 02 2017",16.38,13.57,15.81,40.46,29.61,0,860,2156
2,2017-10-02 18:15:00,11.25,275.469,"Mon Oct 02 2017",15.87,13.21,15.79,41.26,30.13,0,860,2157
2,2017-10-02 18:30:00,11.5,275.479,"Mon Oct 02 2017",15.93,13.31,15.78,41.15,29.68,0,860,2158
2,2017-10-02 18:45:00,11.75,275.49,"Mon Oct 02 2017",16.24,13.84,15.75,38.59,27.2,0,860,2159
2,2017-10-02 19:00:00,12,275.5,"Mon Oct 02 2017",16.16,13.88,15.73,37.21,25.74,0,860,2160
2,2017-10-02 19:15:00,12.25,275.51,"Mon Oct 02 2017",16.52,13.6,15.72,38.59,28.76,0,860,2161
2,2017-10-02 19:30:00,12.5,275.521,"Mon Oct 02 2017",16.38,13.42,15.7,40.65,29.45,0,860,2162
2,2017-10-02 19:45:00,12.75,275.531,"Mon Oct 02 2017",17.22,14.1,15.69,37.69,27.97,0,860,2163
2,2017-10-02 20:00:00,13,275.542,"Mon Oct 02 2017",17.18,14.38,15.68,37.79,27.58,0,860,2164
2,2017-10-02 20:15:00,13.25,275.552,"Mon Oct 02 2017",16.18,13.86,15.67,39.5,28.18,0,860,2165
2,2017-10-02 20:30:00,13.5,275.562,"Mon Oct 02 2017",16.42,13.74,15.67,39.52,28.82,0,860,2166
2,2017-10-02 20:45:00,13.75,275.573,"Mon Oct 02 2017",16.48,13.76,15.65,38.65,28.15,0,860,2167
2,2017-10-02 21:00:00,14,275.583,"Mon Oct 02 2017",16.3,13.62,15.66,38.14,27.55,0,859,2168
2,2017-10-02 21:15:00,14.25,275.594,"Mon Oct 02 2017",16.2,13.74,15.66,37.02,26.21,0,859,2169
2,2017-10-02 21:30:00,14.5,275.604,"Mon Oct 02 2017",16.23,14.02,15.67,37.43,25.77,0,859,2170
2,2017-10-02 21:45:00,14.75,275.615,"Mon Oct 02 2017",15.92,13.72,15.67,36.13,24.89,0,859,2171
2,2017-10-02 22:00:00,15,275.625,"Mon Oct 02 2017",15.52,13.74,15.67,36.12,24.58,0,859,2172
2,2017-10-02 22:15:00,15.25,275.635,"Mon Oct 02 2017",15.48,13.98,15.68,36.52,24.33,0,859,2173
2,2017-10-02 22:30:00,15.5,275.646,"Mon Oct 02 2017",14.57,13.6,15.7,38.2,24.94,0,859,2174
2,2017-10-02 22:45:00,15.75,275.656,"Mon Oct 02 2017",13.89,13.39,15.71,38.8,24.51,0,859,2175
2,2017-10-02 23:00:00,16,275.667,"Mon Oct 02 2017",13.7,13.39,15.72,40.09,25.03,0,859,2176
2,2017-10-02 23:15:00,16.25,275.677,"Mon Oct 02 2017",13.13,13.25,15.74,40.61,24.51,0,859,2177
2,2017-10-02 23:30:00,16.5,275.688,"Mon Oct 02 2017",12.65,13.11,15.75,40.87,24.23,0,860,2178
2,2017-10-02 23:45:00,16.75,275.698,"Mon Oct 02 2017",12.32,12.92,15.77,42.38,24.66,0,859,2179
2,2017-10-03,17,275.708,"Mon Oct 02 2017",11.96,12.81,15.78,43.04,24.55,0,860,2180
2,2017-10-03 00:15:00,17.25,275.719,"Mon Oct 02 2017",11.4,12.62,15.79,44.72,24.82,0,860,2181
2,2017-10-03 00:30:00,17.5,275.729,"Mon Oct 02 2017",10.88,12.28,15.81,46.75,24.85,0,860,2182
2,2017-10-03 00:45:00,17.75,275.74,"Mon Oct 02 2017",10.11,11.6,15.82,48.13,25.59,0,860,2183
2,2017-10-03 01:00:00,18,275.75,"Mon Oct 02 2017",9.57,11.24,15.84,48,25.87,0,860,2184
2,2017-10-03 01:15:00,18.25,275.76,"Mon Oct 02 2017",9.15,11.14,15.86,46.94,25.6,0,860,2185
2,2017-10-03 01:30:00,18.5,275.771,"Mon Oct 02 2017",9,11.08,15.88,46.69,25.38,0,860,2186
2,2017-10-03 01:45:00,18.75,275.781,"Mon Oct 02 2017",8.71,11.01,15.89,47.12,25.25,0,860,2187
2,2017-10-03 02:00:00,19,275.792,"Mon Oct 02 2017",8.76,10.97,15.91,46.06,25.24,0,860,2188
2,2017-10-03 02:15:00,19.25,275.802,"Mon Oct 02 2017",8.68,10.9,15.92,45.81,25.3,0,860,2189
2,2017-10-03 02:30:00,19.5,275.812,"Mon Oct 02 2017",8.84,11.11,15.93,44.78,23.98,0,860,2190
2,2017-10-03 02:45:00,19.75,275.823,"Mon Oct 02 2017",8.91,11.09,15.94,43.43,23.74,0,859,2191
2,2017-10-03 03:00:00,20,275.833,"Mon Oct 02 2017",8.97,10.89,15.95,42.33,23.85,0,859,2192
2,2017-10-03 03:15:00,20.25,275.844,"Mon Oct 02 2017",8.9,10.74,15.95,42.17,23.97,0,859,2193
2,2017-10-03 03:30:00,20.5,275.854,"Mon Oct 02 2017",8.75,10.46,15.96,42.23,24.72,0,859,2194
2,2017-10-03 03:45:00,20.75,275.865,"Mon Oct 02 2017",8.37,10.5,15.97,43.41,24.39,0,859,2195
2,2017-10-03 04:00:00,21,275.875,"Mon Oct 02 2017",8.34,10.02,15.97,43.92,25.41,0,859,2196
2,2017-10-03 04:15:00,21.25,275.885,"Mon Oct 02 2017",8,9.64,15.98,44.65,26.36,0,859,2197
2,2017-10-03 04:30:00,21.5,275.896,"Mon Oct 02 2017",7.62,9.68,15.98,46.7,26.77,0,859,2198
2,2017-10-03 04:45:00,21.75,275.906,"Mon Oct 02 2017",7.32,9.22,15.98,49.43,29.35,0,859,2199
2,2017-10-03 05:00:00,22,275.917,"Mon Oct 02 2017",7.16,9.13,15.98,50.85,29.88,0,859,2200
2,2017-10-03 05:15:00,22.25,275.927,"Mon Oct 02 2017",7.2,8.86,15.98,51.13,30.42,0,859,2201
2,2017-10-03 05:30:00,22.5,275.938,"Mon Oct 02 2017",7.21,9.22,15.98,50.33,29.22,0,859,2202
2,2017-10-03 05:45:00,22.75,275.948,"Mon Oct 02 2017",7.59,9.58,15.97,49.07,28.23,0,859,2203
2,2017-10-03 06:00:00,23,275.958,"Mon Oct 02 2017",7.55,9.51,15.97,49.08,28.23,0,859,2204
2,2017-10-03 06:15:00,23.25,275.969,"Mon Oct 02 2017",7.7,10,15.96,47.89,26.6,0,858,2205
2,2017-10-03 06:30:00,23.5,275.979,"Mon Oct 02 2017",8.3,9.97,15.95,45.02,26.17,0,858,2206
2,2017-10-03 06:45:00,23.75,275.99,"Mon Oct 02 2017",8.02,9.73,15.95,46.46,26.41,0,858,2207
2,2017-10-03 07:00:00,0,276,"Tue Oct 03 2017",7.15,9.04,15.94,50.06,28.67,0,858,2208
2,2017-10-03 07:15:00,0.25,276.01,"Tue Oct 03 2017",6.633,8.09,15.93,52.73,31.98,0,858,2209
2,2017-10-03 07:30:00,0.5,276.021,"Tue Oct 03 2017",5.982,7.96,15.92,55.78,32.58,0,858,2210
2,2017-10-03 07:45:00,0.75,276.031,"Tue Oct 03 2017",5.46,8.13,15.9,58.79,31.88,0,858,2211
2,2017-10-03 08:00:00,1,276.042,"Tue Oct 03 2017",5.252,8.39,15.89,59.57,30.85,0,858,2212
2,2017-10-03 08:15:00,1.25,276.052,"Tue Oct 03 2017",5.2,8.42,15.88,59.53,30.94,0,858,2213
2,2017-10-03 08:30:00,1.5,276.062,"Tue Oct 03 2017",5.356,8.46,15.87,58.46,29.63,0,858,2214
2,2017-10-03 08:45:00,1.75,276.073,"Tue Oct 03 2017",6.011,8.81,15.86,55.33,28.53,0,858,2215
2,2017-10-03 09:00:00,2,276.083,"Tue Oct 03 2017",5.94,8.91,15.84,54.17,28.41,0,858,2216
2,2017-10-03 09:15:00,2.25,276.094,"Tue Oct 03 2017",5.955,8.37,15.83,57.83,29.15,0,858,2217
2,2017-10-03 09:30:00,2.5,276.104,"Tue Oct 03 2017",5.778,8.14,15.81,55.77,29.31,0,858,2218
2,2017-10-03 09:45:00,2.75,276.115,"Tue Oct 03 2017",5.807,7.99,15.79,56.02,30,0,858,2219
2,2017-10-03 10:00:00,3,276.125,"Tue Oct 03 2017",5.72,7.84,15.77,56.49,31.05,0,858,2220
2,2017-10-03 10:15:00,3.25,276.135,"Tue Oct 03 2017",5.62,7.7,15.76,57.07,30.51,0,858,2221
2,2017-10-03 10:30:00,3.5,276.146,"Tue Oct 03 2017",5.69,7.73,15.74,56.43,29.63,0,858,2222
2,2017-10-03 10:45:00,3.75,276.156,"Tue Oct 03 2017",5.522,7.84,15.72,56.49,29.38,0,858,2223
2,2017-10-03 11:00:00,4,276.167,"Tue Oct 03 2017",5.817,7.72,15.7,54.46,30.27,0,858,2224
2,2017-10-03 11:15:00,4.25,276.177,"Tue Oct 03 2017",5.782,7.79,15.68,56.28,30.61,0,858,2225
2,2017-10-03 11:30:00,4.5,276.188,"Tue Oct 03 2017",5.796,7.77,15.67,56.74,31.09,0,858,2226
2,2017-10-03 11:45:00,4.75,276.198,"Tue Oct 03 2017",5.766,7.68,15.65,57.55,31.59,0,858,2227
2,2017-10-03 12:00:00,5,276.208,"Tue Oct 03 2017",5.651,7.59,15.63,58.72,31.87,0,858,2228
2,2017-10-03 12:15:00,5.25,276.219,"Tue Oct 03 2017",5.565,7.63,15.61,58.94,31.9,0,858,2229
2,2017-10-03 12:30:00,5.5,276.229,"Tue Oct 03 2017",5.663,7.73,15.59,58.49,31.9,0,858,2230
2,2017-10-03 12:45:00,5.75,276.24,"Tue Oct 03 2017",5.731,7.74,15.57,58.48,31.85,0,858,2231
2,2017-10-03 13:00:00,6,276.25,"Tue Oct 03 2017",5.821,7.77,15.55,58.09,31.99,0,858,2232
2,2017-10-03 13:15:00,6.25,276.26,"Tue Oct 03 2017",5.926,7.84,15.53,57.24,32.2,0,858,2233
2,2017-10-03 13:30:00,6.5,276.271,"Tue Oct 03 2017",6.272,8.04,15.51,56.37,32.23,0,858,2234
2,2017-10-03 13:45:00,6.75,276.281,"Tue Oct 03 2017",6.484,8.15,15.49,57.4,32.45,0,858,2235
2,2017-10-03 14:00:00,7,276.292,"Tue Oct 03 2017",6.165,8.31,15.46,60.53,32.58,0,859,2236
2,2017-10-03 14:15:00,7.25,276.302,"Tue Oct 03 2017",6.322,8.6,15.44,61.02,32.29,0,859,2237
2,2017-10-03 14:30:00,7.5,276.312,"Tue Oct 03 2017",7.36,8.92,15.42,59.08,32,0,859,2238
2,2017-10-03 14:45:00,7.75,276.323,"Tue Oct 03 2017",7.36,9.25,15.4,60.77,31.36,0,859,2239
2,2017-10-03 15:00:00,8,276.333,"Tue Oct 03 2017",7.87,9.67,15.38,59.07,31.08,0,859,2240
2,2017-10-03 15:15:00,8.25,276.344,"Tue Oct 03 2017",8.73,10.02,15.36,56.41,30.15,0,859,2241
2,2017-10-03 15:30:00,8.5,276.354,"Tue Oct 03 2017",9.57,10.21,15.34,52.01,28.57,0,859,2242
2,2017-10-03 15:45:00,8.75,276.365,"Tue Oct 03 2017",10.59,10.58,15.32,47.83,28.67,0,859,2243
2,2017-10-03 16:00:00,9,276.375,"Tue Oct 03 2017",11.06,10.87,15.29,46.11,28.06,0,859,2244
2,2017-10-03 16:15:00,9.25,276.385,"Tue Oct 03 2017",11.58,11.04,15.28,44.15,27.42,0,859,2245
2,2017-10-03 16:30:00,9.5,276.396,"Tue Oct 03 2017",12.02,11.31,15.26,42.64,27.01,0,859,2246
2,2017-10-03 16:45:00,9.75,276.406,"Tue Oct 03 2017",12.54,11.65,15.24,41.6,26.71,0,859,2247
2,2017-10-03 17:00:00,10,276.417,"Tue Oct 03 2017",13.16,11.7,15.22,39.33,25.89,0,859,2248
2,2017-10-03 17:15:00,10.25,276.427,"Tue Oct 03 2017",13.73,11.93,15.2,37.92,25.35,0,859,2249
2,2017-10-03 17:30:00,10.5,276.438,"Tue Oct 03 2017",14.14,12.42,15.17,36.85,24.65,0,859,2250
2,2017-10-03 17:45:00,10.75,276.448,"Tue Oct 03 2017",13.86,12.16,15.15,36.16,24.05,0,859,2251
2,2017-10-03 18:00:00,11,276.458,"Tue Oct 03 2017",12.23,11.51,15.14,42.06,25.7,0,860,2252
2,2017-10-03 18:15:00,11.25,276.469,"Tue Oct 03 2017",12.06,11.67,15.12,43.36,26.01,0,860,2253
2,2017-10-03 18:30:00,11.5,276.479,"Tue Oct 03 2017",12.09,11.63,15.1,45.46,26.74,0,860,2254
2,2017-10-03 18:45:00,11.75,276.49,"Tue Oct 03 2017",12.43,12.11,15.08,43.61,25.8,0,860,2255
2,2017-10-03 19:00:00,12,276.5,"Tue Oct 03 2017",14.19,12.88,15.07,37.52,23.82,0,860,2256
2,2017-10-03 19:15:00,12.25,276.51,"Tue Oct 03 2017",15.32,12.99,15.05,34.34,22.86,0,860,2257
2,2017-10-03 19:30:00,12.5,276.521,"Tue Oct 03 2017",13.98,12.61,15.04,38.13,24.17,0,860,2258
2,2017-10-03 19:45:00,12.75,276.531,"Tue Oct 03 2017",13.15,12.27,15.03,41.84,25.27,0,860,2259
2,2017-10-03 20:00:00,13,276.542,"Tue Oct 03 2017",12.62,12.15,15.02,44.64,25.11,0,860,2260
2,2017-10-03 20:15:00,13.25,276.552,"Tue Oct 03 2017",12.18,12.14,15.01,53.01,24.22,0,860,2261
2,2017-10-03 20:30:00,13.5,276.562,"Tue Oct 03 2017",11.71,12.09,15,53.45,26.54,0,860,2262
2,2017-10-03 20:45:00,13.75,276.573,"Tue Oct 03 2017",11.96,11.32,15,47.43,30.79,0,861,2263
2,2017-10-03 21:00:00,14,276.583,"Tue Oct 03 2017",12.03,10.93,14.99,48.36,32.9,0,861,2264
2,2017-10-03 21:15:00,14.25,276.594,"Tue Oct 03 2017",11.89,10.94,14.99,49.46,33.3,0,861,2265
2,2017-10-03 21:30:00,14.5,276.604,"Tue Oct 03 2017",11.71,10.9,14.99,50.27,33.11,0,861,2266
2,2017-10-03 21:45:00,14.75,276.615,"Tue Oct 03 2017",11.31,10.56,14.99,52.19,34.85,0,862,2267
2,2017-10-03 22:00:00,15,276.625,"Tue Oct 03 2017",11.03,10.4,14.99,52.86,34.44,0,862,2268
2,2017-10-03 22:15:00,15.25,276.635,"Tue Oct 03 2017",10.77,10.3,14.99,58.14,36.03,0,862,2269
2,2017-10-03 22:30:00,15.5,276.646,"Tue Oct 03 2017",10.64,10.1,14.99,55.98,37.17,0,862,2270
2,2017-10-03 22:45:00,15.75,276.656,"Tue Oct 03 2017",10.57,10.12,15,58.78,35.56,0,862,2271
2,2017-10-03 23:00:00,16,276.667,"Tue Oct 03 2017",10.49,10.08,15,58.09,36.42,0,862,2272
2,2017-10-03 23:15:00,16.25,276.677,"Tue Oct 03 2017",10.82,10.61,15,56.09,35.43,0,863,2273
2,2017-10-03 23:30:00,16.5,276.688,"Tue Oct 03 2017",11.39,11.15,15.01,51.77,34.44,0,863,2274
2,2017-10-03 23:45:00,16.75,276.698,"Tue Oct 03 2017",11.5,10.95,15.01,55.99,35.19,0,863,2275
2,2017-10-04,17,276.708,"Tue Oct 03 2017",11.05,10.83,15.02,58.91,35.28,0,863,2276
2,2017-10-04 00:15:00,17.25,276.719,"Tue Oct 03 2017",10,10.12,15.02,66.9,36.91,0,863,2277
2,2017-10-04 00:30:00,17.5,276.729,"Tue Oct 03 2017",8.71,10.24,15.03,70.1,34.21,0,863,2278
2,2017-10-04 00:45:00,17.75,276.74,"Tue Oct 03 2017",8.13,10.32,15.04,63.02,33.95,0,863,2279
2,2017-10-04 01:00:00,18,276.75,"Tue Oct 03 2017",8.26,10.37,15.05,60.86,34.21,0,863,2280
2,2017-10-04 01:15:00,18.25,276.76,"Tue Oct 03 2017",8.5,10.51,15.06,58.51,33.46,0,863,2281
2,2017-10-04 01:30:00,18.5,276.771,"Tue Oct 03 2017",8.7,10.56,15.06,56.93,33.25,0,863,2282
2,2017-10-04 01:45:00,18.75,276.781,"Tue Oct 03 2017",8.74,10.36,15.07,57.47,33.44,0,864,2283
2,2017-10-04 02:00:00,19,276.792,"Tue Oct 03 2017",8.31,9.96,15.08,58.5,35.26,0,864,2284
2,2017-10-04 02:15:00,19.25,276.802,"Tue Oct 03 2017",8.03,9.48,15.09,60.34,37.81,0,864,2285
2,2017-10-04 02:30:00,19.5,276.812,"Tue Oct 03 2017",7.82,9.27,15.09,62.44,39.3,0,864,2286
2,2017-10-04 02:45:00,19.75,276.823,"Tue Oct 03 2017",7.77,9.38,15.1,63.11,39.26,0,864,2287
2,2017-10-04 03:00:00,20,276.833,"Tue Oct 03 2017",7.97,9.78,15.1,62.31,37.06,0,864,2288
2,2017-10-04 03:15:00,20.25,276.844,"Tue Oct 03 2017",8.02,9.87,15.11,62.03,36.38,0,864,2289
2,2017-10-04 03:30:00,20.5,276.854,"Tue Oct 03 2017",7.99,9.99,15.11,60.96,35.11,0,864,2290
2,2017-10-04 03:45:00,20.75,276.865,"Tue Oct 03 2017",7.85,9.68,15.11,62,36.84,0,864,2291
2,2017-10-04 04:00:00,21,276.875,"Tue Oct 03 2017",7.45,9.54,15.11,65.13,37.95,0,865,2292
2,2017-10-04 04:15:00,21.25,276.885,"Tue Oct 03 2017",7.5,9.66,15.12,65.06,37.77,0,865,2293
2,2017-10-04 04:30:00,21.5,276.896,"Tue Oct 03 2017",7.35,9.34,15.12,65.93,39.36,0,865,2294
2,2017-10-04 04:45:00,21.75,276.906,"Tue Oct 03 2017",7.58,9.08,15.12,64.47,40.45,0,865,2295
2,2017-10-04 05:00:00,22,276.917,"Tue Oct 03 2017",7.22,8.87,15.12,66.31,41.04,0,865,2296
2,2017-10-04 05:15:00,22.25,276.927,"Tue Oct 03 2017",6.841,9.12,15.11,66.89,38.92,0,865,2297
2,2017-10-04 05:30:00,22.5,276.938,"Tue Oct 03 2017",6.968,9.47,15.11,64.63,36.27,0,865,2298
2,2017-10-04 05:45:00,22.75,276.948,"Tue Oct 03 2017",7.34,9.34,15.11,61.92,36.93,0,865,2299
2,2017-10-04 06:00:00,23,276.958,"Tue Oct 03 2017",7.24,8.9,15.1,63.57,38.1,0,865,2300
2,2017-10-04 06:15:00,23.25,276.969,"Tue Oct 03 2017",7.21,9.76,15.11,61.55,34.04,0,865,2301
2,2017-10-04 06:30:00,23.5,276.979,"Tue Oct 03 2017",7.49,10.22,15.1,59.86,32.37,0,865,2302
2,2017-10-04 06:45:00,23.75,276.99,"Tue Oct 03 2017",7.51,10.41,15.1,59.26,32.21,0,865,2303
2,2017-10-04 07:00:00,0,277,"Wed Oct 04 2017",7.38,10.39,15.09,60.21,32.74,0,865,2304
2,2017-10-04 07:15:00,0.25,277.01,"Wed Oct 04 2017",7.06,10.23,15.08,61.21,33.55,0,865,2305
2,2017-10-04 07:30:00,0.5,277.021,"Wed Oct 04 2017",7.12,9.91,15.07,61.49,34.39,0,865,2306
2,2017-10-04 07:45:00,0.75,277.031,"Wed Oct 04 2017",6.899,9.08,15.06,62.24,36.6,0,865,2307
2,2017-10-04 08:00:00,1,277.042,"Wed Oct 04 2017",6.737,8.79,15.05,62.71,37.5,0,866,2308
2,2017-10-04 08:15:00,1.25,277.052,"Wed Oct 04 2017",6.866,8.5,15.05,61.78,38.42,0,866,2309
2,2017-10-04 08:30:00,1.5,277.062,"Wed Oct 04 2017",6.45,8.28,15.03,63.82,39.25,0,866,2310
2,2017-10-04 08:45:00,1.75,277.073,"Wed Oct 04 2017",6.55,8.65,15.03,63.16,37.78,0,866,2311
2,2017-10-04 09:00:00,2,277.083,"Wed Oct 04 2017",6.473,8.2,15.01,63.45,38.97,0,866,2312
2,2017-10-04 09:15:00,2.25,277.094,"Wed Oct 04 2017",6.474,7.95,15.01,63.13,39.82,0,866,2313
2,2017-10-04 09:30:00,2.5,277.104,"Wed Oct 04 2017",6.589,8.8,14.99,62.31,37.33,0,866,2314
2,2017-10-04 09:45:00,2.75,277.115,"Wed Oct 04 2017",6.658,8.56,14.98,62.06,38.02,0,866,2315
2,2017-10-04 10:00:00,3,277.125,"Wed Oct 04 2017",6.746,8.85,14.96,62.11,37.59,0,866,2316
2,2017-10-04 10:15:00,3.25,277.135,"Wed Oct 04 2017",6.467,8.99,14.95,63.21,37.69,0,866,2317
2,2017-10-04 10:30:00,3.5,277.146,"Wed Oct 04 2017",6.38,9.24,14.93,64.11,36.86,0,867,2318
2,2017-10-04 10:45:00,3.75,277.156,"Wed Oct 04 2017",6.455,9.29,14.91,63.79,36.95,0,867,2319
2,2017-10-04 11:00:00,4,277.167,"Wed Oct 04 2017",6.654,9.8,14.9,63.13,35.77,0,867,2320
2,2017-10-04 11:15:00,4.25,277.177,"Wed Oct 04 2017",6.456,9.11,14.89,64.83,36.89,0,867,2321
2,2017-10-04 11:30:00,4.5,277.188,"Wed Oct 04 2017",6.382,8.86,14.87,64.29,37.54,0,867,2322
2,2017-10-04 11:45:00,4.75,277.198,"Wed Oct 04 2017",6.563,8.6,14.86,63.26,38.46,0,867,2323
2,2017-10-04 12:00:00,5,277.208,"Wed Oct 04 2017",6.561,8.6,14.84,63.36,38.54,0,867,2324
2,2017-10-04 12:15:00,5.25,277.219,"Wed Oct 04 2017",6.48,8.2,14.83,64.25,39.81,0,867,2325
2,2017-10-04 12:30:00,5.5,277.229,"Wed Oct 04 2017",5.995,7.86,14.81,66.44,40.97,0,867,2326
2,2017-10-04 12:45:00,5.75,277.24,"Wed Oct 04 2017",6.241,7.56,14.79,64.74,41.65,0,868,2327
2,2017-10-04 13:00:00,6,277.25,"Wed Oct 04 2017",6.067,7.29,14.77,65.82,42.49,0,868,2328
2,2017-10-04 13:15:00,6.25,277.26,"Wed Oct 04 2017",5.725,7.29,14.76,67.9,42.6,0,868,2329
2,2017-10-04 13:30:00,6.5,277.271,"Wed Oct 04 2017",5.582,7.09,14.74,69.03,43.92,0,868,2330
2,2017-10-04 13:45:00,6.75,277.281,"Wed Oct 04 2017",5.453,7.32,14.72,70.5,43.55,0,868,2331
2,2017-10-04 14:00:00,7,277.292,"Wed Oct 04 2017",5.543,7.74,14.71,71.6,42.58,0,868,2332
2,2017-10-04 14:15:00,7.25,277.302,"Wed Oct 04 2017",5.971,8.02,14.69,71.2,42.24,0,868,2333
2,2017-10-04 14:30:00,7.5,277.312,"Wed Oct 04 2017",7.12,8.44,14.67,68.11,41.6,0,868,2334
2,2017-10-04 14:45:00,7.75,277.323,"Wed Oct 04 2017",7.56,9.03,14.66,67.74,40.16,0,868,2335
2,2017-10-04 15:00:00,8,277.333,"Wed Oct 04 2017",8.08,9.48,14.64,68.79,39.14,0,868,2336
2,2017-10-04 15:15:00,8.25,277.344,"Wed Oct 04 2017",8.46,10.31,14.63,66.75,37.65,0,869,2337
2,2017-10-04 15:30:00,8.5,277.354,"Wed Oct 04 2017",9.55,11,14.6,62.61,35.86,0,869,2338
2,2017-10-04 15:45:00,8.75,277.365,"Wed Oct 04 2017",10.82,12.01,14.59,58.23,33.71,0,869,2339
2,2017-10-04 16:00:00,9,277.375,"Wed Oct 04 2017",10.8,12.6,14.56,57.51,31.2,0,869,2340
2,2017-10-04 16:15:00,9.25,277.385,"Wed Oct 04 2017",10.94,12.98,14.55,57.36,31.09,0,869,2341
2,2017-10-04 16:30:00,9.5,277.396,"Wed Oct 04 2017",11.2,12.5,14.53,58.26,30.68,0,869,2342
2,2017-10-04 16:45:00,9.75,277.406,"Wed Oct 04 2017",11.98,12.59,14.51,56.46,29.65,0,869,2343
2,2017-10-04 17:00:00,10,277.417,"Wed Oct 04 2017",13.3,12.69,14.49,45.08,29.2,0,869,2344
2,2017-10-04 17:15:00,10.25,277.427,"Wed Oct 04 2017",14.85,13.11,14.47,42.86,29.27,0,869,2345
2,2017-10-04 17:30:00,10.5,277.438,"Wed Oct 04 2017",15.19,13.33,14.45,41.84,28.65,0,869,2346
2,2017-10-04 17:45:00,10.75,277.448,"Wed Oct 04 2017",15.76,13.23,14.43,39.31,27.21,0,869,2347
2,2017-10-04 18:00:00,11,277.458,"Wed Oct 04 2017",15.46,13.53,14.42,38.47,26.36,0,869,2348
2,2017-10-04 18:15:00,11.25,277.469,"Wed Oct 04 2017",16,13.45,14.41,37.38,26.7,0,869,2349
2,2017-10-04 18:30:00,11.5,277.479,"Wed Oct 04 2017",16.2,13.75,14.39,37.85,26.02,0,869,2350
2,2017-10-04 18:45:00,11.75,277.49,"Wed Oct 04 2017",15.92,14,14.38,38.61,26.04,0,869,2351
2,2017-10-04 19:00:00,12,277.5,"Wed Oct 04 2017",16.19,14.33,14.36,36.87,24.7,0,869,2352
2,2017-10-04 19:15:00,12.25,277.51,"Wed Oct 04 2017",16.52,14.55,14.35,35.49,23.59,0,869,2353
2,2017-10-04 19:30:00,12.5,277.521,"Wed Oct 04 2017",16.7,14.73,14.34,36.2,25.1,0,868,2354
2,2017-10-04 19:45:00,12.75,277.531,"Wed Oct 04 2017",16.99,14.96,14.32,33.93,22.79,0,868,2355
2,2017-10-04 20:00:00,13,277.542,"Wed Oct 04 2017",16.96,15.28,14.32,36.14,24.52,0,868,2356
2,2017-10-04 20:15:00,13.25,277.552,"Wed Oct 04 2017",17.73,15.3,14.31,33.57,22.54,0,868,2357
2,2017-10-04 20:30:00,13.5,277.562,"Wed Oct 04 2017",17.79,15.52,14.31,35.22,23.75,0,868,2358
2,2017-10-04 20:45:00,13.75,277.573,"Wed Oct 04 2017",17.91,15.74,14.31,34.86,23.98,0,868,2359
2,2017-10-04 21:00:00,14,277.583,"Wed Oct 04 2017",17.36,15.85,14.31,34.66,22.98,0,868,2360
2,2017-10-04 21:15:00,14.25,277.594,"Wed Oct 04 2017",17.96,16.3,14.31,35.22,23.27,0,868,2361
2,2017-10-04 21:30:00,14.5,277.604,"Wed Oct 04 2017",18.59,16.14,14.32,34.53,23.63,0,867,2362
2,2017-10-04 21:45:00,14.75,277.615,"Wed Oct 04 2017",18.08,15.61,14.33,39.17,28.14,0,867,2363
2,2017-10-04 22:00:00,15,277.625,"Wed Oct 04 2017",17.63,15.74,14.34,39.95,28.2,0,867,2364
2,2017-10-04 22:15:00,15.25,277.635,"Wed Oct 04 2017",17.63,15.96,14.34,41.12,28.09,0,867,2365
2,2017-10-04 22:30:00,15.5,277.646,"Wed Oct 04 2017",16.57,15.39,14.36,43.75,29.11,0,867,2366
2,2017-10-04 22:45:00,15.75,277.656,"Wed Oct 04 2017",15.44,15.02,14.37,46.13,29.55,0,867,2367
2,2017-10-04 23:00:00,16,277.667,"Wed Oct 04 2017",15.16,15.15,14.39,47.49,28.94,0,867,2368
2,2017-10-04 23:15:00,16.25,277.677,"Wed Oct 04 2017",14.7,15.3,14.4,48.98,28.75,0,867,2369
2,2017-10-04 23:30:00,16.5,277.688,"Wed Oct 04 2017",14.06,15.09,14.42,49.72,28.79,0,867,2370
2,2017-10-04 23:45:00,16.75,277.698,"Wed Oct 04 2017",13.68,14.82,14.44,50.26,29.22,0,867,2371
2,2017-10-05,17,277.708,"Wed Oct 04 2017",13.32,14.46,14.46,50.28,29.85,0,867,2372
2,2017-10-05 00:15:00,17.25,277.719,"Wed Oct 04 2017",12.87,14.14,14.48,52.57,30.65,0,867,2373
2,2017-10-05 00:30:00,17.5,277.729,"Wed Oct 04 2017",12.46,13.7,14.5,53.49,31.61,0,867,2374
2,2017-10-05 00:45:00,17.75,277.74,"Wed Oct 04 2017",11.89,13.14,14.52,55.13,32.44,0,867,2375
2,2017-10-05 01:00:00,18,277.75,"Wed Oct 04 2017",11.53,12.75,14.53,54.87,32.69,0,867,2376
2,2017-10-05 01:15:00,18.25,277.76,"Wed Oct 04 2017",11.32,12.7,14.55,53.93,32.46,0,867,2377
2,2017-10-05 01:30:00,18.5,277.771,"Wed Oct 04 2017",11.29,12.58,14.57,52.83,32.22,0,867,2378
2,2017-10-05 01:45:00,18.75,277.781,"Wed Oct 04 2017",11.38,12.46,14.59,51.71,32.01,0,867,2379
2,2017-10-05 02:00:00,19,277.792,"Wed Oct 04 2017",11.3,12.36,14.61,51.45,31.92,0,867,2380
2,2017-10-05 02:15:00,19.25,277.802,"Wed Oct 04 2017",11.11,12.28,14.63,51.71,32.01,0,867,2381
2,2017-10-05 02:30:00,19.5,277.812,"Wed Oct 04 2017",11.15,12.39,14.65,51.47,31.68,0,867,2382
2,2017-10-05 02:45:00,19.75,277.823,"Wed Oct 04 2017",11.23,12.61,14.66,51.01,31.04,0,867,2383
2,2017-10-05 03:00:00,20,277.833,"Wed Oct 04 2017",11.13,12.59,14.68,51.13,31.08,0,867,2384
2,2017-10-05 03:15:00,20.25,277.844,"Wed Oct 04 2017",11.18,12.69,14.69,50.81,30.9,0,867,2385
2,2017-10-05 03:30:00,20.5,277.854,"Wed Oct 04 2017",11.22,12.72,14.7,50.75,30.94,0,867,2386
2,2017-10-05 03:45:00,20.75,277.865,"Wed Oct 04 2017",11.4,12.89,14.71,50.44,30.78,0,867,2387
2,2017-10-05 04:00:00,21,277.875,"Wed Oct 04 2017",11.37,12.87,14.72,50.84,30.91,0,867,2388
2,2017-10-05 04:15:00,21.25,277.885,"Wed Oct 04 2017",11.32,12.88,14.73,51.16,30.91,0,867,2389
2,2017-10-05 04:30:00,21.5,277.896,"Wed Oct 04 2017",11.15,12.71,14.74,51.59,31.29,0,867,2390
2,2017-10-05 04:45:00,21.75,277.906,"Wed Oct 04 2017",10.63,12.19,14.75,54.14,32.76,0,867,2391
2,2017-10-05 05:00:00,22,277.917,"Wed Oct 04 2017",9.96,11.81,14.75,57.65,34.66,0,867,2392
2,2017-10-05 05:15:00,22.25,277.927,"Wed Oct 04 2017",9.88,12.71,14.75,58.49,31.8,0,867,2393
2,2017-10-05 05:30:00,22.5,277.938,"Wed Oct 04 2017",10.28,13.2,14.76,55.82,30.3,0,867,2394
2,2017-10-05 05:45:00,22.75,277.948,"Wed Oct 04 2017",9.95,13.02,14.76,57.83,30.87,0,867,2395
2,2017-10-05 06:00:00,23,277.958,"Wed Oct 04 2017",9.61,12.9,14.76,58.56,30.92,0,867,2396
2,2017-10-05 06:15:00,23.25,277.969,"Wed Oct 04 2017",10.23,13.15,14.76,55.25,30.16,0,867,2397
2,2017-10-05 06:30:00,23.5,277.979,"Wed Oct 04 2017",10.57,13.06,14.76,54.23,30.21,0,867,2398
2,2017-10-05 06:45:00,23.75,277.99,"Wed Oct 04 2017",10.34,12.89,14.76,54.17,30.75,0,867,2399
2,2017-10-05 07:00:00,0,278,"Thu Oct 05 2017",10.5,12.79,14.75,53.98,31.07,0,867,2400
2,2017-10-05 07:15:00,0.25,278.01,"Thu Oct 05 2017",10.28,12.65,14.75,55.07,31.47,0,867,2401
2,2017-10-05 07:30:00,0.5,278.021,"Thu Oct 05 2017",10.16,12.61,14.75,55.35,31.56,0,867,2402
2,2017-10-05 07:45:00,0.75,278.031,"Thu Oct 05 2017",10.49,12.56,14.74,54.06,31.67,0,867,2403
2,2017-10-05 08:00:00,1,278.042,"Thu Oct 05 2017",10.43,12.35,14.73,54.51,32.16,0,867,2404
2,2017-10-05 08:15:00,1.25,278.052,"Thu Oct 05 2017",9.89,12.16,14.73,56.13,32.24,0,867,2405
2,2017-10-05 08:30:00,1.5,278.062,"Thu Oct 05 2017",9.73,12.24,14.72,55.77,29.76,0,867,2406
2,2017-10-05 08:45:00,1.75,278.073,"Thu Oct 05 2017",9.79,12.26,14.72,52.55,29.49,0,867,2407
2,2017-10-05 09:00:00,2,278.083,"Thu Oct 05 2017",10.02,12.16,14.71,51.72,29.48,0,867,2408
2,2017-10-05 09:15:00,2.25,278.094,"Thu Oct 05 2017",9.9,12.11,14.7,51.67,28.92,0,867,2409
2,2017-10-05 09:30:00,2.5,278.104,"Thu Oct 05 2017",9.8,12.08,14.69,51.7,27.63,0,867,2410
2,2017-10-05 09:45:00,2.75,278.115,"Thu Oct 05 2017",9.56,12,14.69,52.18,27.22,0,867,2411
2,2017-10-05 10:00:00,3,278.125,"Thu Oct 05 2017",9.29,11.96,14.68,50.95,26.56,0,867,2412
2,2017-10-05 10:15:00,3.25,278.135,"Thu Oct 05 2017",9.53,12.06,14.67,49.09,26.61,0,867,2413
2,2017-10-05 10:30:00,3.5,278.146,"Thu Oct 05 2017",9.34,11.94,14.65,49.63,27.43,0,867,2414
2,2017-10-05 10:45:00,3.75,278.156,"Thu Oct 05 2017",9.14,12.02,14.64,51.23,27.19,0,867,2415
2,2017-10-05 11:00:00,4,278.167,"Thu Oct 05 2017",9.32,12.21,14.63,49.86,25.95,0,867,2416
2,2017-10-05 11:15:00,4.25,278.177,"Thu Oct 05 2017",9.42,11.99,14.62,49.33,26.5,0,867,2417
2,2017-10-05 11:30:00,4.5,278.188,"Thu Oct 05 2017",9.12,11.88,14.61,50.72,26.86,0,867,2418
2,2017-10-05 11:45:00,4.75,278.198,"Thu Oct 05 2017",8.96,11.81,14.6,52.11,27.74,0,867,2419
2,2017-10-05 12:00:00,5,278.208,"Thu Oct 05 2017",8.35,10.98,14.58,56.1,30.96,0,867,2420
2,2017-10-05 12:15:00,5.25,278.219,"Thu Oct 05 2017",7.92,10.25,14.57,59.84,33.24,0,867,2421
2,2017-10-05 12:30:00,5.5,278.229,"Thu Oct 05 2017",7.7,10.22,14.56,60.76,33.36,0,867,2422
2,2017-10-05 12:45:00,5.75,278.24,"Thu Oct 05 2017",8.07,10.31,14.54,58.89,33.25,0,867,2423
2,2017-10-05 13:00:00,6,278.25,"Thu Oct 05 2017",8.25,10.16,14.53,58.16,33.53,0,867,2424
2,2017-10-05 13:15:00,6.25,278.26,"Thu Oct 05 2017",8.19,10.42,14.52,58.07,32.6,0,867,2425
2,2017-10-05 13:30:00,6.5,278.271,"Thu Oct 05 2017",8.31,10.58,14.5,57.75,32.2,0,867,2426
2,2017-10-05 13:45:00,6.75,278.281,"Thu Oct 05 2017",8.7,10.78,14.48,56.91,31.76,0,867,2427
2,2017-10-05 14:00:00,7,278.292,"Thu Oct 05 2017",9.12,10.88,14.47,56.9,32.05,0,867,2428
2,2017-10-05 14:15:00,7.25,278.302,"Thu Oct 05 2017",9.56,11.01,14.46,56.26,32.32,0,867,2429
2,2017-10-05 14:30:00,7.5,278.312,"Thu Oct 05 2017",10.1,11.32,14.44,55.72,32.5,0,867,2430
2,2017-10-05 14:45:00,7.75,278.323,"Thu Oct 05 2017",9.98,11.56,14.43,58.58,32.83,0,867,2431
2,2017-10-05 15:00:00,8,278.333,"Thu Oct 05 2017",10.14,12,14.41,61.54,33.2,0,867,2432
2,2017-10-05 15:15:00,8.25,278.344,"Thu Oct 05 2017",10.41,12.37,14.4,62.96,32.86,0,867,2433
2,2017-10-05 15:30:00,8.5,278.354,"Thu Oct 05 2017",11.24,13.16,14.38,59.29,32.92,0,867,2434
2,2017-10-05 15:45:00,8.75,278.365,"Thu Oct 05 2017",12.68,13.87,14.38,55.63,29.77,0,867,2435
2,2017-10-05 16:00:00,9,278.375,"Thu Oct 05 2017",12.54,14.67,14.36,55.87,28.62,0,868,2436
2,2017-10-05 16:15:00,9.25,278.385,"Thu Oct 05 2017",12.86,15.43,14.35,49.79,25.71,0,868,2437
2,2017-10-05 16:30:00,9.5,278.396,"Thu Oct 05 2017",13.59,15.58,14.33,49.99,26.01,0,868,2438
2,2017-10-05 16:45:00,9.75,278.406,"Thu Oct 05 2017",14.47,15.7,14.31,42.97,23.92,0,867,2439
2,2017-10-05 17:00:00,10,278.417,"Thu Oct 05 2017",16.11,16.33,14.29,40.85,22.94,0,867,2440
2,2017-10-05 17:15:00,10.25,278.427,"Thu Oct 05 2017",17.02,16.47,14.28,33.8,20.46,0,867,2441
2,2017-10-05 17:30:00,10.5,278.438,"Thu Oct 05 2017",18.03,16.3,14.26,34,21.08,0,867,2442
2,2017-10-05 17:45:00,10.75,278.448,"Thu Oct 05 2017",18.13,16.09,14.24,33.32,19.98,0,867,2443
2,2017-10-05 18:00:00,11,278.458,"Thu Oct 05 2017",18.62,16.32,14.23,34.03,21.12,0,867,2444
2,2017-10-05 18:15:00,11.25,278.469,"Thu Oct 05 2017",19.06,16.35,14.22,34.8,23.12,0,867,2445
2,2017-10-05 18:30:00,11.5,278.479,"Thu Oct 05 2017",18.57,15.96,14.21,35.76,24.64,0,867,2446
2,2017-10-05 18:45:00,11.75,278.49,"Thu Oct 05 2017",18.49,16.42,14.19,36.61,24.88,0,867,2447
2,2017-10-05 19:00:00,12,278.5,"Thu Oct 05 2017",18.69,16.55,14.18,37.43,24.94,0,867,2448
2,2017-10-05 19:15:00,12.25,278.51,"Thu Oct 05 2017",18.45,16.7,14.16,36.2,23.67,0,867,2449
2,2017-10-05 19:30:00,12.5,278.521,"Thu Oct 05 2017",19.14,17.31,14.15,36.22,23.65,0,866,2450
2,2017-10-05 19:45:00,12.75,278.531,"Thu Oct 05 2017",19.85,17.43,14.15,34.27,23.03,0,866,2451
2,2017-10-05 20:00:00,13,278.542,"Thu Oct 05 2017",20.01,17.37,14.14,34.18,23.06,0,866,2452
2,2017-10-05 20:15:00,13.25,278.552,"Thu Oct 05 2017",19.68,17.1,14.14,34.29,23.52,0,866,2453
2,2017-10-05 20:30:00,13.5,278.562,"Thu Oct 05 2017",19.45,16.85,14.13,34.71,23.61,0,866,2454
2,2017-10-05 20:45:00,13.75,278.573,"Thu Oct 05 2017",19.55,17.31,14.13,35.11,23.75,0,866,2455
2,2017-10-05 21:00:00,14,278.583,"Thu Oct 05 2017",19.32,17.15,14.14,34.25,23.22,0,866,2456
2,2017-10-05 21:15:00,14.25,278.594,"Thu Oct 05 2017",19.35,17.27,14.14,34.08,22.86,0,866,2457
2,2017-10-05 21:30:00,14.5,278.604,"Thu Oct 05 2017",19.67,17.66,14.15,35.53,22.56,0,866,2458
2,2017-10-05 21:45:00,14.75,278.615,"Thu Oct 05 2017",19.62,17.61,14.16,34.52,22.57,0,866,2459
2,2017-10-05 22:00:00,15,278.625,"Thu Oct 05 2017",19.55,17.7,14.17,35.72,22.93,0,866,2460
2,2017-10-05 22:15:00,15.25,278.635,"Thu Oct 05 2017",19.44,17.85,14.19,35.94,23.19,0,866,2461
2,2017-10-05 22:30:00,15.5,278.646,"Thu Oct 05 2017",18.36,17.86,14.2,38.3,23.35,0,866,2462
2,2017-10-05 22:45:00,15.75,278.656,"Thu Oct 05 2017",17.65,17.8,14.21,39.8,23.42,0,866,2463
2,2017-10-05 23:00:00,16,278.667,"Thu Oct 05 2017",17.13,17.39,14.23,41.22,23.69,0,866,2464
2,2017-10-05 23:15:00,16.25,278.677,"Thu Oct 05 2017",16.69,17.55,14.24,44.1,24.83,0,866,2465
2,2017-10-05 23:30:00,16.5,278.688,"Thu Oct 05 2017",16.18,17.12,14.26,45.82,25.44,0,866,2466
2,2017-10-05 23:45:00,16.75,278.698,"Thu Oct 05 2017",15.61,16.6,14.28,46.32,26.29,0,866,2467
2,2017-10-06,17,278.708,"Thu Oct 05 2017",15.11,16.12,14.31,48.09,27.6,0,866,2468
2,2017-10-06 00:15:00,17.25,278.719,"Thu Oct 05 2017",14.37,15.69,14.33,50.47,28.47,0,866,2469
2,2017-10-06 00:30:00,17.5,278.729,"Thu Oct 05 2017",13.81,15.22,14.35,51.42,29.22,0,866,2470
2,2017-10-06 00:45:00,17.75,278.74,"Thu Oct 05 2017",13.36,14.84,14.37,51.78,29.58,0,867,2471
2,2017-10-06 01:00:00,18,278.75,"Thu Oct 05 2017",12.89,14.54,14.39,51.73,29.9,0,867,2472
2,2017-10-06 01:15:00,18.25,278.76,"Thu Oct 05 2017",12.63,14.45,14.41,51.56,30.24,0,867,2473
2,2017-10-06 01:30:00,18.5,278.771,"Thu Oct 05 2017",12.62,14.48,14.43,51.16,30.58,0,867,2474
2,2017-10-06 01:45:00,18.75,278.781,"Thu Oct 05 2017",12.96,14.39,14.45,50.84,31.33,0,867,2475
2,2017-10-06 02:00:00,19,278.792,"Thu Oct 05 2017",12.89,14.28,14.47,51.71,31.99,0,867,2476
2,2017-10-06 02:15:00,19.25,278.802,"Thu Oct 05 2017",12.68,14.32,14.48,53.07,32.3,0,867,2477
2,2017-10-06 02:30:00,19.5,278.812,"Thu Oct 05 2017",12.05,14.41,14.51,55.25,32.26,0,867,2478
2,2017-10-06 02:45:00,19.75,278.823,"Thu Oct 05 2017",11.97,14.45,14.52,55.11,31.72,0,867,2479
2,2017-10-06 03:00:00,20,278.833,"Thu Oct 05 2017",12.18,14.49,14.54,54.34,31.32,0,867,2480
2,2017-10-06 03:15:00,20.25,278.844,"Thu Oct 05 2017",12.08,14.41,14.55,54.77,31.41,0,867,2481
2,2017-10-06 03:30:00,20.5,278.854,"Thu Oct 05 2017",11.68,14.2,14.57,56.61,31.78,0,867,2482
2,2017-10-06 03:45:00,20.75,278.865,"Thu Oct 05 2017",11.75,14.72,14.58,55.99,29.87,0,867,2483
2,2017-10-06 04:00:00,21,278.875,"Thu Oct 05 2017",12.19,14.86,14.6,53.21,29.39,0,867,2484
2,2017-10-06 04:15:00,21.25,278.885,"Thu Oct 05 2017",12.2,15.05,14.61,53.44,28.83,0,867,2485
2,2017-10-06 04:30:00,21.5,278.896,"Thu Oct 05 2017",11.91,14.98,14.62,54.87,28.45,0,867,2486
2,2017-10-06 04:45:00,21.75,278.906,"Thu Oct 05 2017",11.8,15.03,14.63,55.44,27.02,0,867,2487
2,2017-10-06 05:00:00,22,278.917,"Thu Oct 05 2017",11.52,14.71,14.63,54.96,27.02,0,867,2488
2,2017-10-06 05:15:00,22.25,278.927,"Thu Oct 05 2017",11.5,14.52,14.63,53.16,26.43,0,867,2489
2,2017-10-06 05:30:00,22.5,278.938,"Thu Oct 05 2017",11.67,14.67,14.64,51.42,24.9,0,867,2490
2,2017-10-06 05:45:00,22.75,278.948,"Thu Oct 05 2017",11.73,14.79,14.64,49.5,23.92,0,867,2491
2,2017-10-06 06:00:00,23,278.958,"Thu Oct 05 2017",11.64,14.86,14.65,49.76,23.35,0,867,2492
2,2017-10-06 06:15:00,23.25,278.969,"Thu Oct 05 2017",11.53,14.9,14.65,48.7,23.08,0,867,2493
2,2017-10-06 06:30:00,23.5,278.979,"Thu Oct 05 2017",11.98,14.91,14.65,45.97,22.84,0,868,2494
2,2017-10-06 06:45:00,23.75,278.99,"Thu Oct 05 2017",12.09,15,14.65,45.82,22.28,0,868,2495
2,2017-10-06 07:00:00,0,279,"Fri Oct 06 2017",12.15,15.13,14.66,44.95,21.54,0,868,2496
2,2017-10-06 07:15:00,0.25,279.01,"Fri Oct 06 2017",12.09,15,14.65,44.96,21.39,0,868,2497
2,2017-10-06 07:30:00,0.5,279.021,"Fri Oct 06 2017",11.73,14.79,14.65,46.15,21.52,0,868,2498
2,2017-10-06 07:45:00,0.75,279.031,"Fri Oct 06 2017",11.67,14.74,14.65,45.53,21.26,0,868,2499
2,2017-10-06 08:00:00,1,279.042,"Fri Oct 06 2017",11.69,14.63,14.65,44.92,21.37,0,868,2500
2,2017-10-06 08:15:00,1.25,279.052,"Fri Oct 06 2017",11.94,14.62,14.64,42.5,21.33,0,868,2501
2,2017-10-06 08:30:00,1.5,279.062,"Fri Oct 06 2017",12.12,14.51,14.64,41.85,21.77,0,868,2502
2,2017-10-06 08:45:00,1.75,279.073,"Fri Oct 06 2017",12.41,14.44,14.63,40.84,22.2,0,868,2503
2,2017-10-06 09:00:00,2,279.083,"Fri Oct 06 2017",12,14.32,14.63,43.65,22.78,0,868,2504
2,2017-10-06 09:15:00,2.25,279.094,"Fri Oct 06 2017",11.69,14.26,14.62,44.46,22.89,0,868,2505
2,2017-10-06 09:30:00,2.5,279.104,"Fri Oct 06 2017",11.69,14.24,14.62,43.98,22.71,0,868,2506
2,2017-10-06 09:45:00,2.75,279.115,"Fri Oct 06 2017",12.05,14.32,14.61,42.61,22.38,0,868,2507
2,2017-10-06 10:00:00,3,279.125,"Fri Oct 06 2017",11.89,14.38,14.6,42.6,22.11,0,868,2508
2,2017-10-06 10:15:00,3.25,279.135,"Fri Oct 06 2017",12.34,14.47,14.59,40.15,21.45,0,868,2509
2,2017-10-06 10:30:00,3.5,279.146,"Fri Oct 06 2017",12.58,14.47,14.58,39.17,21.16,0,868,2510
2,2017-10-06 10:45:00,3.75,279.156,"Fri Oct 06 2017",12.56,14.54,14.58,38.99,20.74,0,868,2511
2,2017-10-06 11:00:00,4,279.167,"Fri Oct 06 2017",12.58,14.79,14.57,38.89,19.97,0,868,2512
2,2017-10-06 11:15:00,4.25,279.177,"Fri Oct 06 2017",12.67,15.17,14.56,38.06,19.03,0,868,2513
2,2017-10-06 11:30:00,4.5,279.188,"Fri Oct 06 2017",12.66,15.19,14.55,38.19,19.04,0,868,2514
2,2017-10-06 11:45:00,4.75,279.198,"Fri Oct 06 2017",12.24,15.09,14.54,39.29,18.99,0,868,2515
2,2017-10-06 12:00:00,5,279.208,"Fri Oct 06 2017",12.47,15.73,14.53,38.16,17.23,0,868,2516
2,2017-10-06 12:15:00,5.25,279.219,"Fri Oct 06 2017",13.47,15.92,14.52,34.78,16.67,0,868,2517
2,2017-10-06 12:30:00,5.5,279.229,"Fri Oct 06 2017",14,16.1,14.51,33.2,16.17,0,868,2518
2,2017-10-06 12:45:00,5.75,279.24,"Fri Oct 06 2017",14.17,16.12,14.49,32.54,16.07,0,868,2519
2,2017-10-06 13:00:00,6,279.25,"Fri Oct 06 2017",14.06,15.84,14.48,32.77,16.6,0,868,2520
2,2017-10-06 13:15:00,6.25,279.26,"Fri Oct 06 2017",13.87,15.75,14.47,33.8,16.71,0,868,2521
2,2017-10-06 13:30:00,6.5,279.271,"Fri Oct 06 2017",13.33,15.61,14.46,35.56,16.99,0,868,2522
2,2017-10-06 13:45:00,6.75,279.281,"Fri Oct 06 2017",12.78,15.42,14.44,38.15,17.85,0,868,2523
2,2017-10-06 14:00:00,7,279.292,"Fri Oct 06 2017",12.62,15.62,14.43,40.1,17.82,0,868,2524
2,2017-10-06 14:15:00,7.25,279.302,"Fri Oct 06 2017",12.61,15.97,14.42,43.54,17.71,0,868,2525
2,2017-10-06 14:30:00,7.5,279.312,"Fri Oct 06 2017",13.26,16.33,14.4,41.56,17.56,0,869,2526
2,2017-10-06 14:45:00,7.75,279.323,"Fri Oct 06 2017",14.09,16.92,14.39,41.96,16.91,0,869,2527
2,2017-10-06 15:00:00,8,279.333,"Fri Oct 06 2017",14.77,17.34,14.38,41.75,17,0,869,2528
2,2017-10-06 15:15:00,8.25,279.344,"Fri Oct 06 2017",15.21,17.89,14.36,40.16,16.78,0,869,2529
2,2017-10-06 15:30:00,8.5,279.354,"Fri Oct 06 2017",16.3,18.45,14.35,39.06,16.31,0,869,2530
2,2017-10-06 15:45:00,8.75,279.365,"Fri Oct 06 2017",17.29,18.74,14.34,31.3,14.37,0,869,2531
2,2017-10-06 16:00:00,9,279.375,"Fri Oct 06 2017",17.04,18.98,14.33,33.37,14.81,0,869,2532
2,2017-10-06 16:15:00,9.25,279.385,"Fri Oct 06 2017",17.05,19,14.31,32.71,14.54,0,869,2533
2,2017-10-06 16:30:00,9.5,279.396,"Fri Oct 06 2017",17.85,19.25,14.3,34.34,15.62,0,869,2534
2,2017-10-06 16:45:00,9.75,279.406,"Fri Oct 06 2017",18.29,19.47,14.29,35.01,15.31,0,869,2535
2,2017-10-06 17:00:00,10,279.417,"Fri Oct 06 2017",19.92,19.89,14.28,29.75,14.6,0,869,2536
2,2017-10-06 17:15:00,10.25,279.427,"Fri Oct 06 2017",21.19,19.68,14.26,33.4,20.15,0,869,2537
2,2017-10-06 17:30:00,10.5,279.438,"Fri Oct 06 2017",21.94,19.63,14.26,31.95,18.01,0,869,2538
2,2017-10-06 17:45:00,10.75,279.448,"Fri Oct 06 2017",22.63,20.05,14.24,29.92,16.37,0,869,2539
2,2017-10-06 18:00:00,11,279.458,"Fri Oct 06 2017",23.1,20.5,14.23,29.3,16.06,0,869,2540
2,2017-10-06 18:15:00,11.25,279.469,"Fri Oct 06 2017",22.94,20.64,14.22,27.48,15.41,0,869,2541
2,2017-10-06 18:30:00,11.5,279.479,"Fri Oct 06 2017",22.46,20.73,14.21,28.9,16.01,0,869,2542
2,2017-10-06 18:45:00,11.75,279.49,"Fri Oct 06 2017",22.7,21.33,14.19,27.9,15.82,0,869,2543
2,2017-10-06 19:00:00,12,279.5,"Fri Oct 06 2017",23.34,21.54,14.19,29.21,16.46,0,869,2544
2,2017-10-06 19:15:00,12.25,279.51,"Fri Oct 06 2017",23.21,21.91,14.18,27.3,15.22,0,869,2545
2,2017-10-06 19:30:00,12.5,279.521,"Fri Oct 06 2017",23.53,22.14,14.17,26.97,14.74,0,869,2546
2,2017-10-06 19:45:00,12.75,279.531,"Fri Oct 06 2017",24.61,22.71,14.17,26.42,13.96,0,868,2547
2,2017-10-06 20:00:00,13,279.542,"Fri Oct 06 2017",25.17,22.7,14.16,24.76,13.89,0,868,2548
2,2017-10-06 20:15:00,13.25,279.552,"Fri Oct 06 2017",25.27,23.04,14.16,25.85,14.01,0,868,2549
2,2017-10-06 20:30:00,13.5,279.562,"Fri Oct 06 2017",25.21,22.82,14.16,25.03,13.72,0,868,2550
2,2017-10-06 20:45:00,13.75,279.573,"Fri Oct 06 2017",24.79,22.79,14.18,24.96,13.72,0,868,2551
2,2017-10-06 21:00:00,14,279.583,"Fri Oct 06 2017",24.59,22.89,14.17,26.76,14.13,0,868,2552
2,2017-10-06 21:15:00,14.25,279.594,"Fri Oct 06 2017",24.88,22.96,14.18,25.36,14.1,0,868,2553
2,2017-10-06 21:30:00,14.5,279.604,"Fri Oct 06 2017",25.31,23.17,14.19,27.74,14.46,0,868,2554
2,2017-10-06 21:45:00,14.75,279.615,"Fri Oct 06 2017",24.92,23.08,14.21,28.55,14.69,0,868,2555
2,2017-10-06 22:00:00,15,279.625,"Fri Oct 06 2017",24.5,23.14,14.21,28.09,14.78,0,868,2556
2,2017-10-06 22:15:00,15.25,279.635,"Fri Oct 06 2017",24.28,23,14.24,28.95,15.5,0,868,2557
2,2017-10-06 22:30:00,15.5,279.646,"Fri Oct 06 2017",23.12,22.74,14.24,30.68,15.99,0,868,2558
2,2017-10-06 22:45:00,15.75,279.656,"Fri Oct 06 2017",22.52,22.97,14.27,32.75,16.08,0,868,2559
2,2017-10-06 23:00:00,16,279.667,"Fri Oct 06 2017",22.19,22.8,14.28,34.43,18.2,0,868,2560
2,2017-10-06 23:15:00,16.25,279.677,"Fri Oct 06 2017",21.48,22.45,14.3,36.03,19.2,0,868,2561
2,2017-10-06 23:30:00,16.5,279.688,"Fri Oct 06 2017",20.79,22.34,14.32,38.32,19.32,0,868,2562
2,2017-10-06 23:45:00,16.75,279.698,"Fri Oct 06 2017",20.09,22.36,14.35,40.01,19.05,0,868,2563
2,2017-10-07,17,279.708,"Fri Oct 06 2017",19.62,22.23,14.36,40.18,20.38,0,868,2564
2,2017-10-07 00:15:00,17.25,279.719,"Fri Oct 06 2017",18.92,21.49,14.39,42.99,20.81,0,868,2565
2,2017-10-07 00:30:00,17.5,279.729,"Fri Oct 06 2017",18.21,20.54,14.41,43.94,20.66,0,868,2566
2,2017-10-07 00:45:00,17.75,279.74,"Fri Oct 06 2017",17.46,19.67,14.44,43.62,20.94,0,868,2567
2,2017-10-07 01:00:00,18,279.75,"Fri Oct 06 2017",16.75,19.85,14.46,43.35,20.36,0,868,2568
2,2017-10-07 01:15:00,18.25,279.76,"Fri Oct 06 2017",16.58,21.03,14.49,41.87,18.64,0,868,2569
2,2017-10-07 01:30:00,18.5,279.771,"Fri Oct 06 2017",16,19.87,14.51,42.96,20.2,0,868,2570
2,2017-10-07 01:45:00,18.75,279.781,"Fri Oct 06 2017",15.67,19.5,14.54,41.95,21.14,0,868,2571
2,2017-10-07 02:00:00,19,279.792,"Fri Oct 06 2017",15.97,19.21,14.55,41.09,21.76,0,868,2572
2,2017-10-07 02:15:00,19.25,279.802,"Fri Oct 06 2017",15.99,17.98,14.57,41.28,23.95,0,868,2573
2,2017-10-07 02:30:00,19.5,279.812,"Fri Oct 06 2017",15.74,17.98,14.6,42.62,23.87,0,868,2574
2,2017-10-07 02:45:00,19.75,279.823,"Fri Oct 06 2017",15.59,17.8,14.62,43.86,26.39,0,868,2575
2,2017-10-07 03:00:00,20,279.833,"Fri Oct 06 2017",15.88,17.79,14.63,45.13,26.66,0,868,2576
2,2017-10-07 03:15:00,20.25,279.844,"Fri Oct 06 2017",15.64,17.59,14.65,46.35,26.75,0,868,2577
2,2017-10-07 03:30:00,20.5,279.854,"Fri Oct 06 2017",15.4,17.32,14.67,47.38,27.55,0,868,2578
2,2017-10-07 03:45:00,20.75,279.865,"Fri Oct 06 2017",15.01,17.66,14.68,48.55,26.28,0,868,2579
2,2017-10-07 04:00:00,21,279.875,"Fri Oct 06 2017",15.37,18.61,14.7,46.41,23.18,0,868,2580
2,2017-10-07 04:15:00,21.25,279.885,"Fri Oct 06 2017",16.02,19.36,14.71,42.68,21.61,0,868,2581
2,2017-10-07 04:30:00,21.5,279.896,"Fri Oct 06 2017",16.31,19.63,14.72,41.79,20.99,0,868,2582
2,2017-10-07 04:45:00,21.75,279.906,"Fri Oct 06 2017",16.27,19.58,14.73,41.76,20.88,0,868,2583
2,2017-10-07 05:00:00,22,279.917,"Fri Oct 06 2017",16.11,19.81,14.74,41.93,20.48,0,868,2584
2,2017-10-07 05:15:00,22.25,279.927,"Fri Oct 06 2017",16.15,19.95,14.75,41.44,19.99,0,868,2585
2,2017-10-07 05:30:00,22.5,279.938,"Fri Oct 06 2017",16.09,19.49,14.76,41.35,20.58,0,868,2586
2,2017-10-07 05:45:00,22.75,279.948,"Fri Oct 06 2017",16.43,19.51,14.77,40.12,20.34,0,868,2587
2,2017-10-07 06:00:00,23,279.958,"Fri Oct 06 2017",16.49,19.74,14.77,39.94,20.23,0,868,2588
2,2017-10-07 06:15:00,23.25,279.969,"Fri Oct 06 2017",16.48,19.39,14.78,39.89,21.33,0,868,2589
2,2017-10-07 06:30:00,23.5,279.979,"Fri Oct 06 2017",16.28,18.85,14.78,40.42,22.01,0,868,2590
2,2017-10-07 06:45:00,23.75,279.99,"Fri Oct 06 2017",15.55,18.18,14.78,42.82,23.18,0,868,2591
2,2017-10-07 07:00:00,0,280,"Sat Oct 07 2017",15.35,18.51,14.78,43.3,22.77,0,868,2592
2,2017-10-07 07:15:00,0.25,280.01,"Sat Oct 07 2017",15.42,18.72,14.78,43.23,22.48,0,867,2593
2,2017-10-07 07:30:00,0.5,280.021,"Sat Oct 07 2017",15.51,18.84,14.79,42.6,21.96,0,867,2594
2,2017-10-07 07:45:00,0.75,280.031,"Sat Oct 07 2017",15.57,18.72,14.79,42.64,22.74,0,867,2595
2,2017-10-07 08:00:00,1,280.042,"Sat Oct 07 2017",15.7,18.75,14.79,43.07,22.61,0,867,2596
2,2017-10-07 08:15:00,1.25,280.052,"Sat Oct 07 2017",15.67,18.9,14.78,43.12,22.52,0,867,2597
2,2017-10-07 08:30:00,1.5,280.062,"Sat Oct 07 2017",15.48,18.84,14.78,43.76,22.7,0,867,2598
2,2017-10-07 08:45:00,1.75,280.073,"Sat Oct 07 2017",15.51,18.84,14.78,43.62,22.63,0,867,2599
2,2017-10-07 09:00:00,2,280.083,"Sat Oct 07 2017",15.59,18.6,14.78,43.77,23.09,0,867,2600
2,2017-10-07 09:15:00,2.25,280.094,"Sat Oct 07 2017",15.69,18.26,14.78,43.2,23.58,0,867,2601
2,2017-10-07 09:30:00,2.5,280.104,"Sat Oct 07 2017",15.71,18.15,14.77,43.17,23.93,0,867,2602
2,2017-10-07 09:45:00,2.75,280.115,"Sat Oct 07 2017",15.62,17.95,14.77,43.55,24.65,0,867,2603
2,2017-10-07 10:00:00,3,280.125,"Sat Oct 07 2017",15.59,17.81,14.76,44.1,25.13,0,867,2604
2,2017-10-07 10:15:00,3.25,280.135,"Sat Oct 07 2017",15.43,17.89,14.76,44.86,24.95,0,867,2605
2,2017-10-07 10:30:00,3.5,280.146,"Sat Oct 07 2017",15,17.77,14.75,46.79,25.16,0,867,2606
2,2017-10-07 10:45:00,3.75,280.156,"Sat Oct 07 2017",14.78,17.98,14.75,46.71,25.19,0,867,2607
2,2017-10-07 11:00:00,4,280.167,"Sat Oct 07 2017",15.32,17.89,14.74,45.65,25.35,0,867,2608
2,2017-10-07 11:15:00,4.25,280.177,"Sat Oct 07 2017",15.43,17.74,14.73,45.08,25.23,0,867,2609
2,2017-10-07 11:30:00,4.5,280.188,"Sat Oct 07 2017",15.1,17.49,14.72,46.08,25.32,0,867,2610
2,2017-10-07 11:45:00,4.75,280.198,"Sat Oct 07 2017",14.73,17.08,14.72,46.76,25.56,0,867,2611
2,2017-10-07 12:00:00,5,280.208,"Sat Oct 07 2017",14.25,16.49,14.71,47.44,26.25,0,867,2612
2,2017-10-07 12:15:00,5.25,280.219,"Sat Oct 07 2017",14.05,16.42,14.7,47.37,26.06,0,866,2613
2,2017-10-07 12:30:00,5.5,280.229,"Sat Oct 07 2017",13.8,16.35,14.69,47.94,26.06,0,866,2614
2,2017-10-07 12:45:00,5.75,280.24,"Sat Oct 07 2017",13.92,16.52,14.68,47,25.15,0,866,2615
2,2017-10-07 13:00:00,6,280.25,"Sat Oct 07 2017",14.01,16.36,14.68,46.32,24.84,0,866,2616
2,2017-10-07 13:15:00,6.25,280.26,"Sat Oct 07 2017",13.83,16.36,14.67,46.51,24.11,0,866,2617
2,2017-10-07 13:30:00,6.5,280.271,"Sat Oct 07 2017",13.87,16.59,14.66,45.18,23.07,0,866,2618
2,2017-10-07 13:45:00,6.75,280.281,"Sat Oct 07 2017",14.07,17.36,14.65,44.49,21.03,0,866,2619
2,2017-10-07 14:00:00,7,280.292,"Sat Oct 07 2017",14.3,17.22,14.64,45.32,21.95,0,866,2620
2,2017-10-07 14:15:00,7.25,280.302,"Sat Oct 07 2017",14.16,17.17,14.63,48.59,21.98,0,866,2621
2,2017-10-07 14:30:00,7.5,280.312,"Sat Oct 07 2017",14.33,17.37,14.62,48.24,21.91,0,866,2622
2,2017-10-07 14:45:00,7.75,280.323,"Sat Oct 07 2017",14.89,18.05,14.61,47.42,21.07,0,866,2623
2,2017-10-07 15:00:00,8,280.333,"Sat Oct 07 2017",15.75,18.92,14.6,46.55,20.19,0,866,2624
2,2017-10-07 15:15:00,8.25,280.344,"Sat Oct 07 2017",16.55,19.64,14.59,46.33,19.64,0,866,2625
2,2017-10-07 15:30:00,8.5,280.354,"Sat Oct 07 2017",17.42,20.37,14.58,44.71,19.72,0,866,2626
2,2017-10-07 15:45:00,8.75,280.365,"Sat Oct 07 2017",18.22,21.08,14.57,37.79,16.23,0,866,2627
2,2017-10-07 16:00:00,9,280.375,"Sat Oct 07 2017",18.53,20.97,14.56,36.93,16.35,0,867,2628
2,2017-10-07 16:15:00,9.25,280.385,"Sat Oct 07 2017",18.75,20.82,14.55,35.9,15.91,0,866,2629
2,2017-10-07 16:30:00,9.5,280.396,"Sat Oct 07 2017",19.49,20.87,14.55,34.53,16.43,0,866,2630
2,2017-10-07 16:45:00,9.75,280.406,"Sat Oct 07 2017",20.19,20.84,14.54,36.81,18.93,0,866,2631
2,2017-10-07 17:00:00,10,280.417,"Sat Oct 07 2017",21.19,20.62,14.53,33.03,16.82,0,866,2632
2,2017-10-07 17:15:00,10.25,280.427,"Sat Oct 07 2017",22.51,21.12,14.52,30.06,15.96,0,866,2633
2,2017-10-07 17:30:00,10.5,280.438,"Sat Oct 07 2017",22.92,20.98,14.51,29.43,17.02,0,866,2634
2,2017-10-07 17:45:00,10.75,280.448,"Sat Oct 07 2017",23.11,21,14.49,31.13,18.11,0,866,2635
2,2017-10-07 18:00:00,11,280.458,"Sat Oct 07 2017",22.94,21.09,14.48,30.52,18.26,0,866,2636
2,2017-10-07 18:15:00,11.25,280.469,"Sat Oct 07 2017",23.42,21.3,14.47,30.23,18.59,0,866,2637
2,2017-10-07 18:30:00,11.5,280.479,"Sat Oct 07 2017",23.5,21.42,14.46,31.15,19.5,0,866,2638
2,2017-10-07 18:45:00,11.75,280.49,"Sat Oct 07 2017",23.37,21.47,14.46,32.18,20.1,0,865,2639
2,2017-10-07 19:00:00,12,280.5,"Sat Oct 07 2017",23.35,21.34,14.45,30.72,18.95,0,865,2640
2,2017-10-07 19:15:00,12.25,280.51,"Sat Oct 07 2017",23.09,21.55,14.45,30.96,18.43,0,865,2641
2,2017-10-07 19:30:00,12.5,280.521,"Sat Oct 07 2017",23.5,21.82,14.44,30.92,18.47,0,865,2642
2,2017-10-07 19:45:00,12.75,280.531,"Sat Oct 07 2017",24.03,21.69,14.44,30.56,19.27,0,865,2643
2,2017-10-07 20:00:00,13,280.542,"Sat Oct 07 2017",24.42,22.11,14.43,30.73,19.19,0,865,2644
2,2017-10-07 20:15:00,13.25,280.552,"Sat Oct 07 2017",24.37,21.94,14.43,29.53,18.62,0,864,2645
2,2017-10-07 20:30:00,13.5,280.562,"Sat Oct 07 2017",24.46,21.99,14.43,29.62,18.42,0,864,2646
2,2017-10-07 20:45:00,13.75,280.573,"Sat Oct 07 2017",24.45,22.08,14.44,29.68,17.94,0,864,2647
2,2017-10-07 21:00:00,14,280.583,"Sat Oct 07 2017",23.52,21.69,14.44,30.36,18.36,0,864,2648
2,2017-10-07 21:15:00,14.25,280.594,"Sat Oct 07 2017",23.75,21.94,14.45,30.07,18.2,0,864,2649
2,2017-10-07 21:30:00,14.5,280.604,"Sat Oct 07 2017",23.84,21.92,14.45,30.16,18.26,0,864,2650
2,2017-10-07 21:45:00,14.75,280.615,"Sat Oct 07 2017",23.35,21.77,14.46,30.79,18.42,0,864,2651
2,2017-10-07 22:00:00,15,280.625,"Sat Oct 07 2017",23.27,21.58,14.48,30.4,18.01,0,864,2652
2,2017-10-07 22:15:00,15.25,280.635,"Sat Oct 07 2017",23.08,21.33,14.5,29.61,17.63,0,864,2653
2,2017-10-07 22:30:00,15.5,280.646,"Sat Oct 07 2017",21.9,21.25,14.51,31.12,17.98,0,864,2654
2,2017-10-07 22:45:00,15.75,280.656,"Sat Oct 07 2017",21.29,21.29,14.53,32.87,17.92,0,864,2655
2,2017-10-07 23:00:00,16,280.667,"Sat Oct 07 2017",20.68,21.2,14.54,35.03,18.66,0,863,2656
2,2017-10-07 23:15:00,16.25,280.677,"Sat Oct 07 2017",20.21,20.89,14.56,35.45,18.64,0,863,2657
2,2017-10-07 23:30:00,16.5,280.688,"Sat Oct 07 2017",19.65,20.87,14.58,35.9,18.94,0,863,2658
2,2017-10-07 23:45:00,16.75,280.698,"Sat Oct 07 2017",19.14,20.79,14.61,38.31,20.13,0,863,2659
2,2017-10-08,17,280.708,"Sat Oct 07 2017",18.44,20.48,14.62,39.4,20.73,0,863,2660
2,2017-10-08 00:15:00,17.25,280.719,"Sat Oct 07 2017",17.88,19.9,14.64,41.16,21.36,0,863,2661
2,2017-10-08 00:30:00,17.5,280.729,"Sat Oct 07 2017",17.41,19.43,14.67,41.98,21.33,0,863,2662
2,2017-10-08 00:45:00,17.75,280.74,"Sat Oct 07 2017",16.73,18.91,14.69,42.74,21.27,0,863,2663
2,2017-10-08 01:00:00,18,280.75,"Sat Oct 07 2017",16.03,18.65,14.71,42.38,21.85,0,863,2664
2,2017-10-08 01:15:00,18.25,280.76,"Sat Oct 07 2017",15.83,18.45,14.74,42.31,22.35,0,863,2665
2,2017-10-08 01:30:00,18.5,280.771,"Sat Oct 07 2017",15.69,18.32,14.76,42.37,22.39,0,863,2666
2,2017-10-08 01:45:00,18.75,280.781,"Sat Oct 07 2017",15.42,18.31,14.78,42.71,22.18,0,863,2667
2,2017-10-08 02:00:00,19,280.792,"Sat Oct 07 2017",15.89,18.61,14.79,40.62,20.35,0,863,2668
2,2017-10-08 02:15:00,19.25,280.802,"Sat Oct 07 2017",15.84,19.06,14.81,38.75,19.18,0,863,2669
2,2017-10-08 02:30:00,19.5,280.812,"Sat Oct 07 2017",15.8,18.61,14.83,38.93,20.1,0,863,2670
2,2017-10-08 02:45:00,19.75,280.823,"Sat Oct 07 2017",15.73,18.24,14.84,38.45,20.72,0,863,2671
2,2017-10-08 03:00:00,20,280.833,"Sat Oct 07 2017",15.67,18.65,14.86,38.79,20.09,0,863,2672
2,2017-10-08 03:15:00,20.25,280.844,"Sat Oct 07 2017",15.64,18.73,14.88,38.95,19.76,0,863,2673
2,2017-10-08 03:30:00,20.5,280.854,"Sat Oct 07 2017",15.41,18.21,14.89,39.3,20.62,0,863,2674
2,2017-10-08 03:45:00,20.75,280.865,"Sat Oct 07 2017",15.56,17.99,14.91,39.02,21.04,0,863,2675
2,2017-10-08 04:00:00,21,280.875,"Sat Oct 07 2017",15.52,17.87,14.92,38.94,21.97,0,863,2676
2,2017-10-08 04:15:00,21.25,280.885,"Sat Oct 07 2017",15.3,17.33,14.93,41.04,23.8,0,863,2677
2,2017-10-08 04:30:00,21.5,280.896,"Sat Oct 07 2017",14.75,16.78,14.94,43.46,25.06,0,863,2678
2,2017-10-08 04:45:00,21.75,280.906,"Sat Oct 07 2017",14.74,16.43,14.94,43.58,25.66,0,863,2679
2,2017-10-08 05:00:00,22,280.917,"Sat Oct 07 2017",14.54,16.32,14.96,43.87,25.65,0,863,2680
2,2017-10-08 05:15:00,22.25,280.927,"Sat Oct 07 2017",14.28,16.62,14.96,44.45,24.92,0,862,2681
2,2017-10-08 05:30:00,22.5,280.938,"Sat Oct 07 2017",14.42,17.24,14.97,43.73,23.68,0,862,2682
2,2017-10-08 05:45:00,22.75,280.948,"Sat Oct 07 2017",14.77,17.32,14.97,42.78,23.4,0,862,2683
2,2017-10-08 06:00:00,23,280.958,"Sat Oct 07 2017",14.7,18.34,14.98,42.99,20.87,0,863,2684
2,2017-10-08 06:15:00,23.25,280.969,"Sat Oct 07 2017",14.61,17.59,14.98,43.36,22.94,0,862,2685
2,2017-10-08 06:30:00,23.5,280.979,"Sat Oct 07 2017",14.29,17.26,14.98,44.34,23.87,0,862,2686
2,2017-10-08 06:45:00,23.75,280.99,"Sat Oct 07 2017",14.15,17.77,14.98,44.85,21.58,0,862,2687
2,2017-10-08 07:00:00,0,281,"Sun Oct 08 2017",14.68,18.59,14.98,43.09,17.19,0,862,2688
2,2017-10-08 07:15:00,0.25,281.01,"Sun Oct 08 2017",14.68,18.26,14.98,41.86,19.83,0,862,2689
2,2017-10-08 07:30:00,0.5,281.021,"Sun Oct 08 2017",14.48,18.19,14.98,42.59,19.27,0,862,2690
2,2017-10-08 07:45:00,0.75,281.031,"Sun Oct 08 2017",14.16,17.98,14.98,43.41,19.96,0,862,2691
2,2017-10-08 08:00:00,1,281.042,"Sun Oct 08 2017",14.31,18.37,14.97,42.73,17.3,0,862,2692
2,2017-10-08 08:15:00,1.25,281.052,"Sun Oct 08 2017",14.75,18.3,14.97,41.08,18.54,0,862,2693
2,2017-10-08 08:30:00,1.5,281.062,"Sun Oct 08 2017",14.81,18.26,14.97,38.3,19.4,0,862,2694
2,2017-10-08 08:45:00,1.75,281.073,"Sun Oct 08 2017",15.32,18.3,14.96,37.91,19.52,0,862,2695
2,2017-10-08 09:00:00,2,281.083,"Sun Oct 08 2017",15.41,18.27,14.95,37.99,19.7,0,861,2696
2,2017-10-08 09:15:00,2.25,281.094,"Sun Oct 08 2017",15.21,18.14,14.95,38.4,20.44,0,861,2697
2,2017-10-08 09:30:00,2.5,281.104,"Sun Oct 08 2017",14.9,17.82,14.94,39.68,21.2,0,861,2698
2,2017-10-08 09:45:00,2.75,281.115,"Sun Oct 08 2017",14.51,17.63,14.94,41.18,21.49,0,861,2699
2,2017-10-08 10:00:00,3,281.125,"Sun Oct 08 2017",14.17,17.14,14.93,42.57,22.23,0,861,2700
2,2017-10-08 10:15:00,3.25,281.135,"Sun Oct 08 2017",13.93,16.93,14.92,40.93,22.43,0,861,2701
2,2017-10-08 10:30:00,3.5,281.146,"Sun Oct 08 2017",13.81,16.83,14.91,39.43,21.56,0,861,2702
2,2017-10-08 10:45:00,3.75,281.156,"Sun Oct 08 2017",13.71,16.59,14.91,38.42,19.77,0,861,2703
2,2017-10-08 11:00:00,4,281.167,"Sun Oct 08 2017",13.98,16.72,14.9,36.87,19.3,0,861,2704
2,2017-10-08 11:15:00,4.25,281.177,"Sun Oct 08 2017",13.89,16.72,14.89,36.73,20.34,0,861,2705
2,2017-10-08 11:30:00,4.5,281.188,"Sun Oct 08 2017",13.71,16.55,14.88,37.32,21.42,0,861,2706
2,2017-10-08 11:45:00,4.75,281.198,"Sun Oct 08 2017",13.21,15.4,14.86,38.59,20.19,0,861,2707
2,2017-10-08 12:00:00,5,281.208,"Sun Oct 08 2017",13.03,15.15,14.86,36.35,19.21,0,861,2708
2,2017-10-08 12:15:00,5.25,281.219,"Sun Oct 08 2017",12.97,15.43,14.85,35.33,18.09,0,861,2709
2,2017-10-08 12:30:00,5.5,281.229,"Sun Oct 08 2017",13.24,15.42,14.84,33.97,17.47,0,861,2710
2,2017-10-08 12:45:00,5.75,281.24,"Sun Oct 08 2017",13.17,15.9,14.83,33.57,18.08,0,861,2711
2,2017-10-08 13:00:00,6,281.25,"Sun Oct 08 2017",13.37,16.45,14.82,34.38,19.57,0,861,2712
2,2017-10-08 13:15:00,6.25,281.26,"Sun Oct 08 2017",12.78,15.59,14.81,36.68,18.6,0,861,2713
2,2017-10-08 13:30:00,6.5,281.271,"Sun Oct 08 2017",12.3,16.02,14.8,37.2,18.19,0,861,2714
2,2017-10-08 13:45:00,6.75,281.281,"Sun Oct 08 2017",12.44,16.09,14.79,38.06,17.19,0,861,2715
2,2017-10-08 14:00:00,7,281.292,"Sun Oct 08 2017",12.83,15.84,14.78,38.71,17.04,0,861,2716
2,2017-10-08 14:15:00,7.25,281.302,"Sun Oct 08 2017",12.69,15.6,14.76,40.22,17.88,0,861,2717
2,2017-10-08 14:30:00,7.5,281.312,"Sun Oct 08 2017",12.94,15.98,14.76,41.98,17.69,0,861,2718
2,2017-10-08 14:45:00,7.75,281.323,"Sun Oct 08 2017",13.52,16.5,14.74,42.76,17.37,0,861,2719
2,2017-10-08 15:00:00,8,281.333,"Sun Oct 08 2017",14.31,16.73,14.73,39.93,17.33,0,861,2720
2,2017-10-08 15:15:00,8.25,281.344,"Sun Oct 08 2017",15.03,17.85,14.71,40.23,16.74,0,861,2721
2,2017-10-08 15:30:00,8.5,281.354,"Sun Oct 08 2017",15.8,18.84,14.7,39.75,16.81,0,861,2722
2,2017-10-08 15:45:00,8.75,281.365,"Sun Oct 08 2017",16.39,19.26,14.68,37.41,16.14,0,861,2723
2,2017-10-08 16:00:00,9,281.375,"Sun Oct 08 2017",16.74,18.67,14.67,37.65,18.52,0,861,2724
2,2017-10-08 16:15:00,9.25,281.385,"Sun Oct 08 2017",16.46,18.07,14.66,41.59,22.28,0,861,2725
2,2017-10-08 16:30:00,9.5,281.396,"Sun Oct 08 2017",17.23,18.12,14.65,38.31,20.81,0,861,2726
2,2017-10-08 16:45:00,9.75,281.406,"Sun Oct 08 2017",18.29,18.6,14.63,34.16,18.84,0,861,2727
2,2017-10-08 17:00:00,10,281.417,"Sun Oct 08 2017",19.31,18.7,14.62,35.32,19.5,0,861,2728
2,2017-10-08 17:15:00,10.25,281.427,"Sun Oct 08 2017",20.25,18.8,14.61,33.92,19.84,0,861,2729
2,2017-10-08 17:30:00,10.5,281.438,"Sun Oct 08 2017",20.95,18.77,14.6,32.55,20.43,0,861,2730
2,2017-10-08 17:45:00,10.75,281.448,"Sun Oct 08 2017",21.11,18.89,14.59,32.33,20.97,0,861,2731
2,2017-10-08 18:00:00,11,281.458,"Sun Oct 08 2017",20.61,19.33,14.57,33.43,21.51,0,861,2732
2,2017-10-08 18:15:00,11.25,281.469,"Sun Oct 08 2017",21.52,19.5,14.56,33.3,22.5,0,861,2733
2,2017-10-08 18:30:00,11.5,281.479,"Sun Oct 08 2017",21.78,19.75,14.55,33.38,21.93,0,861,2734
2,2017-10-08 18:45:00,11.75,281.49,"Sun Oct 08 2017",21.25,19.58,14.54,34.78,22.44,0,861,2735
2,2017-10-08 19:00:00,12,281.5,"Sun Oct 08 2017",21.48,19.6,14.53,33.04,20.88,0,861,2736
2,2017-10-08 19:15:00,12.25,281.51,"Sun Oct 08 2017",20.97,19.77,14.52,32.68,20.03,0,861,2737
2,2017-10-08 19:30:00,12.5,281.521,"Sun Oct 08 2017",21.17,19.57,14.51,32.7,20.51,0,861,2738
2,2017-10-08 19:45:00,12.75,281.531,"Sun Oct 08 2017",21.84,19.57,14.5,32.16,21.19,0,861,2739
2,2017-10-08 20:00:00,13,281.542,"Sun Oct 08 2017",22.06,19.71,14.49,33.44,22.77,0,861,2740
2,2017-10-08 20:15:00,13.25,281.552,"Sun Oct 08 2017",21.91,19.19,14.49,34.24,24.22,0,861,2741
2,2017-10-08 20:30:00,13.5,281.562,"Sun Oct 08 2017",21.5,19.01,14.49,35.18,24.57,0,860,2742
2,2017-10-08 20:45:00,13.75,281.573,"Sun Oct 08 2017",21.48,19.28,14.49,36.51,24.72,0,860,2743
2,2017-10-08 21:00:00,14,281.583,"Sun Oct 08 2017",21.23,18.93,14.49,35.67,23.51,0,860,2744
2,2017-10-08 21:15:00,14.25,281.594,"Sun Oct 08 2017",21.02,19.04,14.49,35.74,23.7,0,860,2745
2,2017-10-08 21:30:00,14.5,281.604,"Sun Oct 08 2017",21.15,19.05,14.5,35.75,23.42,0,860,2746
2,2017-10-08 21:45:00,14.75,281.615,"Sun Oct 08 2017",20.22,18.62,14.5,37.11,24.57,0,860,2747
2,2017-10-08 22:00:00,15,281.625,"Sun Oct 08 2017",20.3,19.02,14.51,37.27,24.31,0,860,2748
2,2017-10-08 22:15:00,15.25,281.635,"Sun Oct 08 2017",20.42,19.07,14.52,36.7,24.27,0,860,2749
2,2017-10-08 22:30:00,15.5,281.646,"Sun Oct 08 2017",19.54,19.07,14.54,38.89,25.55,0,861,2750
2,2017-10-08 22:45:00,15.75,281.656,"Sun Oct 08 2017",18.83,19.08,14.55,42.28,26.01,0,861,2751
2,2017-10-08 23:00:00,16,281.667,"Sun Oct 08 2017",18.44,19,14.56,42.51,26.13,0,861,2752
2,2017-10-08 23:15:00,16.25,281.677,"Sun Oct 08 2017",18.17,18.93,14.57,42.52,26.51,0,861,2753
2,2017-10-08 23:30:00,16.5,281.688,"Sun Oct 08 2017",17.87,18.79,14.59,44.07,26.68,0,861,2754
2,2017-10-08 23:45:00,16.75,281.698,"Sun Oct 08 2017",17,18.5,14.61,48.23,27.64,0,861,2755
2,2017-10-09,17,281.708,"Sun Oct 08 2017",15.97,17.38,14.63,52.99,29.17,0,861,2756
2,2017-10-09 00:15:00,17.25,281.719,"Sun Oct 08 2017",15.25,16.42,14.65,51.6,28.67,0,861,2757
2,2017-10-09 00:30:00,17.5,281.729,"Sun Oct 08 2017",14.99,15.57,14.67,46.82,28.36,0,861,2758
2,2017-10-09 00:45:00,17.75,281.74,"Sun Oct 08 2017",14.51,14.93,14.68,46.8,28.4,0,861,2759
2,2017-10-09 01:00:00,18,281.75,"Sun Oct 08 2017",13.79,14.3,14.7,47.51,28.43,0,861,2760
2,2017-10-09 01:15:00,18.25,281.76,"Sun Oct 08 2017",13.32,13.82,14.72,45.79,27.46,0,861,2761
2,2017-10-09 01:30:00,18.5,281.771,"Sun Oct 08 2017",12.98,13.44,14.73,43.49,26.28,0,861,2762
2,2017-10-09 01:45:00,18.75,281.781,"Sun Oct 08 2017",12.69,13.15,14.75,42.14,25.34,0,861,2763
2,2017-10-09 02:00:00,19,281.792,"Sun Oct 08 2017",12.37,12.86,14.77,41.52,25.06,0,861,2764
2,2017-10-09 02:15:00,19.25,281.802,"Sun Oct 08 2017",12.14,12.62,14.78,40.72,24.68,0,862,2765
2,2017-10-09 02:30:00,19.5,281.812,"Sun Oct 08 2017",11.88,12.43,14.8,39.85,23.78,0,862,2766
2,2017-10-09 02:45:00,19.75,281.823,"Sun Oct 08 2017",11.66,12.15,14.81,39.05,23.09,0,862,2767
2,2017-10-09 03:00:00,20,281.833,"Sun Oct 08 2017",11.38,11.9,14.83,37.47,21.78,0,862,2768
2,2017-10-09 03:15:00,20.25,281.844,"Sun Oct 08 2017",11.33,11.68,14.84,35.6,20.78,0,862,2769
2,2017-10-09 03:30:00,20.5,281.854,"Sun Oct 08 2017",11.02,11.38,14.85,35.3,20.24,0,862,2770
2,2017-10-09 03:45:00,20.75,281.865,"Sun Oct 08 2017",10.82,11.21,14.87,34.13,19.03,0,862,2771
2,2017-10-09 04:00:00,21,281.875,"Sun Oct 08 2017",10.63,11.15,14.88,33.37,18.35,0,863,2772
2,2017-10-09 04:15:00,21.25,281.885,"Sun Oct 08 2017",10.6,11.03,14.89,33.09,18.54,0,863,2773
2,2017-10-09 04:30:00,21.5,281.896,"Sun Oct 08 2017",10.3,10.75,14.9,33.97,19.09,0,863,2774
2,2017-10-09 04:45:00,21.75,281.906,"Sun Oct 08 2017",10,10.62,14.9,34.89,19.39,0,863,2775
2,2017-10-09 05:00:00,22,281.917,"Sun Oct 08 2017",9.89,10.66,14.91,34.65,19.2,0,863,2776
2,2017-10-09 05:15:00,22.25,281.927,"Sun Oct 08 2017",9.85,10.59,14.91,34.91,19.06,0,863,2777
2,2017-10-09 05:30:00,22.5,281.938,"Sun Oct 08 2017",9.78,10.6,14.92,34.55,18.54,0,863,2778
2,2017-10-09 05:45:00,22.75,281.948,"Sun Oct 08 2017",9.7,10.49,14.93,34.12,18.61,0,863,2779
2,2017-10-09 06:00:00,23,281.958,"Sun Oct 08 2017",9.6,10.6,14.93,34.41,17.87,0,863,2780
2,2017-10-09 06:15:00,23.25,281.969,"Sun Oct 08 2017",9.61,10.7,14.93,33.15,16.23,0,862,2781
2,2017-10-09 06:30:00,23.5,281.979,"Sun Oct 08 2017",9.62,10.8,14.93,31.15,14.71,0,862,2782
2,2017-10-09 06:45:00,23.75,281.99,"Sun Oct 08 2017",9.86,11.03,14.93,28.65,13.18,0,862,2783
2,2017-10-09 07:00:00,0,282,"Mon Oct 09 2017",9.82,10.99,14.93,27.91,12.98,0,862,2784
2,2017-10-09 07:15:00,0.25,282.01,"Mon Oct 09 2017",9.71,10.81,14.92,28.25,13.49,0,862,2785
2,2017-10-09 07:30:00,0.5,282.021,"Mon Oct 09 2017",9.7,10.77,14.92,29.2,14.04,0,862,2786
2,2017-10-09 07:45:00,0.75,282.031,"Mon Oct 09 2017",9.5,10.9,14.92,30.24,14.09,0,863,2787
2,2017-10-09 08:00:00,1,282.042,"Mon Oct 09 2017",9.64,11.09,14.91,29.86,13.89,0,863,2788
2,2017-10-09 08:15:00,1.25,282.052,"Mon Oct 09 2017",9.61,11.15,14.9,29.63,13.65,0,863,2789
2,2017-10-09 08:30:00,1.5,282.062,"Mon Oct 09 2017",9.9,11.06,14.9,28.94,14.04,0,863,2790
2,2017-10-09 08:45:00,1.75,282.073,"Mon Oct 09 2017",9.96,10.69,14.89,29.45,15.03,0,863,2791
2,2017-10-09 09:00:00,2,282.083,"Mon Oct 09 2017",9.79,10.53,14.89,29.89,15.52,0,863,2792
2,2017-10-09 09:15:00,2.25,282.094,"Mon Oct 09 2017",9.66,10.47,14.88,30.54,15.79,0,862,2793
2,2017-10-09 09:30:00,2.5,282.104,"Mon Oct 09 2017",9.51,10.49,14.87,31.03,15.72,0,862,2794
2,2017-10-09 09:45:00,2.75,282.115,"Mon Oct 09 2017",9.29,10.73,14.86,31.42,14.97,0,862,2795
2,2017-10-09 10:00:00,3,282.125,"Mon Oct 09 2017",9.27,10.59,14.85,31.54,15.68,0,862,2796
2,2017-10-09 10:15:00,3.25,282.135,"Mon Oct 09 2017",9.32,10.66,14.85,31.47,15.52,0,862,2797
2,2017-10-09 10:30:00,3.5,282.146,"Mon Oct 09 2017",9.33,10.8,14.83,31.28,14.88,0,862,2798
2,2017-10-09 10:45:00,3.75,282.156,"Mon Oct 09 2017",9.15,10.95,14.82,31.45,14.6,0,862,2799
2,2017-10-09 11:00:00,4,282.167,"Mon Oct 09 2017",9.25,11.04,14.81,31.08,14.45,0,862,2800
2,2017-10-09 11:15:00,4.25,282.177,"Mon Oct 09 2017",9.28,11.08,14.79,31.22,14.51,0,862,2801
2,2017-10-09 11:30:00,4.5,282.188,"Mon Oct 09 2017",9.21,11.11,14.78,31.46,14.35,0,862,2802
2,2017-10-09 11:45:00,4.75,282.198,"Mon Oct 09 2017",9.2,11.23,14.77,31.18,14.15,0,862,2803
2,2017-10-09 12:00:00,5,282.208,"Mon Oct 09 2017",9.21,11.21,14.76,31.2,14.12,0,862,2804
2,2017-10-09 12:15:00,5.25,282.219,"Mon Oct 09 2017",9.35,11.43,14.74,30.42,13.65,0,862,2805
2,2017-10-09 12:30:00,5.5,282.229,"Mon Oct 09 2017",9.55,11.57,14.73,29.78,13.45,0,862,2806
2,2017-10-09 12:45:00,5.75,282.24,"Mon Oct 09 2017",9.55,11.52,14.72,29.67,13.52,0,863,2807
2,2017-10-09 13:00:00,6,282.25,"Mon Oct 09 2017",9.54,11.42,14.7,30.11,13.7,0,863,2808
2,2017-10-09 13:15:00,6.25,282.26,"Mon Oct 09 2017",9.34,11.53,14.69,31.25,13.61,0,863,2809
2,2017-10-09 13:30:00,6.5,282.271,"Mon Oct 09 2017",9.45,11.47,14.68,31.03,13.89,0,863,2810
2,2017-10-09 13:45:00,6.75,282.281,"Mon Oct 09 2017",9.43,11.45,14.67,31.64,14.1,0,863,2811
2,2017-10-09 14:00:00,7,282.292,"Mon Oct 09 2017",9.5,11.61,14.65,32.27,14.09,0,863,2812
2,2017-10-09 14:15:00,7.25,282.302,"Mon Oct 09 2017",9.59,11.94,14.63,33.37,13.97,0,864,2813
2,2017-10-09 14:30:00,7.5,282.312,"Mon Oct 09 2017",9.97,12.2,14.62,34.64,14.09,0,864,2814
2,2017-10-09 14:45:00,7.75,282.323,"Mon Oct 09 2017",10.29,12.47,14.6,35.82,14.47,0,864,2815
2,2017-10-09 15:00:00,8,282.333,"Mon Oct 09 2017",10.87,12.86,14.58,35.03,14.2,0,864,2816
2,2017-10-09 15:15:00,8.25,282.344,"Mon Oct 09 2017",11.55,13.41,14.57,35.09,13.86,0,864,2817
2,2017-10-09 15:30:00,8.5,282.354,"Mon Oct 09 2017",12.13,13.99,14.55,35.08,13.91,0,865,2818
2,2017-10-09 15:45:00,8.75,282.365,"Mon Oct 09 2017",12.74,14.51,14.54,32.49,13.55,0,865,2819
2,2017-10-09 16:00:00,9,282.375,"Mon Oct 09 2017",13.49,15.07,14.53,31.4,13.71,0,865,2820
2,2017-10-09 16:15:00,9.25,282.385,"Mon Oct 09 2017",13.43,15.91,14.51,32.24,13.7,0,865,2821
2,2017-10-09 16:30:00,9.5,282.396,"Mon Oct 09 2017",14.35,16.51,14.49,29.26,12.94,0,865,2822
2,2017-10-09 16:45:00,9.75,282.406,"Mon Oct 09 2017",15.8,17.27,14.47,27.09,12.32,0,865,2823
2,2017-10-09 17:00:00,10,282.417,"Mon Oct 09 2017",17.48,17.2,14.46,23.45,12.18,0,865,2824
2,2017-10-09 17:15:00,10.25,282.427,"Mon Oct 09 2017",18.72,17.35,14.44,19.24,10.82,0,865,2825
2,2017-10-09 17:30:00,10.5,282.438,"Mon Oct 09 2017",19.6,17.57,14.42,19.04,10.91,0,865,2826
2,2017-10-09 17:45:00,10.75,282.448,"Mon Oct 09 2017",19.48,17.9,14.41,17.69,10.01,0,865,2827
2,2017-10-09 18:00:00,11,282.458,"Mon Oct 09 2017",19.58,18.48,14.4,20.25,11,0,865,2828
2,2017-10-09 18:15:00,11.25,282.469,"Mon Oct 09 2017",20.65,18.72,14.38,17.67,10.33,0,865,2829
2,2017-10-09 18:30:00,11.5,282.479,"Mon Oct 09 2017",21,18.52,14.36,18.89,10.95,0,865,2830
2,2017-10-09 18:45:00,11.75,282.49,"Mon Oct 09 2017",20.23,18.76,14.34,20.93,11.35,0,865,2831
2,2017-10-09 19:00:00,12,282.5,"Mon Oct 09 2017",20.85,19.11,14.33,19.05,11.18,0,865,2832
2,2017-10-09 19:15:00,12.25,282.51,"Mon Oct 09 2017",21.02,19.05,14.31,21.62,12.42,0,865,2833
2,2017-10-09 19:30:00,12.5,282.521,"Mon Oct 09 2017",20.43,19.06,14.3,24.74,14.22,0,865,2834
2,2017-10-09 19:45:00,12.75,282.531,"Mon Oct 09 2017",21.06,18.95,14.28,24.93,14.49,0,865,2835
2,2017-10-09 20:00:00,13,282.542,"Mon Oct 09 2017",21.54,19.3,14.28,26.24,15.18,0,865,2836
2,2017-10-09 20:15:00,13.25,282.552,"Mon Oct 09 2017",21.46,19.39,14.27,25.53,15.43,0,865,2837
2,2017-10-09 20:30:00,13.5,282.562,"Mon Oct 09 2017",21.74,19.17,14.27,26.45,15.76,0,865,2838
2,2017-10-09 20:45:00,13.75,282.573,"Mon Oct 09 2017",21.52,19.18,14.26,26.47,15.86,0,865,2839
2,2017-10-09 21:00:00,14,282.583,"Mon Oct 09 2017",21.35,19.03,14.26,27.54,17.02,0,865,2840
2,2017-10-09 21:15:00,14.25,282.594,"Mon Oct 09 2017",20.73,18.64,14.27,29.98,19.29,0,865,2841
2,2017-10-09 21:30:00,14.5,282.604,"Mon Oct 09 2017",20.54,18.52,14.27,31.16,20.27,0,865,2842
2,2017-10-09 21:45:00,14.75,282.615,"Mon Oct 09 2017",19.76,18.08,14.27,31.75,20.94,0,865,2843
2,2017-10-09 22:00:00,15,282.625,"Mon Oct 09 2017",19.3,17.81,14.28,33.73,21.99,0,865,2844
2,2017-10-09 22:15:00,15.25,282.635,"Mon Oct 09 2017",19.03,17.45,14.26,34.01,22.65,0,865,2845
2,2017-10-09 22:30:00,15.5,282.646,"Mon Oct 09 2017",18.25,17.67,14.29,37.43,23.24,0,865,2846
2,2017-10-09 22:45:00,15.75,282.656,"Mon Oct 09 2017",17.55,17.49,14.31,38.74,23.57,0,865,2847
2,2017-10-09 23:00:00,16,282.667,"Mon Oct 09 2017",17.19,17.23,14.31,38.22,23.75,0,865,2848
2,2017-10-09 23:15:00,16.25,282.677,"Mon Oct 09 2017",16.88,17.2,14.32,39.42,23.88,0,865,2849
2,2017-10-09 23:30:00,16.5,282.688,"Mon Oct 09 2017",16.53,17.28,14.34,40.83,24.34,0,865,2850
2,2017-10-09 23:45:00,16.75,282.698,"Mon Oct 09 2017",15.99,17.25,14.36,42.64,25.22,0,865,2851
2,2017-10-10,17,282.708,"Mon Oct 09 2017",15.45,16.9,14.37,45.34,26.34,0,865,2852
2,2017-10-10 00:15:00,17.25,282.719,"Mon Oct 09 2017",14.95,16.43,14.39,48.11,27.83,0,865,2853
2,2017-10-10 00:30:00,17.5,282.729,"Mon Oct 09 2017",14.35,15.72,14.4,50.05,28.87,0,865,2854
2,2017-10-10 00:45:00,17.75,282.74,"Mon Oct 09 2017",13.61,14.98,14.42,51.8,28.84,0,865,2855
2,2017-10-10 01:00:00,18,282.75,"Mon Oct 09 2017",12.92,14.86,14.43,51.65,28.84,0,866,2856
2,2017-10-10 01:15:00,18.25,282.76,"Mon Oct 09 2017",12.72,14.82,14.44,50.79,29.35,0,866,2857
2,2017-10-10 01:30:00,18.5,282.771,"Mon Oct 09 2017",12.33,14.57,14.46,52.43,30,0,866,2858
2,2017-10-10 01:45:00,18.75,282.781,"Mon Oct 09 2017",12.31,14.44,14.48,52.23,30.38,0,866,2859
2,2017-10-10 02:00:00,19,282.792,"Mon Oct 09 2017",12.46,14.32,14.49,51.55,30.89,0,866,2860
2,2017-10-10 02:15:00,19.25,282.802,"Mon Oct 09 2017",12.56,14.03,14.5,51.55,32.13,0,866,2861
2,2017-10-10 02:30:00,19.5,282.812,"Mon Oct 09 2017",12.58,13.99,14.52,52.47,32.3,0,866,2862
2,2017-10-10 02:45:00,19.75,282.823,"Mon Oct 09 2017",12.33,13.99,14.53,53.12,32.34,0,866,2863
2,2017-10-10 03:00:00,20,282.833,"Mon Oct 09 2017",11.54,13.64,14.54,56.43,33.04,0,866,2864
2,2017-10-10 03:15:00,20.25,282.844,"Mon Oct 09 2017",10.58,13.4,14.56,59.25,33.39,0,866,2865
2,2017-10-10 03:30:00,20.5,282.854,"Mon Oct 09 2017",10.9,13.94,14.57,57.65,32.98,0,866,2866
2,2017-10-10 03:45:00,20.75,282.865,"Mon Oct 09 2017",11.47,13.85,14.57,56.98,33.9,0,866,2867
2,2017-10-10 04:00:00,21,282.875,"Mon Oct 09 2017",11.78,13.83,14.59,56.84,34.08,0,866,2868
2,2017-10-10 04:15:00,21.25,282.885,"Mon Oct 09 2017",11.78,13.43,14.6,57,34.96,0,866,2869
2,2017-10-10 04:30:00,21.5,282.896,"Mon Oct 09 2017",11.52,13.44,14.61,56.94,33.44,0,866,2870
2,2017-10-10 04:45:00,21.75,282.906,"Mon Oct 09 2017",11.57,13.4,14.61,56.15,34.06,0,866,2871
2,2017-10-10 05:00:00,22,282.917,"Mon Oct 09 2017",11.43,13.36,14.61,56.35,32.92,0,866,2872
2,2017-10-10 05:15:00,22.25,282.927,"Mon Oct 09 2017",11.38,13.27,14.62,55.45,32.75,0,866,2873
2,2017-10-10 05:30:00,22.5,282.938,"Mon Oct 09 2017",11.07,13.11,14.62,54.95,29.67,0,866,2874
2,2017-10-10 05:45:00,22.75,282.948,"Mon Oct 09 2017",11.18,13.16,14.62,50.19,26.59,0,866,2875
2,2017-10-10 06:00:00,23,282.958,"Mon Oct 09 2017",11.11,13.09,14.62,46.92,25.51,0,866,2876
2,2017-10-10 06:15:00,23.25,282.969,"Mon Oct 09 2017",11.07,13.13,14.62,43.55,24.02,0,866,2877
2,2017-10-10 06:30:00,23.5,282.979,"Mon Oct 09 2017",11.38,13.13,14.62,41.04,23.64,0,867,2878
2,2017-10-10 06:45:00,23.75,282.99,"Mon Oct 09 2017",11.35,12.99,14.62,40.65,23.87,0,867,2879
2,2017-10-10 07:00:00,0,283,"Tue Oct 10 2017",10.98,13.06,14.62,41.95,23,0,867,2880
2,2017-10-10 07:15:00,0.25,283.01,"Tue Oct 10 2017",10.92,13.28,14.61,41.5,22,0,866,2881
2,2017-10-10 07:30:00,0.5,283.021,"Tue Oct 10 2017",11.02,13.25,14.61,40.52,21.72,0,866,2882
2,2017-10-10 07:45:00,0.75,283.031,"Tue Oct 10 2017",10.84,13.1,14.61,40.34,22.19,0,867,2883
2,2017-10-10 08:00:00,1,283.042,"Tue Oct 10 2017",10.71,12.78,14.6,41.88,23.73,0,867,2884
2,2017-10-10 08:15:00,1.25,283.052,"Tue Oct 10 2017",10.54,12.78,14.59,43.29,23.86,0,867,2885
2,2017-10-10 08:30:00,1.5,283.062,"Tue Oct 10 2017",10.17,12.86,14.59,44.42,23.74,0,866,2886
2,2017-10-10 08:45:00,1.75,283.073,"Tue Oct 10 2017",9.99,12.68,14.58,44.85,24.22,0,866,2887
2,2017-10-10 09:00:00,2,283.083,"Tue Oct 10 2017",9.89,12.37,14.57,45.81,25.18,0,866,2888
2,2017-10-10 09:15:00,2.25,283.094,"Tue Oct 10 2017",9.88,12.1,14.56,46.07,25.83,0,866,2889
2,2017-10-10 09:30:00,2.5,283.104,"Tue Oct 10 2017",9.98,12.25,14.55,45.35,25.39,0,866,2890
2,2017-10-10 09:45:00,2.75,283.115,"Tue Oct 10 2017",10.25,12.06,14.54,44.53,26.15,0,866,2891
2,2017-10-10 10:00:00,3,283.125,"Tue Oct 10 2017",10.14,11.79,14.53,45.39,26.87,0,866,2892
2,2017-10-10 10:15:00,3.25,283.135,"Tue Oct 10 2017",10.06,11.55,14.52,45.77,27.34,0,866,2893
2,2017-10-10 10:30:00,3.5,283.146,"Tue Oct 10 2017",9.95,11.48,14.52,45.9,27.28,0,866,2894
2,2017-10-10 10:45:00,3.75,283.156,"Tue Oct 10 2017",9.97,11.66,14.5,45.49,26.66,0,866,2895
2,2017-10-10 11:00:00,4,283.167,"Tue Oct 10 2017",9.89,11.5,14.49,45.6,26.76,0,866,2896
2,2017-10-10 11:15:00,4.25,283.177,"Tue Oct 10 2017",9.6,11.48,14.48,46.21,26.55,0,866,2897
2,2017-10-10 11:30:00,4.5,283.188,"Tue Oct 10 2017",9.33,11.68,14.47,46.94,25.84,0,866,2898
2,2017-10-10 11:45:00,4.75,283.198,"Tue Oct 10 2017",9.17,11.92,14.46,47.24,25.05,0,866,2899
2,2017-10-10 12:00:00,5,283.208,"Tue Oct 10 2017",9.17,12.66,14.44,46.85,23.39,0,866,2900
2,2017-10-10 12:15:00,5.25,283.219,"Tue Oct 10 2017",9.3,13.04,14.43,46.32,22.69,0,866,2901
2,2017-10-10 12:30:00,5.5,283.229,"Tue Oct 10 2017",9.73,13.01,14.41,44.03,22.73,0,866,2902
2,2017-10-10 12:45:00,5.75,283.24,"Tue Oct 10 2017",10.58,13.11,14.39,41.3,22.57,0,866,2903
2,2017-10-10 13:00:00,6,283.25,"Tue Oct 10 2017",10.86,12.99,14.38,40.63,22.96,0,866,2904
2,2017-10-10 13:15:00,6.25,283.26,"Tue Oct 10 2017",11.09,13.06,14.37,40.27,23.02,0,866,2905
2,2017-10-10 13:30:00,6.5,283.271,"Tue Oct 10 2017",11.28,13.23,14.36,40.28,22.96,0,866,2906
2,2017-10-10 13:45:00,6.75,283.281,"Tue Oct 10 2017",11.2,13.52,14.34,41.47,23.91,0,866,2907
2,2017-10-10 14:00:00,7,283.292,"Tue Oct 10 2017",11.55,13.66,14.33,43.21,25.23,0,866,2908
2,2017-10-10 14:15:00,7.25,283.302,"Tue Oct 10 2017",11.85,13.91,14.31,44.78,25.37,0,866,2909
2,2017-10-10 14:30:00,7.5,283.312,"Tue Oct 10 2017",12.13,14.18,14.3,45.34,25.42,0,866,2910
2,2017-10-10 14:45:00,7.75,283.323,"Tue Oct 10 2017",12.3,14.49,14.28,46.89,24.77,0,866,2911
2,2017-10-10 15:00:00,8,283.333,"Tue Oct 10 2017",12.43,15.05,14.27,46.03,22.67,0,866,2912
2,2017-10-10 15:15:00,8.25,283.344,"Tue Oct 10 2017",13.14,15.32,14.26,42.88,21.86,0,866,2913
2,2017-10-10 15:30:00,8.5,283.354,"Tue Oct 10 2017",13.62,15.69,14.25,41.94,21.76,0,866,2914
2,2017-10-10 15:45:00,8.75,283.365,"Tue Oct 10 2017",14.16,16.19,14.23,41.55,21.86,0,866,2915
2,2017-10-10 16:00:00,9,283.375,"Tue Oct 10 2017",14.83,16.27,14.21,40,21.36,0,866,2916
2,2017-10-10 16:15:00,9.25,283.385,"Tue Oct 10 2017",15.48,16.29,14.2,37.71,21,0,866,2917
2,2017-10-10 16:30:00,9.5,283.396,"Tue Oct 10 2017",15.84,16.18,14.18,36.62,19.28,0,866,2918
2,2017-10-10 16:45:00,9.75,283.406,"Tue Oct 10 2017",16.3,16.22,14.16,32.82,18.64,0,866,2919
2,2017-10-10 17:00:00,10,283.417,"Tue Oct 10 2017",17.1,16.35,14.15,32.27,18.59,0,866,2920
2,2017-10-10 17:15:00,10.25,283.427,"Tue Oct 10 2017",17.74,16.4,14.13,29.03,16.55,0,866,2921
2,2017-10-10 17:30:00,10.5,283.438,"Tue Oct 10 2017",17.93,16.24,14.12,28.19,15.78,0,866,2922
2,2017-10-10 17:45:00,10.75,283.448,"Tue Oct 10 2017",17.85,16.4,14.11,28.37,15.79,0,866,2923
2,2017-10-10 18:00:00,11,283.458,"Tue Oct 10 2017",18.25,16.95,14.1,28.33,16.16,0,866,2924
2,2017-10-10 18:15:00,11.25,283.469,"Tue Oct 10 2017",18.64,16.98,14.09,27.94,16.04,0,866,2925
2,2017-10-10 18:30:00,11.5,283.479,"Tue Oct 10 2017",19.02,17.33,14.08,27.22,15.21,0,865,2926
2,2017-10-10 18:45:00,11.75,283.49,"Tue Oct 10 2017",19.01,17.28,14.06,26.12,14.6,0,865,2927
2,2017-10-10 19:00:00,12,283.5,"Tue Oct 10 2017",19.04,17.44,14.05,26.1,14.7,0,865,2928
2,2017-10-10 19:15:00,12.25,283.51,"Tue Oct 10 2017",19.08,17.53,14.05,27.11,14.79,0,865,2929
2,2017-10-10 19:30:00,12.5,283.521,"Tue Oct 10 2017",19.26,17.54,14.03,26.15,14.88,0,865,2930
2,2017-10-10 19:45:00,12.75,283.531,"Tue Oct 10 2017",19.88,17.87,14.02,25.21,14.57,0,865,2931
2,2017-10-10 20:00:00,13,283.542,"Tue Oct 10 2017",20.35,18.03,14.01,24.13,13.67,0,865,2932
2,2017-10-10 20:15:00,13.25,283.552,"Tue Oct 10 2017",20.41,18.07,14.02,23.06,13.55,0,865,2933
2,2017-10-10 20:30:00,13.5,283.562,"Tue Oct 10 2017",20.23,18.01,14.01,23.79,13.64,0,864,2934
2,2017-10-10 20:45:00,13.75,283.573,"Tue Oct 10 2017",19.91,17.94,14,23.59,13.65,0,864,2935
2,2017-10-10 21:00:00,14,283.583,"Tue Oct 10 2017",19.59,17.85,14,24.91,14.19,0,864,2936
2,2017-10-10 21:15:00,14.25,283.594,"Tue Oct 10 2017",19.64,17.9,14,26.33,15.16,0,864,2937
2,2017-10-10 21:30:00,14.5,283.604,"Tue Oct 10 2017",19.87,18.04,14.01,26.23,14.98,0,864,2938
2,2017-10-10 21:45:00,14.75,283.615,"Tue Oct 10 2017",19.36,17.87,14.02,26.19,14.88,0,864,2939
2,2017-10-10 22:00:00,15,283.625,"Tue Oct 10 2017",19.07,17.93,14.02,28.19,15.31,0,864,2940
2,2017-10-10 22:15:00,15.25,283.635,"Tue Oct 10 2017",18.6,17.62,14.04,28.23,15.58,0,864,2941
2,2017-10-10 22:30:00,15.5,283.646,"Tue Oct 10 2017",17.87,17.3,14.04,28.21,15.37,0,864,2942
2,2017-10-10 22:45:00,15.75,283.656,"Tue Oct 10 2017",17.43,17.3,14.05,29.99,15.8,0,864,2943
2,2017-10-10 23:00:00,16,283.667,"Tue Oct 10 2017",16.91,16.78,14.06,31.22,17.06,0,864,2944
2,2017-10-10 23:15:00,16.25,283.677,"Tue Oct 10 2017",16.29,16.34,14.07,33.39,17.79,0,864,2945
2,2017-10-10 23:30:00,16.5,283.688,"Tue Oct 10 2017",15.85,15.97,14.09,33.72,18.3,0,864,2946
2,2017-10-10 23:45:00,16.75,283.698,"Tue Oct 10 2017",15.32,15.61,14.1,34.58,19,0,864,2947
2,2017-10-11,17,283.708,"Tue Oct 10 2017",14.91,15.39,14.12,36.27,19.63,0,864,2948
2,2017-10-11 00:15:00,17.25,283.719,"Tue Oct 10 2017",14.28,15.16,14.12,37.29,20.08,0,864,2949
2,2017-10-11 00:30:00,17.5,283.729,"Tue Oct 10 2017",13.63,14.96,14.14,38.15,20.41,0,864,2950
2,2017-10-11 00:45:00,17.75,283.74,"Tue Oct 10 2017",13.39,14.69,14.16,37.28,20.39,0,864,2951
2,2017-10-11 01:00:00,18,283.75,"Tue Oct 10 2017",13,14.67,14.17,37.48,20.31,0,864,2952
2,2017-10-11 01:15:00,18.25,283.76,"Tue Oct 10 2017",12.68,14.68,14.18,37.59,20.41,0,864,2953
2,2017-10-11 01:30:00,18.5,283.771,"Tue Oct 10 2017",12.6,14.66,14.2,37.52,20.69,0,864,2954
2,2017-10-11 01:45:00,18.75,283.781,"Tue Oct 10 2017",12.31,14.59,14.21,38.68,20.92,0,864,2955
2,2017-10-11 02:00:00,19,283.792,"Tue Oct 10 2017",12.02,14.58,14.22,38.95,21.03,0,864,2956
2,2017-10-11 02:15:00,19.25,283.802,"Tue Oct 10 2017",11.88,14.49,14.24,39.47,21.26,0,864,2957
2,2017-10-11 02:30:00,19.5,283.812,"Tue Oct 10 2017",11.73,14.24,14.25,40.04,22.43,0,864,2958
2,2017-10-11 02:45:00,19.75,283.823,"Tue Oct 10 2017",11.98,14.12,14.27,40.11,23.02,0,863,2959
2,2017-10-11 03:00:00,20,283.833,"Tue Oct 10 2017",11.76,14.05,14.28,41.28,23.2,0,864,2960
2,2017-10-11 03:15:00,20.25,283.844,"Tue Oct 10 2017",11.71,13.93,14.29,41.23,23.25,0,864,2961
2,2017-10-11 03:30:00,20.5,283.854,"Tue Oct 10 2017",11.92,13.89,14.3,40.17,23.23,0,863,2962
2,2017-10-11 03:45:00,20.75,283.865,"Tue Oct 10 2017",11.76,13.65,14.32,41.21,23.71,0,863,2963
2,2017-10-11 04:00:00,21,283.875,"Tue Oct 10 2017",11.39,13.43,14.32,42.09,23.71,0,863,2964
2,2017-10-11 04:15:00,21.25,283.885,"Tue Oct 10 2017",11.74,13.79,14.33,40.23,23.05,0,863,2965
2,2017-10-11 04:30:00,21.5,283.896,"Tue Oct 10 2017",11.93,13.76,14.34,39.68,22.9,0,863,2966
2,2017-10-11 04:45:00,21.75,283.906,"Tue Oct 10 2017",11.78,13.8,14.35,40.02,23.03,0,863,2967
2,2017-10-11 05:00:00,22,283.917,"Tue Oct 10 2017",11.48,13.74,14.35,40.64,22.71,0,863,2968
2,2017-10-11 05:15:00,22.25,283.927,"Tue Oct 10 2017",11.48,13.69,14.36,40.41,22.31,0,863,2969
2,2017-10-11 05:30:00,22.5,283.938,"Tue Oct 10 2017",11.53,13.62,14.36,39.98,21.68,0,863,2970
2,2017-10-11 05:45:00,22.75,283.948,"Tue Oct 10 2017",11.43,13.56,14.36,39.6,21.72,0,863,2971
2,2017-10-11 06:00:00,23,283.958,"Tue Oct 10 2017",11.58,13.53,14.36,39.03,22.56,0,863,2972
2,2017-10-11 06:15:00,23.25,283.969,"Tue Oct 10 2017",11.46,13.4,14.36,40.12,22.76,0,863,2973
2,2017-10-11 06:30:00,23.5,283.979,"Tue Oct 10 2017",11.14,13.18,14.36,40.22,22.2,0,863,2974
2,2017-10-11 06:45:00,23.75,283.99,"Tue Oct 10 2017",11.06,13.09,14.36,39.78,22.43,0,863,2975
2,2017-10-11 07:00:00,0,284,"Wed Oct 11 2017",11.16,13.24,14.36,39.48,22.78,0,863,2976
